mtllib building-type-f.mtl
g building-type-f
v 0.256 0.45 0.64495
v -0.144 0.45 0.64495
v 0.256 0.8 0.64495
v -0.144 0.8 0.64495
v 0.256 0.4 -0.15505
v 0.256 0.4 0.24495
v -0.144 0.4 -0.15505
v -0.144 0.4 0.24495
v -0.544 0.8 0.24495
v -0.544 0.8 0.64495
v -0.544 1.1 0.24495
v 0.256 0.8 -0.55505
v 0.656 0.8 -0.55505
v 0.256 1.1 -0.55505
v 0.256 0.8 -0.55505
v -0.144 0.8 -0.55505
v 0.256 1.1 -0.55505
v 0.656 0.8 0.64495
v 0.656 0.8 0.24495
v 0.256 0.8 0.64495
v 0.256 0.8 0.24495
v -0.544 1.1 0.24495
v -0.544 0.8 -0.15505
v -0.544 0.8 0.24495
v -0.494 0.93575 -0.13305
v -0.494 0.854 -0.13305
v -0.494 0.93575 -0.024054
v -0.194 0.854 -0.13305
v -0.194 0.93575 -0.13305
v -0.194 0.93575 -0.024054
v -0.344 1.0475 -0.13305
v -0.344 0.99762 -0.13305
v -0.234 0.91567 -0.13305
v -0.454 0.91567 -0.13305
v -0.454 0.894 -0.13305
v -0.234 0.894 -0.13305
v 0.656 0.05 -0.55505
v 0.656 0.4 -0.55505
v 0.656 0.05 -0.15505
v 0.656 0.4 -0.15505
v 0.306 0.28 -0.55505
v 0.306 0.12 -0.55505
v 0.256 0.4 -0.55505
v 0.326 0.3 -0.55505
v 0.256 0.05 -0.55505
v 0.326 0.1 -0.55505
v 0.586 0.1 -0.55505
v 0.606 0.12 -0.55505
v 0.586 0.3 -0.55505
v 0.606 0.28 -0.55505
v 0.656 0.05 0.64495
v 0.656 0.4 0.64495
v 0.656 0.05 0.24495
v 0.656 0.4 0.24495
v 0.306 0.28 0.64495
v 0.306 0.12 0.64495
v 0.256 0.4 0.64495
v 0.326 0.3 0.64495
v 0.256 0.05 0.64495
v 0.326 0.1 0.64495
v 0.586 0.1 0.64495
v 0.606 0.12 0.64495
v 0.586 0.3 0.64495
v 0.606 0.28 0.64495
v 0.656 0.28 -0.10505
v 0.656 0.12 -0.10505
v 0.656 0.4 -0.15505
v 0.656 0.3 -0.085054
v 0.656 0.05 -0.15505
v 0.656 0.1 -0.085054
v 0.656 0.1 0.17495
v 0.656 0.05 0.24495
v 0.656 0.12 0.19495
v 0.656 0.4 0.24495
v 0.656 0.3 0.17495
v 0.656 0.28 0.19495
v 0.256 0.05 0.64495
v 0.156 0.05 0.64495
v 0.256 0.4 0.64495
v 0.156 0.28 0.64495
v 0.136 0.3 0.64495
v -0.024 0.3 0.64495
v -0.144 0.4 0.64495
v -0.044 0.28 0.64495
v -0.144 0.05 0.64495
v -0.044 0.05 0.64495
v -0.544 0.05 0.64495
v -0.544 0.4 0.64495
v -0.544 0.05 0.24495
v -0.544 0.4 0.24495
v -0.194 0.28 0.64495
v -0.194 0.12 0.64495
v -0.144 0.4 0.64495
v -0.214 0.3 0.64495
v -0.144 0.05 0.64495
v -0.214 0.1 0.64495
v -0.474 0.1 0.64495
v -0.494 0.12 0.64495
v -0.474 0.3 0.64495
v -0.494 0.28 0.64495
v -0.544 0.45 0.64495
v -0.544 0.8 0.64495
v -0.144 0.45 0.64495
v -0.144 0.8 0.64495
v -0.544 0.68 0.29495
v -0.544 0.52 0.29495
v -0.544 0.8 0.24495
v -0.544 0.7 0.31495
v -0.544 0.45 0.24495
v -0.544 0.5 0.31495
v -0.544 0.5 0.57495
v -0.544 0.52 0.59495
v -0.544 0.7 0.57495
v -0.544 0.68 0.59495
v -0.544 0.45 -0.15505
v -0.544 0.8 -0.15505
v -0.144 0.45 -0.15505
v -0.144 0.8 -0.15505
v -0.544 0.68 0.19495
v -0.544 0.52 0.19495
v -0.544 0.8 0.24495
v -0.544 0.7 0.17495
v -0.544 0.45 0.24495
v -0.544 0.5 0.17495
v -0.544 0.5 -0.085054
v -0.544 0.52 -0.10505
v -0.544 0.7 -0.085054
v -0.544 0.68 -0.10505
v 0.656 0.45 -0.55505
v 0.656 0.8 -0.55505
v 0.656 0.45 -0.15505
v 0.656 0.8 -0.15505
v 0.306 0.68 -0.55505
v 0.306 0.52 -0.55505
v 0.256 0.8 -0.55505
v 0.326 0.7 -0.55505
v 0.256 0.45 -0.55505
v 0.326 0.5 -0.55505
v 0.586 0.5 -0.55505
v 0.606 0.52 -0.55505
v 0.586 0.7 -0.55505
v 0.606 0.68 -0.55505
v -0.144 0.45 -0.55505
v -0.144 0.8 -0.55505
v -0.144 0.45 -0.15505
v -0.144 0.8 -0.15505
v 0.206 0.68 -0.55505
v 0.206 0.52 -0.55505
v 0.256 0.8 -0.55505
v 0.186 0.7 -0.55505
v 0.256 0.45 -0.55505
v 0.186 0.5 -0.55505
v -0.074 0.5 -0.55505
v -0.094 0.52 -0.55505
v -0.074 0.7 -0.55505
v -0.094 0.68 -0.55505
v -0.144 0.4 -0.55505
v -0.144 0.05 -0.55505
v -0.144 0.05 -0.15505
v 0.256 0.05 -0.55505
v 0.156 0.05 -0.55505
v 0.256 0.4 -0.55505
v 0.156 0.28 -0.55505
v 0.136 0.3 -0.55505
v -0.024 0.3 -0.55505
v -0.044 0.28 -0.55505
v -0.044 0.05 -0.55505
v -0.544 0.05 -0.15505
v -0.544 0.4 -0.15505
v -0.544 0.05 0.24495
v -0.544 0.4 0.24495
v -0.504 0.05 -0.15505
v -0.504 0.28 -0.15505
v -0.484 0.3 -0.15505
v -0.204 0.3 -0.15505
v -0.144 0.4 -0.15505
v -0.184 0.28 -0.15505
v -0.144 0.05 -0.15505
v -0.184 0.05 -0.15505
v 0.656 0.68 0.19495
v 0.656 0.52 0.19495
v 0.656 0.8 0.24495
v 0.656 0.7 0.17495
v 0.656 0.45 0.24495
v 0.656 0.5 0.17495
v 0.656 0.5 -0.085054
v 0.656 0.45 -0.15505
v 0.656 0.52 -0.10505
v 0.656 0.8 -0.15505
v 0.656 0.7 -0.085054
v 0.656 0.68 -0.10505
v 0.656 0.45 0.64495
v 0.656 0.8 0.64495
v 0.656 0.45 0.24495
v 0.656 0.8 0.24495
v 0.306 0.68 0.64495
v 0.306 0.52 0.64495
v 0.256 0.8 0.64495
v 0.326 0.7 0.64495
v 0.256 0.45 0.64495
v 0.326 0.5 0.64495
v 0.586 0.5 0.64495
v 0.606 0.52 0.64495
v 0.586 0.7 0.64495
v 0.606 0.68 0.64495
v -0.144 0.4 0.66495
v 0.256 0.4 0.66495
v -0.144 0.4 0.24495
v 0.256 0.45 0.66495
v -0.144 0.45 0.66495
v 0.256 2.8638e-16 0.24495
v 0.256 2.8638e-16 -0.15505
v -0.144 2.8137e-16 0.24495
v -0.144 2.8638e-16 -0.15505
v 0.027511 0.98088 -0.24088
v 0.018871 0.98088 -0.22002
v 0.042261 1.0104 -0.24088
v 0.029301 1.0104 -0.20959
v -0.031489 0.98088 -0.24088
v -0.046239 1.0104 -0.24088
v -0.022848 0.98088 -0.22002
v -0.033278 1.0104 -0.20959
v 0.018871 0.92188 -0.22002
v -0.0019888 0.92188 -0.21138
v -0.0019888 0.98088 -0.21138
v 0.029301 1.0104 -0.27217
v 0.018871 0.98088 -0.26174
v -0.0019888 1.0104 -0.19663
v -0.0019888 0.98088 -0.27038
v -0.0019888 1.0104 -0.28513
v -0.022848 0.98088 -0.26174
v -0.033278 1.0104 -0.27217
v 0.027511 1.0399 -0.24088
v 0.018871 1.0399 -0.22002
v -0.022848 0.92188 -0.22002
v -0.022848 0.92188 -0.26174
v -0.0019888 0.92188 -0.27038
v -0.031489 0.92188 -0.24088
v -0.022848 1.0399 -0.26174
v -0.0019888 1.0399 -0.27038
v 0.018871 1.0399 -0.26174
v -0.0019888 1.0399 -0.21138
v -0.022848 1.0399 -0.22002
v -0.031489 1.0399 -0.24088
v 0.018871 0.92188 -0.26174
v 0.027511 0.92188 -0.24088
v -0.42276 0.914 -0.11305
v -0.42276 0.914 -0.15305
v -0.344 0.97268 -0.11305
v -0.344 0.97268 -0.15305
v -0.26524 0.914 -0.15305
v -0.26524 0.914 -0.11305
v -0.234 0.894 -0.15305
v -0.454 0.894 -0.15305
v -0.234 0.91567 -0.15305
v -0.454 0.91567 -0.15305
v -0.344 0.99762 -0.15305
v -0.664 0.05 -0.15505
v -0.664 2.8206e-16 -0.15505
v -0.564 0.05 -0.15505
v -0.564 2.82e-16 -0.15505
v -0.714 2.8206e-16 0.59495
v -0.714 2.8206e-16 -0.10505
v -0.714 0.05 0.59495
v -0.714 0.05 -0.10505
v -0.69936 2.8204e-16 -0.14041
v -0.69936 0.05 -0.14041
v -0.664 2.8206e-16 0.64495
v -0.664 0.05 0.64495
v -0.564 2.82e-16 0.64495
v -0.564 0.05 0.64495
v -0.69936 2.8204e-16 0.6303
v -0.69936 0.05 0.6303
v -0.564 0.05 -0.13505
v -0.66002 0.05 -0.13505
v -0.68405 0.05 -0.1251
v -0.694 0.05 -0.10108
v -0.694 0.05 0.59097
v -0.68405 0.05 0.61499
v -0.66002 0.05 0.62495
v -0.564 0.05 0.62495
v -0.68405 0.03 0.61499
v -0.66002 0.03 0.62495
v -0.564 0.03 0.62495
v -0.66002 0.03 -0.13505
v -0.564 0.03 -0.13505
v -0.68405 0.03 -0.1251
v -0.694 0.03 -0.10108
v -0.694 0.03 0.59097
v -0.084 3.6096e-16 -0.62505
v -0.114 3.6096e-16 -0.62505
v -0.084 0.349 -0.62505
v -0.114 0.349 -0.62505
v -0.084 0.34 -0.65505
v -0.084 4.0608e-16 -0.65505
v -0.114 4.0608e-16 -0.65505
v -0.114 0.34 -0.65505
v 0.596 4.5119e-17 -0.65505
v 0.626 4.5119e-17 -0.65505
v 0.596 0.34 -0.65505
v 0.626 0.34 -0.65505
v 0.626 0 -0.62505
v 0.596 0 -0.62505
v 0.626 0.349 -0.62505
v 0.596 0.349 -0.62505
v -0.484 3.6096e-16 -0.22505
v -0.514 3.6096e-16 -0.22505
v -0.484 0.349 -0.22505
v -0.514 0.349 -0.22505
v -0.484 0.34 -0.25505
v -0.484 4.0608e-16 -0.25505
v -0.514 4.0608e-16 -0.25505
v -0.514 0.34 -0.25505
v -0.204 4.5119e-17 -0.25505
v -0.174 4.5119e-17 -0.25505
v -0.204 0.34 -0.25505
v -0.174 0.34 -0.25505
v -0.174 0 -0.22505
v -0.204 0 -0.22505
v -0.174 0.349 -0.22505
v -0.204 0.349 -0.22505
v 0.336 0.13 -0.57505
v 0.336 0.27 -0.57505
v 0.336 0.13 -0.55505
v 0.336 0.27 -0.55505
v 0.576 0.13 -0.57505
v 0.576 0.13 -0.55505
v 0.576 0.27 -0.55505
v 0.576 0.27 -0.57505
v 0.656 2.7072e-16 -0.57505
v 0.256 2.7072e-16 -0.57505
v 0.656 0.05 -0.57505
v 0.256 0.05 -0.57505
v 0.676 2.7072e-16 -0.55505
v 0.676 0.05 -0.55505
v 0.676 2.7072e-16 -0.15505
v 0.676 0.05 -0.15505
v 0.256 2.7072e-16 -0.15505
v 0.326 0.1 -0.57505
v 0.586 0.1 -0.57505
v 0.606 0.12 -0.57505
v 0.606 0.28 -0.57505
v 0.326 0.3 -0.57505
v 0.586 0.3 -0.57505
v 0.306 0.28 -0.57505
v 0.306 0.12 -0.57505
v 0.356 0.15 -0.55505
v 0.356 0.15 -0.53505
v 0.556 0.15 -0.55505
v 0.556 0.15 -0.53505
v 0.356 0.25 -0.53505
v 0.356 0.25 -0.55505
v 0.556 0.25 -0.53505
v 0.556 0.25 -0.55505
v 0.336 0.13 0.66495
v 0.336 0.27 0.66495
v 0.336 0.13 0.64495
v 0.336 0.27 0.64495
v 0.576 0.13 0.66495
v 0.576 0.13 0.64495
v 0.576 0.27 0.64495
v 0.576 0.27 0.66495
v 0.656 2.8566e-16 0.66495
v 0.256 2.8566e-16 0.66495
v 0.656 0.05 0.66495
v 0.256 0.05 0.66495
v 0.676 2.8566e-16 0.64495
v 0.676 0.05 0.64495
v 0.676 2.8566e-16 0.24495
v 0.676 0.05 0.24495
v 0.256 2.8566e-16 0.24495
v 0.326 0.1 0.66495
v 0.586 0.1 0.66495
v 0.606 0.12 0.66495
v 0.606 0.28 0.66495
v 0.326 0.3 0.66495
v 0.586 0.3 0.66495
v 0.306 0.28 0.66495
v 0.306 0.12 0.66495
v 0.356 0.15 0.64495
v 0.356 0.15 0.62495
v 0.556 0.15 0.64495
v 0.556 0.15 0.62495
v 0.356 0.25 0.62495
v 0.356 0.25 0.64495
v 0.556 0.25 0.62495
v 0.556 0.25 0.64495
v 0.676 0.13 -0.075054
v 0.676 0.27 -0.075054
v 0.656 0.13 -0.075054
v 0.656 0.27 -0.075054
v 0.676 0.13 0.16495
v 0.656 0.13 0.16495
v 0.656 0.27 0.16495
v 0.676 0.27 0.16495
v 0.676 2.7072e-16 0.24495
v 0.676 2.7072e-16 -0.15505
v 0.676 0.05 0.24495
v 0.676 0.05 -0.15505
v 0.256 2.7072e-16 -0.15505
v 0.256 2.7072e-16 0.24495
v 0.676 0.1 -0.085054
v 0.676 0.1 0.17495
v 0.676 0.12 0.19495
v 0.676 0.28 0.19495
v 0.676 0.3 -0.085054
v 0.676 0.3 0.17495
v 0.676 0.28 -0.10505
v 0.676 0.12 -0.10505
v 0.656 0.15 -0.055054
v 0.636 0.15 -0.055054
v 0.656 0.15 0.14495
v 0.636 0.15 0.14495
v 0.636 0.25 -0.055054
v 0.656 0.25 -0.055054
v 0.636 0.25 0.14495
v 0.656 0.25 0.14495
v 0.656 0.27 0.16495
v 0.656 0.13 0.16495
v 0.656 0.27 -0.075054
v 0.656 0.13 -0.075054
v 0.156 0.05 0.66495
v 0.156 0.28 0.66495
v 0.256 0.05 0.66495
v -0.144 0.05 0.66495
v -0.044 0.05 0.66495
v -0.144 2.8566e-16 0.24495
v -0.144 2.82e-16 0.66495
v 0.256 2.8566e-16 0.24495
v -0.014 4.6614e-16 0.64495
v -0.014 4.6614e-16 0.66495
v 0.126 4.6614e-16 0.64495
v 0.126 4.6614e-16 0.66495
v 0.256 2.8566e-16 0.66495
v -0.024 0.3 0.66495
v 0.136 0.3 0.66495
v -0.044 0.28 0.66495
v 0.126 0.27 0.66495
v -0.014 0.27 0.66495
v -0.014 0.27 0.64495
v 0.126 0.27 0.64495
v 0.089212 0.095347 0.64495
v 0.089212 0.095347 0.65595
v 0.10848 0.095347 0.64495
v 0.10848 0.095347 0.65595
v 0.089212 0.13682 0.65595
v 0.089212 0.13682 0.64495
v 0.10848 0.13682 0.65595
v 0.10848 0.13682 0.64495
v 0.1019 0.11429 0.65595
v 0.1019 0.1274 0.65595
v 0.070982 0.11429 0.65595
v 0.070982 0.1274 0.65595
v 0.1019 0.11429 0.66695
v 0.070982 0.11429 0.66695
v 0.1019 0.1274 0.66695
v 0.070982 0.1274 0.66695
v -0.224 0.13 0.66495
v -0.224 0.27 0.66495
v -0.224 0.13 0.64495
v -0.224 0.27 0.64495
v -0.464 0.13 0.64495
v -0.464 0.13 0.66495
v -0.464 0.27 0.64495
v -0.464 0.27 0.66495
v -0.544 2.82e-16 0.66495
v -0.144 2.82e-16 0.66495
v -0.544 0.05 0.66495
v -0.144 0.05 0.66495
v -0.564 2.82e-16 0.64495
v -0.564 0.05 0.64495
v -0.564 2.82e-16 0.24495
v -0.564 0.05 0.24495
v -0.144 2.82e-16 0.24495
v -0.214 0.1 0.66495
v -0.474 0.1 0.66495
v -0.494 0.12 0.66495
v -0.494 0.28 0.66495
v -0.214 0.3 0.66495
v -0.474 0.3 0.66495
v -0.194 0.28 0.66495
v -0.194 0.12 0.66495
v -0.244 0.15 0.64495
v -0.244 0.15 0.62495
v -0.444 0.15 0.64495
v -0.444 0.15 0.62495
v -0.244 0.25 0.62495
v -0.244 0.25 0.64495
v -0.444 0.25 0.62495
v -0.444 0.25 0.64495
v -0.464 0.27 0.64495
v -0.464 0.13 0.64495
v -0.564 0.53 0.32495
v -0.564 0.67 0.32495
v -0.544 0.53 0.32495
v -0.544 0.67 0.32495
v -0.564 0.53 0.56495
v -0.544 0.53 0.56495
v -0.544 0.67 0.56495
v -0.564 0.67 0.56495
v -0.564 0.4 0.64495
v -0.564 0.4 0.24495
v -0.564 0.45 0.64495
v -0.564 0.45 0.24495
v -0.544 0.4 0.66495
v -0.544 0.45 0.66495
v -0.144 0.4 0.66495
v -0.144 0.45 0.66495
v -0.144 0.4 0.24495
v -0.564 0.5 0.31495
v -0.564 0.5 0.57495
v -0.564 0.52 0.59495
v -0.564 0.68 0.59495
v -0.564 0.7 0.31495
v -0.564 0.7 0.57495
v -0.564 0.68 0.29495
v -0.564 0.52 0.29495
v -0.544 0.55 0.34495
v -0.524 0.55 0.34495
v -0.544 0.55 0.43495
v -0.524 0.55 0.54495
v -0.544 0.55 0.45495
v -0.544 0.55 0.54495
v -0.524 0.65 0.34495
v -0.544 0.65 0.34495
v -0.524 0.65 0.54495
v -0.544 0.65 0.43495
v -0.544 0.65 0.45495
v -0.544 0.65 0.54495
v -0.544 0.53 0.32495
v -0.544 0.67 0.32495
v -0.564 0.53 0.16495
v -0.564 0.67 0.16495
v -0.544 0.53 0.16495
v -0.544 0.67 0.16495
v -0.564 0.53 -0.075054
v -0.544 0.53 -0.075054
v -0.544 0.67 -0.075054
v -0.564 0.67 -0.075054
v -0.564 0.4 -0.15505
v -0.564 0.4 0.24495
v -0.564 0.45 -0.15505
v -0.564 0.45 0.24495
v -0.544 0.4 -0.17505
v -0.544 0.45 -0.17505
v -0.144 0.4 -0.17505
v -0.144 0.45 -0.17505
v -0.144 0.4 0.24495
v -0.564 0.5 0.17495
v -0.564 0.5 -0.085054
v -0.564 0.52 -0.10505
v -0.564 0.68 -0.10505
v -0.564 0.7 0.17495
v -0.564 0.7 -0.085054
v -0.564 0.68 0.19495
v -0.564 0.52 0.19495
v -0.544 0.55 0.14495
v -0.524 0.55 0.14495
v -0.544 0.55 0.054946
v -0.524 0.55 -0.055054
v -0.544 0.55 0.034946
v -0.544 0.55 -0.055054
v -0.524 0.65 0.14495
v -0.544 0.65 0.14495
v -0.524 0.65 -0.055054
v -0.544 0.65 0.054946
v -0.544 0.65 0.034946
v -0.544 0.65 -0.055054
v -0.544 0.67 -0.075054
v -0.544 0.53 -0.075054
v -0.544 0.53 0.16495
v -0.544 0.67 0.16495
v 0.336 0.53 -0.57505
v 0.336 0.67 -0.57505
v 0.336 0.53 -0.55505
v 0.336 0.67 -0.55505
v 0.576 0.53 -0.57505
v 0.576 0.53 -0.55505
v 0.576 0.67 -0.55505
v 0.576 0.67 -0.57505
v 0.656 0.4 -0.57505
v 0.256 0.4 -0.57505
v 0.656 0.45 -0.57505
v 0.256 0.45 -0.57505
v 0.676 0.4 -0.55505
v 0.676 0.45 -0.55505
v 0.676 0.4 -0.15505
v 0.676 0.45 -0.15505
v 0.256 0.4 -0.15505
v 0.326 0.5 -0.57505
v 0.586 0.5 -0.57505
v 0.606 0.52 -0.57505
v 0.606 0.68 -0.57505
v 0.326 0.7 -0.57505
v 0.586 0.7 -0.57505
v 0.306 0.68 -0.57505
v 0.306 0.52 -0.57505
v 0.356 0.55 -0.55505
v 0.356 0.55 -0.53505
v 0.446 0.55 -0.55505
v 0.556 0.55 -0.53505
v 0.466 0.55 -0.55505
v 0.556 0.55 -0.55505
v 0.356 0.65 -0.53505
v 0.356 0.65 -0.55505
v 0.556 0.65 -0.53505
v 0.446 0.65 -0.55505
v 0.466 0.65 -0.55505
v 0.556 0.65 -0.55505
v 0.576 0.67 -0.55505
v 0.576 0.53 -0.55505
v 0.336 0.53 -0.55505
v 0.336 0.67 -0.55505
v 0.176 0.53 -0.57505
v 0.176 0.67 -0.57505
v 0.176 0.53 -0.55505
v 0.176 0.67 -0.55505
v -0.064 0.53 -0.57505
v -0.064 0.53 -0.55505
v -0.064 0.67 -0.55505
v -0.064 0.67 -0.57505
v -0.144 0.4 -0.57505
v 0.256 0.4 -0.57505
v -0.144 0.45 -0.57505
v 0.256 0.45 -0.57505
v -0.164 0.4 -0.55505
v -0.164 0.45 -0.55505
v -0.164 0.4 -0.15505
v -0.164 0.45 -0.15505
v 0.186 0.5 -0.57505
v -0.074 0.5 -0.57505
v -0.094 0.52 -0.57505
v -0.094 0.68 -0.57505
v 0.186 0.7 -0.57505
v -0.074 0.7 -0.57505
v 0.206 0.68 -0.57505
v 0.206 0.52 -0.57505
v 0.156 0.55 -0.55505
v 0.156 0.55 -0.53505
v 0.066 0.55 -0.55505
v -0.044 0.55 -0.53505
v 0.046 0.55 -0.55505
v -0.044 0.55 -0.55505
v 0.156 0.65 -0.53505
v 0.156 0.65 -0.55505
v -0.044 0.65 -0.53505
v 0.066 0.65 -0.55505
v 0.046 0.65 -0.55505
v -0.044 0.65 -0.55505
v -0.064 0.67 -0.55505
v -0.064 0.53 -0.55505
v 0.176 0.53 -0.55505
v 0.176 0.67 -0.55505
v -0.014 4.5132e-16 -0.57505
v -0.014 0.27 -0.57505
v -0.014 4.6185e-16 -0.55505
v -0.014 0.27 -0.55505
v 0.126 0.27 -0.57505
v 0.126 4.5132e-16 -0.57505
v 0.126 0.27 -0.55505
v 0.126 4.6185e-16 -0.55505
v -0.164 0.05 -0.55505
v -0.164 2.7072e-16 -0.55505
v -0.164 0.05 -0.15505
v -0.164 2.8137e-16 -0.15505
v 0.156 0.05 -0.57505
v 0.256 0.05 -0.57505
v 0.156 0.28 -0.57505
v 0.256 2.7084e-16 -0.57505
v -0.044 0.28 -0.57505
v 0.136 0.3 -0.57505
v -0.024 0.3 -0.57505
v -0.044 0.05 -0.57505
v -0.144 0.05 -0.57505
v -0.144 2.9519e-16 -0.57505
v 0.256 2.8137e-16 -0.15505
v 0.036 0.22 -0.53505
v 0.036 0.22 -0.55505
v 0.076 0.22 -0.53505
v 0.076 0.22 -0.55505
v 0.036 0.05 -0.55505
v 0.036 0.05 -0.53505
v 0.076 0.05 -0.55505
v 0.076 0.05 -0.53505
v 0.022788 0.095347 -0.55505
v 0.022788 0.095347 -0.56605
v 0.0035183 0.095347 -0.55505
v 0.0035183 0.095347 -0.56605
v 0.022788 0.13682 -0.56605
v 0.022788 0.13682 -0.55505
v 0.0035183 0.13682 -0.56605
v 0.0035183 0.13682 -0.55505
v 0.010104 0.11429 -0.56605
v 0.010104 0.1274 -0.56605
v 0.041018 0.11429 -0.56605
v 0.041018 0.1274 -0.56605
v 0.010104 0.11429 -0.57705
v 0.041018 0.11429 -0.57705
v 0.010104 0.1274 -0.57705
v 0.041018 0.1274 -0.57705
v -0.214 4.6247e-16 -0.17505
v -0.214 0.27 -0.17505
v -0.214 4.6247e-16 -0.15505
v -0.214 0.27 -0.15505
v -0.474 0.27 -0.17505
v -0.474 4.6247e-16 -0.17505
v -0.474 0.27 -0.15505
v -0.474 4.6247e-16 -0.15505
v -0.144 2.82e-16 0.24495
v -0.144 2.82e-16 -0.17505
v -0.564 2.82e-16 0.24495
v -0.544 3.2712e-16 -0.17505
v -0.564 2.82e-16 -0.15505
v -0.504 0.05 -0.17505
v -0.544 0.05 -0.17505
v -0.564 0.05 0.24495
v -0.564 0.05 -0.15505
v -0.504 0.28 -0.17505
v -0.144 0.05 -0.17505
v -0.184 0.05 -0.17505
v -0.184 0.28 -0.17505
v -0.204 0.3 -0.17505
v -0.484 0.3 -0.17505
v -0.36595 0.036889 -0.15505
v -0.36595 0.05 -0.15505
v -0.32205 0.036889 -0.15505
v -0.32205 0.05 -0.15505
v -0.36595 0.036889 -0.16605
v -0.32205 0.036889 -0.16605
v -0.36595 0.05 -0.16605
v -0.32205 0.05 -0.16605
v 0.676 0.53 0.16495
v 0.676 0.67 0.16495
v 0.656 0.53 0.16495
v 0.656 0.67 0.16495
v 0.676 0.53 -0.075054
v 0.656 0.53 -0.075054
v 0.656 0.67 -0.075054
v 0.676 0.67 -0.075054
v 0.676 0.4 -0.15505
v 0.676 0.4 0.24495
v 0.676 0.45 -0.15505
v 0.676 0.45 0.24495
v 0.256 0.4 0.24495
v 0.256 0.4 -0.15505
v 0.676 0.5 0.17495
v 0.676 0.5 -0.085054
v 0.676 0.52 -0.10505
v 0.676 0.68 -0.10505
v 0.676 0.7 0.17495
v 0.676 0.7 -0.085054
v 0.676 0.68 0.19495
v 0.676 0.52 0.19495
v 0.656 0.55 0.14495
v 0.636 0.55 0.14495
v 0.656 0.55 0.054946
v 0.636 0.55 -0.055054
v 0.656 0.55 0.034946
v 0.656 0.55 -0.055054
v 0.636 0.65 0.14495
v 0.656 0.65 0.14495
v 0.636 0.65 -0.055054
v 0.656 0.65 0.054946
v 0.656 0.65 0.034946
v 0.656 0.65 -0.055054
v 0.656 0.67 -0.075054
v 0.656 0.53 -0.075054
v 0.656 0.53 0.16495
v 0.656 0.67 0.16495
v 0.336 0.53 0.66495
v 0.336 0.67 0.66495
v 0.336 0.53 0.64495
v 0.336 0.67 0.64495
v 0.576 0.53 0.66495
v 0.576 0.53 0.64495
v 0.576 0.67 0.64495
v 0.576 0.67 0.66495
v 0.656 0.4 0.66495
v 0.256 0.4 0.66495
v 0.656 0.45 0.66495
v 0.256 0.45 0.66495
v 0.676 0.4 0.64495
v 0.676 0.45 0.64495
v 0.676 0.4 0.24495
v 0.676 0.45 0.24495
v 0.326 0.5 0.66495
v 0.586 0.5 0.66495
v 0.606 0.52 0.66495
v 0.606 0.68 0.66495
v 0.326 0.7 0.66495
v 0.586 0.7 0.66495
v 0.306 0.68 0.66495
v 0.306 0.52 0.66495
v 0.356 0.55 0.64495
v 0.356 0.55 0.62495
v 0.446 0.55 0.64495
v 0.556 0.55 0.62495
v 0.466 0.55 0.64495
v 0.556 0.55 0.64495
v 0.356 0.65 0.62495
v 0.356 0.65 0.64495
v 0.556 0.65 0.62495
v 0.446 0.65 0.64495
v 0.466 0.65 0.64495
v 0.556 0.65 0.64495
v 0.336 0.53 0.64495
v 0.336 0.67 0.64495
v -0.144 0.77 0.68495
v -0.144 0.794 0.70295
v 0.256 0.77 0.68495
v 0.256 0.794 0.70295
v -0.144 1.1375 0.24495
v 0.256 1.1375 0.24495
v -0.144 0.8 0.64495
v 0.256 0.8 0.64495
v -0.544 0.77 0.68495
v -0.544 0.794 0.70295
v -0.594 1.1375 0.24495
v -0.57936 0.80279 0.69123
v -0.594 0.824 0.66295
v -0.594 0.8 0.64495
v -0.594 1.1 0.24495
v -0.57936 0.77879 0.67323
v -0.144 1.1 0.24495
v 0.696 0.77 -0.55505
v 0.696 0.77 -0.15505
v 0.714 0.794 -0.55505
v 0.714 0.794 -0.15505
v 0.256 1.1375 -0.15505
v 0.256 1.1375 -0.60505
v 0.70228 0.80279 -0.59041
v 0.674 0.824 -0.60505
v 0.656 0.8 -0.60505
v 0.256 1.1 -0.60505
v 0.68428 0.77879 -0.59041
v 0.256 1.1 -0.15505
v 0.696 0.77 0.24495
v 0.714 0.794 0.24495
v 0.696 0.77 -0.15505
v 0.714 0.794 -0.15505
v 0.256 1.1375 0.24495
v 0.256 1.1375 -0.15505
v 0.656 0.8 0.24495
v 0.656 0.8 -0.15505
v 0.256 1.1375 -0.15505
v 0.256 1.1375 0.24495
v -0.144 0.8375 -0.15505
v -0.144 1.1375 0.24495
v -0.184 0.77 -0.55505
v -0.184 0.77 -0.15505
v -0.202 0.794 -0.55505
v -0.202 0.794 -0.15505
v 0.256 1.1375 -0.15505
v 0.256 1.1375 -0.60505
v -0.19028 0.80279 -0.59041
v -0.162 0.824 -0.60505
v -0.144 0.8 -0.60505
v 0.256 1.1 -0.60505
v -0.17228 0.77879 -0.59041
v 0.256 1.1 -0.15505
v 0.714 0.794 0.70295
v 0.256 0.794 0.70295
v 0.256 1.1375 0.24495
v 0.714 0.794 0.24495
v 0.696 0.77 0.68495
v 0.696 0.77 0.24495
v 0.256 0.77 0.68495
v -0.594 0.824 -0.17305
v -0.594 1.1375 0.24495
v -0.57936 0.80279 -0.20134
v -0.144 1.1375 0.24495
v -0.544 0.794 -0.21305
v -0.144 0.794 -0.21305
v -0.594 0.8 -0.15505
v -0.594 1.1 0.24495
v -0.57936 0.77879 -0.18334
v -0.544 0.77 -0.19505
v -0.144 1.1 0.24495
v -0.144 0.8 -0.15505
v -0.144 0.77 -0.19505
v -0.47936 0.94666 -0.16841
v -0.444 0.973 -0.18305
v -0.344 1.0475 -0.18305
v -0.494 0.96575 -0.13305
v -0.494 0.96575 0.015946
v -0.47936 0.97666 -0.16841
v -0.344 1.0775 0.16495
v -0.444 1.003 -0.18305
v -0.344 1.0775 -0.18305
v -0.194 0.96575 -0.13305
v -0.194 0.96575 0.015946
v -0.20864 0.94666 -0.16841
v -0.244 0.973 -0.18305
v -0.20864 0.97666 -0.16841
v -0.244 1.003 -0.18305
v -0.144 0.33163 -0.68295
v -0.144 0.36163 -0.68295
v -0.144 0.37 -0.55505
v -0.144 0.4 -0.55505
v -0.124 0.32563 -0.70295
v 0.636 0.32563 -0.70295
v -0.124 0.35563 -0.70295
v 0.636 0.35563 -0.70295
v 0.656 0.33163 -0.68295
v 0.656 0.36163 -0.68295
v 0.656 0.37 -0.55505
v -0.544 0.33163 -0.28295
v -0.544 0.36163 -0.28295
v -0.544 0.37 -0.15505
v -0.524 0.32563 -0.30295
v -0.164 0.32563 -0.30295
v -0.524 0.35563 -0.30295
v -0.164 0.35563 -0.30295
v -0.144 0.33163 -0.28295
v -0.144 0.36163 -0.28295
v -0.144 0.4 -0.15505
v -0.144 0.37 -0.15505
v 0.556 0.15 -0.53505
v 0.356 0.15 -0.53505
v 0.556 0.25 -0.53505
v 0.356 0.25 -0.53505
v 0.556 0.15 0.62495
v 0.356 0.15 0.62495
v 0.636 0.15 0.14495
v 0.636 0.15 -0.055054
v 0.636 0.25 0.14495
v 0.636 0.25 -0.055054
v -0.444 0.15 0.62495
v -0.244 0.15 0.62495
v -0.524 0.55 0.54495
v -0.524 0.55 0.34495
v -0.524 0.65 0.54495
v -0.524 0.65 0.34495
v -0.524 0.55 -0.055054
v -0.524 0.55 0.14495
v -0.524 0.65 -0.055054
v -0.524 0.65 0.14495
v 0.556 0.55 -0.53505
v 0.356 0.55 -0.53505
v 0.556 0.65 -0.53505
v 0.356 0.65 -0.53505
v -0.044 0.55 -0.53505
v 0.156 0.55 -0.53505
v -0.044 0.65 -0.53505
v 0.156 0.65 -0.53505
v -0.254 0.18 -0.13505
v -0.254 0.22 -0.13505
v -0.424 0.18 -0.13505
v -0.424 0.22 -0.13505
v 0.636 0.55 -0.055054
v 0.636 0.55 0.14495
v 0.636 0.65 -0.055054
v 0.636 0.65 0.14495
v -0.587 0.03 -0.089188
v -0.57192 0.03 -0.040336
v -0.56962 0.10437 -0.10793
v -0.547 0.10437 -0.034653
v -0.67392 0.10437 0.00453
v -0.59915 0.10437 0.021578
v -0.65654 0.03 -0.014214
v -0.60669 0.03 -0.0028484
v -0.67162 0.03 -0.063066
v -0.63685 0.03 -0.10055
v -0.69654 0.10437 -0.068749
v -0.64439 0.10437 -0.12498
v -0.64784 0.18728 -0.023586
v -0.65915 0.18728 -0.060225
v -0.59569 0.18728 -0.079817
v -0.58438 0.18728 -0.043177
v -0.61046 0.18728 -0.015062
v -0.63308 0.18728 -0.08834
v -0.56229 0.03 0.079868
v -0.564 0.03 0.08559
v -0.53201 0.092683 0.07268
v -0.58012 0.03 0.13951
v -0.55876 0.092683 0.16214
v -0.6496 0.092683 0.1837
v -0.7137 0.092683 0.11581
v -0.63623 0.16257 0.13897
v -0.66828 0.16257 0.10503
v -0.64069 0.03 0.15388
v -0.68342 0.03 0.10862
v -0.60502 0.03 0.034605
v -0.564 0.03 0.078055
v -0.5961 0.092683 0.0047852
v -0.66559 0.03 0.04898
v -0.68695 0.092683 0.026349
v -0.60948 0.16257 0.049514
v -0.57743 0.16257 0.083462
v -0.5908 0.16257 0.12819
v -0.6549 0.16257 0.060296
v -0.67539 0.03 0.24226
v -0.64335 0.03 0.19884
v -0.7022 0.10849 0.23925
v -0.65414 0.10849 0.17412
v -0.6538 0.03 0.29172
v -0.66982 0.10849 0.31343
v -0.58973 0.03 0.20488
v -0.56815 0.03 0.25433
v -0.57371 0.10849 0.18317
v -0.54134 0.10849 0.25735
v -0.6458 0.19599 0.28086
v -0.66198 0.19599 0.24377
v -0.58939 0.10849 0.32248
v -0.58155 0.19599 0.25282
v -0.60558 0.19599 0.28539
v -0.60018 0.03 0.29775
v -0.59774 0.19599 0.21573
v -0.63796 0.19599 0.21121
v -0.61698 0.03 0.43774
v -0.61404 0.074202 0.45949
v -0.58225 0.03 0.41091
v -0.56194 0.074202 0.41924
v -0.61845 0.12348 0.42687
v -0.5924 0.12348 0.40674
v -0.67496 0.074202 0.4345
v -0.65759 0.03 0.42108
v -0.62726 0.12348 0.36162
v -0.5968 0.12348 0.37412
v -0.65331 0.12348 0.38175
v -0.64891 0.12348 0.41437
v -0.68377 0.074202 0.36925
v -0.63167 0.074202 0.32899
v -0.62873 0.03 0.35074
v -0.57075 0.074202 0.35399
v -0.58812 0.03 0.36741
v -0.66346 0.03 0.37758
v -0.68206 0.1092 0.4932
v -0.66196 0.03 0.51157
v -0.6042 0.1092 0.46854
v -0.61006 0.03 0.49513
v -0.61298 0.19749 0.50842
v -0.58284 0.19749 0.53597
v -0.54391 0.1092 0.52363
v -0.56986 0.03 0.53186
v -0.56148 0.1092 0.60339
v -0.59162 0.19749 0.57585
v -0.65191 0.19749 0.52075
v -0.69963 0.1092 0.57296
v -0.63934 0.1092 0.62806
v -0.67367 0.03 0.56474
v -0.63348 0.03 0.60147
v -0.58157 0.03 0.58503
v -0.6607 0.19749 0.56063
v -0.63055 0.19749 0.58818
v -0.254 0.22 -0.15505
v -0.424 0.22 -0.15505
v -0.424 0.18 -0.15505
v -0.254 0.18 -0.15505
vn 8.5376e-14 0 1
vn 0 1 0
vn -1 0 0
vn 1.1921e-07 0 -1
vn -1.1921e-07 0 -1
vn 0 -1 0
vn 1 0 0
vn 0 0 -1
vn 1 0 1.7805e-14
vn -1.7805e-14 0 1
vn 1 0 1.1921e-07
vn 7.7299e-14 0 1
vn -1 0 -1.7805e-14
vn 1.1921e-07 0 1
vn -1 0 1.1921e-07
vn 1 0 1.4901e-08
vn -1.4901e-08 0 1
vn 0.89443 -0.44721 0
vn 0.63246 -0.44721 0.63246
vn 0.70711 0 0.70711
vn -0.89443 -0.44721 0
vn -0.63246 -0.44721 0.63246
vn -0.70711 0 0.70711
vn 0 0 1
vn 0.70711 0 -0.70711
vn 0.63246 -0.44721 -0.63246
vn 0 -0.44721 0.89443
vn 0 -0.44721 -0.89443
vn -0.63246 -0.44721 -0.63246
vn -0.70711 0 -0.70711
vn 0.89443 0.44721 0
vn 0.63246 0.44721 0.63246
vn -0.63246 0.44721 -0.63246
vn 0 0.44721 -0.89443
vn 0.63246 0.44721 -0.63246
vn 0 0.44721 0.89443
vn -0.63246 0.44721 0.63246
vn -0.89443 0.44721 0
vn 0.94919 0.31471 0
vn -0.94919 0.31471 0
vn -0.70711 -0.70711 0
vn 0.70711 -0.70711 0
vn 0.89371 0.44865 0
vn -0.89371 0.44865 0
vn -0.19509 0 -0.98079
vn -0.98079 0 0.19509
vn -0.98079 0 -0.19509
vn -0.70711 0 -0.70711
vn -0.19509 0 0.98079
vn -0.70711 0 0.70711
vn 0.70711 0 -0.70711
vn 0.19509 0 -0.98079
vn 0.19509 0 0.98079
vn 0.70711 0 0.70711
vn 0.98079 0 0.19509
vn 0.98079 0 -0.19509
vn 0.70711 0.70711 0
vn -0.70711 0.70711 0
vn 0.38268 0 -0.92388
vn 0.92388 0 -0.38268
vn -0.38268 -0.92388 0
vn 0.38268 -0.92388 0
vn 0.92388 -0.38268 0
vn 0.92388 0.38268 0
vn -0.38268 0.92388 0
vn 0.38268 0.92388 0
vn -0.92388 0.38268 0
vn -0.92388 -0.38268 0
vn 0.70711 0.70711 1.259e-14
vn 0.70711 -0.70711 1.259e-14
vn -0.70711 0.70711 -1.259e-14
vn -0.70711 -0.70711 -1.259e-14
vn 0.38268 0 0.92388
vn 0.92388 0 0.38268
vn -0.38268 -0.92388 -6.8138e-15
vn 0.38268 -0.92388 6.8138e-15
vn 0.92388 -0.38268 1.645e-14
vn 0.92388 0.38268 1.645e-14
vn -0.38268 0.92388 -6.8138e-15
vn 0.38268 0.92388 6.8138e-15
vn -0.92388 0.38268 -1.645e-14
vn -0.92388 -0.38268 -1.645e-14
vn -8.4294e-08 0.70711 0.70711
vn -8.4294e-08 -0.70711 0.70711
vn 8.4294e-08 0.70711 -0.70711
vn 8.4294e-08 -0.70711 -0.70711
vn 4.5619e-08 -0.92388 -0.38268
vn -4.5619e-08 -0.92388 0.38268
vn -1.1013e-07 -0.38268 0.92388
vn -1.1013e-07 0.38268 0.92388
vn 4.5619e-08 0.92388 -0.38268
vn -4.5619e-08 0.92388 0.38268
vn 1.1013e-07 0.38268 -0.92388
vn 1.1013e-07 -0.38268 -0.92388
vn 1 0 -7.7299e-14
vn 0.92388 0.38268 -7.1415e-14
vn -0.38268 0.92388 2.9581e-14
vn 0.38268 0.92388 -2.9581e-14
vn -0.92388 0.38268 7.1415e-14
vn -1 0 7.7299e-14
vn -0.70711 -0.70711 5.4659e-14
vn 0.70711 -0.70711 -5.4659e-14
vn -0.70711 0.70711 5.4659e-14
vn 0.70711 0.70711 -5.4659e-14
vn -7.7299e-14 0 -1
vn -0.38268 0 0.92388
vn -0.92388 0 0.38268
vn 8.4294e-08 0.70711 0.70711
vn 8.4294e-08 -0.70711 0.70711
vn -8.4294e-08 0.70711 -0.70711
vn -8.4294e-08 -0.70711 -0.70711
vn -0.92388 0 0.38268
vn -0.38268 0 0.92388
vn -4.5619e-08 -0.92388 -0.38268
vn 4.5619e-08 -0.92388 0.38268
vn 1.1013e-07 -0.38268 0.92388
vn 1.1013e-07 0.38268 0.92388
vn -4.5619e-08 0.92388 -0.38268
vn 4.5619e-08 0.92388 0.38268
vn -1.1013e-07 0.38268 -0.92388
vn -1.1013e-07 -0.38268 -0.92388
vn -0.92388 0 -0.38268
vn -0.38268 0 -0.92388
vn -0.38268 0 -0.92388
vn -0.92388 0 -0.38268
vn 0.70711 0.70711 1.0537e-08
vn 0.70711 -0.70711 1.0537e-08
vn -0.70711 0.70711 -1.0537e-08
vn -0.70711 -0.70711 -1.0537e-08
vn -0.38268 -0.92388 -5.7024e-09
vn 0.38268 -0.92388 5.7024e-09
vn 0.92388 -0.38268 1.3767e-08
vn 0.92388 0.38268 1.3767e-08
vn -0.38268 0.92388 -5.7024e-09
vn 0.38268 0.92388 5.7024e-09
vn -0.92388 0.38268 -1.3767e-08
vn -0.92388 -0.38268 -1.3767e-08
vn -3.7215e-14 -0.6 0.8
vn -2.7911e-14 0.8 0.6
vn 2.7911e-14 -0.8 -0.6
vn -0.19509 -0.58847 0.78463
vn 0 -0.6 0.8
vn 0 0.8 0.6
vn -0.98079 -0.11705 0.15607
vn -0.70711 -0.42426 0.56569
vn 0 -0.8 -0.6
vn 0.78463 -0.58847 -0.19509
vn 0.8 -0.6 9.5367e-08
vn 0.6 0.8 7.1526e-08
vn 0.15607 -0.11705 -0.98079
vn 0.56569 -0.42426 -0.70711
vn -0.6 -0.8 -7.1526e-08
vn -0.6 0.8 0
vn 0 0.8 -0.6
vn -0.78463 -0.58847 -0.19509
vn -0.8 -0.6 9.5367e-08
vn -0.6 0.8 7.1526e-08
vn -0.15607 -0.11705 -0.98079
vn -0.56569 -0.42426 -0.70711
vn 0.6 -0.8 -7.1526e-08
vn 0.6 0.8 0
vn -0.6 -0.8 0
vn 0.8 -0.6 0
vn -0.98079 -0.11705 -0.15607
vn 0 -0.8 0.6
vn -0.19509 -0.58847 -0.78463
vn 0 -0.6 -0.8
vn -0.70711 -0.42426 -0.56569
vn 0.59743 -0.80192 0
vn -0.97751 0 -0.21091
vn -0.98437 0 -0.17614
vn -0.59743 0.80192 0
vn 0.98437 0 -0.17614
vn 0.97751 0 -0.21091
vn 0.79206 0 -0.61044
vn 0.27236 0 -0.9622
vn 0.62924 0 -0.77721
vn 0.11845 0 -0.99296
vn -0.62924 0 -0.77721
vn -0.79206 0 -0.61044
vn 0.59743 0.80192 0
vn -0.59743 -0.80192 0
vn -0.27236 0 -0.9622
vn -0.11845 0 -0.99296
vn -0.89589 0 -0.44427
vn -0.94653 0 -0.32261
vn -0.35525 0 -0.93477
vn 0.35525 0 -0.93477
vn -0.40642 0 -0.91369
vn 0.40642 0 -0.91369
vn 0.89589 0 -0.44427
vn 0.94653 0 -0.32261
vn 0 0.95783 -0.28735
vn 0 -0.95783 0.28735
vn 0.64307 -0.32508 -0.69339
vn 0.92203 -0.32508 0.21022
vn 0.67929 0.045871 -0.73244
vn 0.97395 0.045871 0.22206
vn -0.67929 0.045871 0.73244
vn 0.29467 0.045871 0.9545
vn -0.64307 -0.32508 0.69339
vn 0.27896 -0.32508 0.90361
vn -0.92203 -0.32508 -0.21022
vn -0.27896 -0.32508 -0.90361
vn -0.97395 0.045871 -0.22206
vn -0.29467 0.045871 -0.9545
vn -0.43675 0.76647 0.47093
vn -0.62621 0.76647 -0.14277
vn 0.43675 0.76647 -0.47093
vn 0.62621 0.76647 0.14277
vn 0.18946 0.76647 0.6137
vn -0.18946 0.76647 -0.6137
vn 0.87146 -0.44472 -0.20685
vn 0.88016 -0.39503 0.26318
vn 0.97146 0.05573 -0.23058
vn 0.61486 -0.44472 0.65128
vn 0.68542 0.05573 0.72601
vn -0.28604 0.05573 0.9566
vn -0.97146 0.05573 0.23058
vn -0.16477 0.81804 0.55106
vn -0.55962 0.81804 0.13283
vn -0.25659 -0.44472 0.85813
vn -0.87146 -0.44472 0.20685
vn 0.25659 -0.44472 -0.85813
vn 0.668 -0.39503 -0.63065
vn 0.28604 0.05573 -0.9566
vn -0.61486 -0.44472 -0.65128
vn -0.68542 0.05573 -0.72601
vn 0.16477 0.81804 -0.55106
vn 0.55962 0.81804 -0.13283
vn 0.39484 0.81804 0.41823
vn -0.39484 0.81804 -0.41823
vn -0.93975 -0.32508 -0.10576
vn -0.37829 -0.32508 -0.86673
vn -0.99268 0.045871 -0.11172
vn -0.39959 0.045871 -0.91554
vn -0.56147 -0.32508 0.76097
vn -0.59309 0.045871 0.80383
vn 0.56147 -0.32508 -0.76097
vn 0.93975 -0.32508 0.10576
vn 0.59309 0.045871 -0.80383
vn 0.99268 0.045871 0.11172
vn -0.38133 0.76647 0.51683
vn -0.63825 0.76647 -0.071828
vn 0.39959 0.045871 0.91554
vn 0.63825 0.76647 0.071828
vn 0.25692 0.76647 0.58865
vn 0.37829 -0.32508 0.86673
vn 0.38133 0.76647 -0.51683
vn -0.25692 0.76647 -0.58865
vn 0.11986 -0.44472 0.88761
vn 0.13362 0.05573 0.98947
vn 0.82862 -0.44472 0.34
vn 0.92371 0.05573 0.37902
vn 0.076971 0.81804 0.56999
vn 0.53211 0.81804 0.21834
vn -0.79009 0.05573 0.61045
vn -0.70876 -0.44472 0.54761
vn -0.076971 0.81804 -0.56999
vn 0.45514 0.81804 -0.35165
vn -0.53211 0.81804 -0.21834
vn -0.45514 0.81804 0.35165
vn -0.92371 0.05573 -0.37902
vn -0.13362 0.05573 -0.98947
vn -0.11986 -0.44472 -0.88761
vn 0.79009 0.05573 -0.61045
vn 0.70876 -0.44472 -0.54761
vn -0.82862 -0.44472 -0.34
vn -0.73742 0.045871 -0.67387
vn -0.69811 -0.32508 -0.63794
vn 0.21488 0.045871 -0.97556
vn 0.20342 -0.32508 -0.92355
vn 0.13816 0.76647 -0.62724
vn 0.61229 0.76647 -0.19397
vn 0.9523 0.045871 -0.30169
vn 0.90153 -0.32508 -0.28561
vn 0.73742 0.045871 0.67387
vn 0.47413 0.76647 0.43327
vn -0.47413 0.76647 -0.43327
vn -0.9523 0.045871 0.30169
vn -0.21488 0.045871 0.97556
vn -0.90153 -0.32508 0.28561
vn -0.20342 -0.32508 0.92355
vn 0.69811 -0.32508 0.63794
vn -0.61229 0.76647 0.19397
vn -0.13816 0.76647 0.62724
vt 0.46875 0.3
vt 0.46875 0.475
vt 0.46875 0.40153
vt 0.46875 0.46684
vt 0.46875 0.34815
vt 0.46875 0.275
vt 0.46875 0.44815
vt 0.46875 0.40352
vt 0.46875 0.33019
vt 0.46875 0.31079
vt 0.46875 0.415
vt 0.46875 0.335
vt 0.46875 0.425
vt 0.46875 0.325
vt 0.09375 0.275
vt 0.09375 0.3
vt 0.09375 0.375
vt 0.09375 0.425
vt 0.09375 0.475
vt 0.09375 0.32869
vt 0.09375 0.3812
vt 0.09375 0.31079
vt 0.09375 0.33019
vt 0.09375 0.40352
vt 0.09375 0.395
vt 0.09375 0.28016
vt 0.09375 0.34
vt 0.09375 0.41
vt 0.09375 0.325
vt 0.09375 0.335
vt 0.09375 0.415
vt 0.09375 0.28643
vt 0.09375 0.34357
vt 0.09375 0.355
vt 0.09375 0.385
vt 0.09375 0.645
vt 0.09375 0.65022
vt 0.09375 0.725
vt 0.09375 0.65153
vt 0.09375 0.65214
vt 0.09375 0.65676
vt 0.09375 0.71684
vt 0.09375 0.64691
vt 0.09375 0.65389
vt 0.09375 0.59815
vt 0.09375 0.60792
vt 0.09375 0.69815
vt 0.09375 0.63149
vt 0.09375 0.625
vt 0.09375 0.63476
vt 0.09375 0.65833
vt 0.09375 0.54114
vt 0.09375 0.62182
vt 0.09375 0.64432
vt 0.09375 0.525
vt 0.09375 0.60568
vt 0.71875 0.57869
vt 0.71875 0.6312
vt 0.71875 0.6
vt 0.71875 0.65
vt 0.71875 0.55
vt 0.71875 0.635
vt 0.71875 0.615
vt 0.59375 0.395
vt 0.21875 0.025
vt 0.21875 0.11957
vt 0.21875 0.225
vt 0.21875 0.11957
vt 0.21875 0.275
vt 0.21875 0.41
vt 0.21875 0.3
vt 0.21875 0.385
vt 0.21875 0.365
usemtl colormap
f 3/2/1 2/1/1 1/1/1
f 2/1/1 3/2/1 4/2/1
f 7/2/2 6/2/2 5/2/2
f 6/2/2 7/2/2 8/2/2
f 9/3/3 10/3/3 11/4/3
f 14/4/4 13/3/4 12/3/4
f 15/3/5 16/3/5 17/4/5
f 20/3/6 19/3/6 18/3/6
f 19/3/6 20/3/6 21/3/6
f 22/4/3 23/3/3 24/3/3
f 26/6/8 36/10/8 28/6/8
f 29/5/8 28/6/8 36/10/8
f 36/10/8 26/6/8 35/10/8
f 33/9/8 29/5/8 36/10/8
f 25/5/8 35/10/8 26/6/8
f 34/9/8 35/10/8 25/5/8
f 32/8/8 34/9/8 25/5/8
f 32/8/8 29/5/8 33/9/8
f 31/7/8 32/8/8 25/5/8
f 31/7/8 29/5/8 32/8/8
f 28/6/7 29/5/7 30/5/7
f 25/5/3 26/6/3 27/5/3
f 49/13/8 38/2/8 50/11/8
f 50/11/8 38/2/8 48/12/8
f 44/13/8 38/2/8 49/13/8
f 38/2/8 37/1/8 48/12/8
f 38/2/8 44/13/8 43/2/8
f 48/12/8 37/1/8 47/14/8
f 45/1/8 47/14/8 37/1/8
f 47/14/8 45/1/8 46/14/8
f 46/14/8 45/1/8 42/12/8
f 43/2/8 42/12/8 45/1/8
f 44/13/8 41/11/8 43/2/8
f 41/11/8 42/12/8 43/2/8
f 40/2/7 39/1/7 38/2/7
f 37/1/7 38/2/7 39/1/7
f 53/1/9 52/2/9 51/1/9
f 52/2/9 53/1/9 54/2/9
f 57/2/10 56/12/10 55/11/10
f 57/2/10 55/11/10 58/13/10
f 59/1/10 56/12/10 57/2/10
f 56/12/10 59/1/10 60/14/10
f 60/14/10 59/1/10 61/14/10
f 51/1/10 61/14/10 59/1/10
f 61/14/10 51/1/10 62/12/10
f 57/2/10 58/13/10 52/2/10
f 62/12/10 51/1/10 52/2/10
f 63/13/10 52/2/10 58/13/10
f 62/12/10 52/2/10 64/11/10
f 64/11/10 52/2/10 63/13/10
f 75/13/11 74/2/11 76/11/11
f 76/11/11 74/2/11 73/12/11
f 68/13/11 74/2/11 75/13/11
f 74/2/11 72/1/11 73/12/11
f 74/2/11 68/13/11 67/2/11
f 73/12/11 72/1/11 71/14/11
f 69/1/11 71/14/11 72/1/11
f 71/14/11 69/1/11 70/14/11
f 70/14/11 69/1/11 66/12/11
f 67/2/11 66/12/11 69/1/11
f 68/13/11 65/11/11 67/2/11
f 65/11/11 66/12/11 67/2/11
f 79/2/12 78/1/12 77/1/12
f 78/1/12 79/2/12 80/11/12
f 80/11/12 79/2/12 81/13/12
f 81/13/12 79/2/12 82/13/12
f 83/2/12 82/13/12 79/2/12
f 83/2/12 84/11/12 82/13/12
f 85/1/12 84/11/12 83/2/12
f 84/11/12 85/1/12 86/1/12
f 99/13/10 88/2/10 100/11/10
f 100/11/10 88/2/10 98/12/10
f 94/13/10 88/2/10 99/13/10
f 88/2/10 87/1/10 98/12/10
f 88/2/10 94/13/10 93/2/10
f 98/12/10 87/1/10 97/14/10
f 95/1/10 97/14/10 87/1/10
f 97/14/10 95/1/10 96/14/10
f 96/14/10 95/1/10 92/12/10
f 93/2/10 92/12/10 95/1/10
f 94/13/10 91/11/10 93/2/10
f 91/11/10 92/12/10 93/2/10
f 90/2/13 89/1/13 88/2/13
f 87/1/13 88/2/13 89/1/13
f 103/1/14 102/2/14 101/1/14
f 102/2/14 103/1/14 104/2/14
f 107/2/15 106/12/15 105/11/15
f 107/2/15 105/11/15 108/13/15
f 109/1/15 106/12/15 107/2/15
f 106/12/15 109/1/15 110/14/15
f 110/14/15 109/1/15 111/14/15
f 101/1/15 111/14/15 109/1/15
f 111/14/15 101/1/15 112/12/15
f 107/2/15 108/13/15 102/2/15
f 112/12/15 101/1/15 102/2/15
f 113/13/15 102/2/15 108/13/15
f 112/12/15 102/2/15 114/11/15
f 114/11/15 102/2/15 113/13/15
f 127/13/15 116/2/15 128/11/15
f 128/11/15 116/2/15 126/12/15
f 122/13/15 116/2/15 127/13/15
f 116/2/15 115/1/15 126/12/15
f 116/2/15 122/13/15 121/2/15
f 126/12/15 115/1/15 125/14/15
f 123/1/15 125/14/15 115/1/15
f 125/14/15 123/1/15 124/14/15
f 124/14/15 123/1/15 120/12/15
f 121/2/15 120/12/15 123/1/15
f 122/13/15 119/11/15 121/2/15
f 119/11/15 120/12/15 121/2/15
f 118/2/5 117/1/5 116/2/5
f 115/1/5 116/2/5 117/1/5
f 141/13/8 130/2/8 142/11/8
f 142/11/8 130/2/8 140/12/8
f 136/13/8 130/2/8 141/13/8
f 130/2/8 129/1/8 140/12/8
f 130/2/8 136/13/8 135/2/8
f 140/12/8 129/1/8 139/14/8
f 137/1/8 139/14/8 129/1/8
f 139/14/8 137/1/8 138/14/8
f 138/14/8 137/1/8 134/12/8
f 135/2/8 134/12/8 137/1/8
f 136/13/8 133/11/8 135/2/8
f 133/11/8 134/12/8 135/2/8
f 132/2/7 131/1/7 130/2/7
f 129/1/7 130/2/7 131/1/7
f 145/1/3 144/2/3 143/1/3
f 144/2/3 145/1/3 146/2/3
f 149/2/8 148/12/8 147/11/8
f 149/2/8 147/11/8 150/13/8
f 151/1/8 148/12/8 149/2/8
f 148/12/8 151/1/8 152/14/8
f 152/14/8 151/1/8 153/14/8
f 143/1/8 153/14/8 151/1/8
f 153/14/8 143/1/8 154/12/8
f 149/2/8 150/13/8 144/2/8
f 154/12/8 143/1/8 144/2/8
f 155/13/8 144/2/8 150/13/8
f 154/12/8 144/2/8 156/11/8
f 156/11/8 144/2/8 155/13/8
f 167/1/8 158/1/8 166/11/8
f 157/2/8 166/11/8 158/1/8
f 165/13/8 166/11/8 157/2/8
f 162/2/8 165/13/8 157/2/8
f 165/13/8 162/2/8 164/13/8
f 164/13/8 162/2/8 163/11/8
f 163/11/8 162/2/8 161/1/8
f 160/1/8 161/1/8 162/2/8
f 159/1/3 7/2/3 158/1/3
f 157/2/3 158/1/3 7/2/3
f 170/1/3 169/2/3 168/1/3
f 169/2/3 170/1/3 171/2/3
f 169/2/8 172/1/8 168/1/8
f 172/1/8 169/2/8 173/11/8
f 173/11/8 169/2/8 174/13/8
f 174/13/8 169/2/8 175/13/8
f 176/2/8 175/13/8 169/2/8
f 176/2/8 177/11/8 175/13/8
f 178/1/8 177/11/8 176/2/8
f 177/11/8 178/1/8 179/1/8
f 182/2/11 181/12/11 180/11/11
f 182/2/11 180/11/11 183/13/11
f 184/1/11 181/12/11 182/2/11
f 181/12/11 184/1/11 185/14/11
f 185/14/11 184/1/11 186/14/11
f 187/1/11 186/14/11 184/1/11
f 186/14/11 187/1/11 188/12/11
f 182/2/11 183/13/11 189/2/11
f 188/12/11 187/1/11 189/2/11
f 190/13/11 189/2/11 183/13/11
f 188/12/11 189/2/11 191/11/11
f 191/11/11 189/2/11 190/13/11
f 194/1/16 193/2/16 192/1/16
f 193/2/16 194/1/16 195/2/16
f 198/2/17 197/12/17 196/11/17
f 198/2/17 196/11/17 199/13/17
f 200/1/17 197/12/17 198/2/17
f 197/12/17 200/1/17 201/14/17
f 201/14/17 200/1/17 202/14/17
f 192/1/17 202/14/17 200/1/17
f 202/14/17 192/1/17 203/12/17
f 198/2/17 199/13/17 193/2/17
f 203/12/17 192/1/17 193/2/17
f 204/13/17 193/2/17 199/13/17
f 203/12/17 193/2/17 205/11/17
f 205/11/17 193/2/17 204/13/17
f 208/15/6 207/15/6 206/15/6
f 207/15/6 208/15/6 6/15/6
f 209/16/1 206/15/1 207/15/1
f 206/15/1 209/16/1 210/16/1
f 209/16/2 2/16/2 210/16/2
f 2/16/2 209/16/2 1/16/2
f 213/15/6 212/15/6 211/15/6
f 212/15/6 213/15/6 214/15/6
f 217/18/7 216/17/19 215/17/18
f 216/17/19 217/18/7 218/18/20
f 221/17/22 220/18/3 219/17/21
f 220/18/3 221/17/22 222/18/23
f 216/17/20 224/15/24 223/15/20
f 224/15/24 216/17/20 225/17/24
f 217/18/7 227/17/26 226/18/25
f 227/17/26 217/18/7 215/17/18
f 228/18/24 221/17/22 225/17/27
f 221/17/22 228/18/24 222/18/23
f 230/18/8 227/17/26 229/17/28
f 227/17/26 230/18/8 226/18/25
f 232/18/30 229/17/28 231/17/29
f 229/17/28 232/18/30 230/18/8
f 234/19/32 217/18/7 233/19/31
f 217/18/7 234/19/32 218/18/20
f 225/17/24 235/15/23 224/15/24
f 235/15/23 225/17/24 221/17/23
f 231/17/30 237/15/8 236/15/30
f 237/15/8 231/17/30 229/17/8
f 238/15/3 231/17/30 236/15/30
f 231/17/30 238/15/3 219/17/3
f 218/18/20 225/17/27 216/17/19
f 225/17/27 218/18/20 228/18/24
f 239/19/33 230/18/8 232/18/30
f 230/18/8 239/19/33 240/19/34
f 241/19/35 217/18/7 226/18/25
f 217/18/7 241/19/35 233/19/31
f 240/19/34 226/18/25 230/18/8
f 226/18/25 240/19/34 241/19/35
f 231/17/29 220/18/3 232/18/30
f 220/18/3 231/17/29 219/17/21
f 242/19/36 222/18/23 228/18/24
f 222/18/23 242/19/36 243/19/37
f 220/18/3 239/19/33 232/18/30
f 239/19/33 220/18/3 244/19/38
f 241/19/2 234/19/2 233/19/2
f 234/19/2 241/19/2 240/19/2
f 234/19/2 240/19/2 242/19/2
f 242/19/2 240/19/2 239/19/2
f 242/19/2 239/19/2 243/19/2
f 243/19/2 239/19/2 244/19/2
f 215/17/7 245/15/25 227/17/25
f 245/15/25 215/17/7 246/15/7
f 229/17/8 245/15/25 237/15/8
f 245/15/25 229/17/8 227/17/25
f 220/18/3 243/19/37 244/19/38
f 243/19/37 220/18/3 222/18/23
f 216/17/20 246/15/7 215/17/7
f 246/15/7 216/17/20 223/15/20
f 234/19/32 228/18/24 218/18/20
f 228/18/24 234/19/32 242/19/36
f 235/15/23 219/17/3 238/15/3
f 219/17/3 235/15/23 221/17/23
f 34/23/44 256/23/44 35/22/41
f 254/22/41 35/22/41 256/23/44
f 32/24/2 257/24/2 34/23/44
f 256/23/44 34/23/44 257/24/2
f 33/23/43 255/23/43 32/24/2
f 257/24/2 32/24/2 255/23/43
f 36/22/42 253/22/42 33/23/43
f 255/23/43 33/23/43 253/22/42
f 253/22/42 36/22/42 254/22/41
f 35/22/41 254/22/41 36/22/42
f 257/24/8 250/21/8 256/23/8
f 257/24/8 255/23/8 250/21/8
f 250/21/8 248/20/8 256/23/8
f 250/21/8 255/23/8 251/20/8
f 256/23/8 248/20/8 254/22/8
f 251/20/8 254/22/8 248/20/8
f 251/20/8 255/23/8 254/22/8
f 253/22/8 254/22/8 255/23/8
f 251/20/40 252/20/40 250/21/6
f 249/21/6 250/21/6 252/20/40
f 252/20/40 251/20/40 247/20/39
f 248/20/39 247/20/39 251/20/40
f 250/21/6 249/21/6 248/20/39
f 247/20/39 248/20/39 249/21/6
f 260/19/5 259/15/45 258/19/45
f 259/15/45 260/19/5 261/15/5
f 264/19/46 263/15/47 262/15/46
f 263/15/47 264/19/46 265/19/47
f 263/15/47 267/19/48 266/15/48
f 267/19/48 263/15/47 265/19/47
f 258/19/45 266/15/48 267/19/48
f 266/15/48 258/19/45 259/15/45
f 270/15/14 269/19/49 268/15/49
f 269/19/49 270/15/14 271/19/14
f 268/15/49 273/19/50 272/15/50
f 273/19/50 268/15/49 269/19/49
f 273/19/50 262/15/46 272/15/50
f 262/15/46 273/19/50 264/19/46
f 270/15/6 259/15/6 261/15/6
f 259/15/6 270/15/6 266/15/6
f 266/15/6 270/15/6 263/15/6
f 263/15/6 270/15/6 262/15/6
f 262/15/6 270/15/6 272/15/6
f 272/15/6 270/15/6 268/15/6
f 258/19/2 274/19/2 260/19/2
f 274/19/2 258/19/2 267/19/2
f 274/19/2 267/19/2 275/19/2
f 275/19/2 267/19/2 276/19/2
f 276/19/2 267/19/2 265/19/2
f 276/19/2 265/19/2 277/19/2
f 277/19/2 265/19/2 264/19/2
f 277/19/2 264/19/2 278/19/2
f 278/19/2 264/19/2 279/19/2
f 279/19/2 264/19/2 273/19/2
f 279/19/2 273/19/2 280/19/2
f 271/19/2 280/19/2 273/19/2
f 271/19/2 273/19/2 269/19/2
f 280/19/2 271/19/2 281/19/2
f 280/19/52 282/25/51 279/19/51
f 282/25/51 280/19/52 283/25/52
f 281/19/5 283/25/52 280/19/52
f 283/25/52 281/19/5 284/25/5
f 286/25/14 275/19/53 285/25/53
f 275/19/53 286/25/14 274/19/14
f 285/25/53 276/19/54 287/25/54
f 276/19/54 285/25/53 275/19/53
f 276/19/54 288/25/55 287/25/54
f 288/25/55 276/19/54 277/19/55
f 277/19/55 289/25/56 288/25/55
f 289/25/56 277/19/55 278/19/56
f 278/19/56 282/25/51 289/25/56
f 282/25/51 278/19/56 279/19/51
f 292/15/24 291/19/24 290/19/24
f 291/19/24 292/15/24 293/15/24
f 292/15/7 295/19/7 294/26/7
f 295/19/7 292/15/7 290/19/7
f 291/19/3 297/26/3 296/19/3
f 297/26/3 291/19/3 293/15/3
f 297/26/8 295/19/8 296/19/8
f 295/19/8 297/26/8 294/26/8
f 291/19/6 295/19/6 290/19/6
f 295/19/6 291/19/6 296/19/6
f 300/26/8 299/19/8 298/19/8
f 299/19/8 300/26/8 301/26/8
f 303/19/6 299/19/6 302/19/6
f 299/19/6 303/19/6 298/19/6
f 304/15/7 299/19/7 301/26/7
f 299/19/7 304/15/7 302/19/7
f 303/19/3 300/26/3 298/19/3
f 300/26/3 303/19/3 305/15/3
f 304/15/24 303/19/24 302/19/24
f 303/19/24 304/15/24 305/15/24
f 308/15/24 307/19/24 306/19/24
f 307/19/24 308/15/24 309/15/24
f 308/15/7 311/19/7 310/26/7
f 311/19/7 308/15/7 306/19/7
f 307/19/3 313/26/3 312/19/3
f 313/26/3 307/19/3 309/15/3
f 313/26/8 311/19/8 312/19/8
f 311/19/8 313/26/8 310/26/8
f 307/19/6 311/19/6 306/19/6
f 311/19/6 307/19/6 312/19/6
f 316/26/8 315/19/8 314/19/8
f 315/19/8 316/26/8 317/26/8
f 319/19/6 315/19/6 318/19/6
f 315/19/6 319/19/6 314/19/6
f 320/15/7 315/19/7 317/26/7
f 315/19/7 320/15/7 318/19/7
f 319/19/3 316/26/3 314/19/3
f 316/26/3 319/19/3 321/15/3
f 320/15/24 319/19/24 318/19/24
f 319/19/24 320/15/24 321/15/24
f 343/18/8 344/18/8 345/31/8
f 344/18/8 342/31/8 345/31/8
f 342/31/8 323/28/8 345/31/8
f 323/28/8 322/27/8 345/31/8
f 323/28/8 342/31/8 329/28/8
f 345/31/8 322/27/8 346/30/8
f 329/28/8 342/31/8 326/27/8
f 326/27/8 346/30/8 322/27/8
f 342/31/8 341/30/8 326/27/8
f 326/27/8 341/30/8 346/30/8
f 346/30/8 341/30/8 339/29/8
f 340/29/8 339/29/8 341/30/8
f 49/18/66 50/31/64 344/18/66
f 342/31/64 344/18/66 50/31/64
f 41/31/67 44/18/65 345/31/67
f 343/18/65 345/31/67 44/18/65
f 48/30/63 47/29/62 341/30/63
f 340/29/62 341/30/63 47/29/62
f 46/29/61 42/30/68 339/29/61
f 346/30/68 339/29/61 42/30/68
f 42/30/68 41/31/67 346/30/68
f 345/31/67 346/30/68 41/31/67
f 49/18/66 344/18/66 44/18/65
f 343/18/65 44/18/65 344/18/66
f 50/31/64 48/30/63 342/31/64
f 341/30/63 342/31/64 48/30/63
f 340/29/62 47/29/62 339/29/61
f 46/29/61 339/29/61 47/29/62
f 334/15/6 336/15/6 330/15/6
f 330/15/6 336/15/6 331/15/6
f 338/15/6 331/15/6 336/15/6
f 337/16/2 335/16/2 39/16/2
f 39/16/2 335/16/2 37/16/2
f 335/16/2 332/16/2 37/16/2
f 37/16/2 332/16/2 45/16/2
f 333/16/2 45/16/2 332/16/2
f 335/16/60 334/15/60 332/16/59
f 330/15/59 332/16/59 334/15/60
f 337/16/7 336/15/7 335/16/60
f 334/15/60 335/16/60 336/15/7
f 333/16/8 332/16/59 331/15/8
f 330/15/59 331/15/8 332/16/59
f 327/27/58 328/28/41 326/27/58
f 329/28/41 326/27/58 328/28/41
f 329/28/41 328/28/41 323/28/42
f 325/28/42 323/28/42 328/28/41
f 327/27/58 326/27/58 324/27/57
f 322/27/57 324/27/57 326/27/58
f 325/28/42 324/27/57 323/28/42
f 322/27/57 323/28/42 324/27/57
f 349/32/8 324/15/8 347/32/8
f 325/34/8 347/32/8 324/15/8
f 352/33/8 347/32/8 325/34/8
f 324/15/8 349/32/8 327/15/8
f 328/34/8 352/33/8 325/34/8
f 328/34/8 327/15/8 349/32/8
f 352/33/8 328/34/8 354/33/8
f 354/33/8 328/34/8 349/32/8
f 350/32/58 353/33/41 349/32/58
f 354/33/41 349/32/58 353/33/41
f 351/33/42 348/32/57 352/33/42
f 347/32/57 352/33/42 348/32/57
f 354/33/41 353/33/41 352/33/42
f 351/33/42 352/33/42 353/33/41
f 350/32/58 349/32/58 348/32/57
f 347/32/57 348/32/57 349/32/58
f 357/27/69 356/28/70 355/27/69
f 356/28/70 357/27/69 358/28/70
f 359/27/71 357/27/69 355/27/69
f 357/27/69 359/27/71 360/27/71
f 361/28/72 356/28/70 358/28/70
f 356/28/70 361/28/72 362/28/72
f 361/28/72 359/27/71 362/28/72
f 359/27/71 361/28/72 360/27/71
f 365/16/73 364/15/10 363/15/73
f 364/15/10 365/16/73 366/16/10
f 369/15/9 368/16/74 367/15/74
f 368/16/74 369/15/9 370/16/9
f 367/15/74 365/16/73 363/15/73
f 365/16/73 367/15/74 368/16/74
f 365/16/2 59/16/2 366/16/2
f 59/16/2 365/16/2 51/16/2
f 51/16/2 365/16/2 368/16/2
f 51/16/2 368/16/2 53/16/2
f 53/16/2 368/16/2 370/16/2
f 369/15/6 364/15/6 371/15/6
f 364/15/6 369/15/6 363/15/6
f 363/15/6 369/15/6 367/15/6
f 61/29/76 372/29/75 60/29/75
f 372/29/75 61/29/76 373/29/76
f 62/30/77 375/31/78 374/30/77
f 375/31/78 62/30/77 64/31/78
f 377/18/80 58/18/79 376/18/79
f 58/18/79 377/18/80 63/18/80
f 55/31/81 379/30/82 378/31/81
f 379/30/82 55/31/81 56/30/82
f 56/30/82 372/29/75 379/30/82
f 372/29/75 56/30/82 60/29/75
f 61/29/76 374/30/77 373/29/76
f 374/30/77 61/29/76 62/30/77
f 58/18/79 378/31/81 376/18/79
f 378/31/81 58/18/79 55/31/81
f 64/31/78 377/18/80 375/31/78
f 377/18/80 64/31/78 63/18/80
f 374/30/10 372/29/10 373/29/10
f 372/29/10 374/30/10 379/30/10
f 379/30/10 374/30/10 359/27/10
f 359/27/10 374/30/10 375/31/10
f 355/27/10 379/30/10 359/27/10
f 359/27/10 375/31/10 362/28/10
f 379/30/10 355/27/10 378/31/10
f 362/28/10 375/31/10 356/28/10
f 378/31/10 355/27/10 356/28/10
f 378/31/10 356/28/10 375/31/10
f 378/31/10 375/31/10 377/18/10
f 378/31/10 377/18/10 376/18/10
f 382/32/71 381/32/69 380/32/69
f 381/32/69 382/32/71 383/32/71
f 386/33/72 385/33/70 384/33/70
f 385/33/70 386/33/72 387/33/72
f 381/32/69 385/33/70 380/32/69
f 385/33/70 381/32/69 384/33/70
f 386/33/72 382/32/71 387/33/72
f 382/32/71 386/33/72 383/32/71
f 382/32/10 361/34/10 387/33/10
f 387/33/10 361/34/10 385/33/10
f 382/32/10 360/15/10 361/34/10
f 358/34/10 385/33/10 361/34/10
f 360/15/10 382/32/10 357/15/10
f 358/34/10 380/32/10 385/33/10
f 357/15/10 380/32/10 358/34/10
f 380/32/10 357/15/10 382/32/10
f 406/18/11 407/18/11 408/31/11
f 407/18/11 405/31/11 408/31/11
f 405/31/11 389/28/11 408/31/11
f 389/28/11 388/27/11 408/31/11
f 389/28/11 405/31/11 395/28/11
f 408/31/11 388/27/11 409/30/11
f 395/28/11 405/31/11 392/27/11
f 392/27/11 409/30/11 388/27/11
f 405/31/11 404/30/11 392/27/11
f 392/27/11 404/30/11 409/30/11
f 409/30/11 404/30/11 402/29/11
f 403/29/11 402/29/11 404/30/11
f 75/18/92 76/31/90 407/18/92
f 405/31/90 407/18/92 76/31/90
f 65/31/93 68/18/91 408/31/93
f 406/18/91 408/31/93 68/18/91
f 71/29/88 403/29/88 73/30/89
f 404/30/89 73/30/89 403/29/88
f 70/29/87 66/30/94 402/29/87
f 409/30/94 402/29/87 66/30/94
f 66/30/94 65/31/93 409/30/94
f 408/31/93 409/30/94 65/31/93
f 75/18/92 407/18/92 68/18/91
f 406/18/91 68/18/91 407/18/92
f 76/31/90 73/30/89 405/31/90
f 404/30/89 405/31/90 73/30/89
f 403/29/88 71/29/88 402/29/87
f 70/29/87 402/29/87 71/29/88
f 396/15/6 401/15/6 397/15/6
f 400/15/6 397/15/6 401/15/6
f 72/16/2 398/16/2 69/16/2
f 399/16/2 69/16/2 398/16/2
f 399/16/11 398/16/11 397/15/11
f 396/15/11 397/15/11 398/16/11
f 393/27/85 394/28/86 392/27/85
f 395/28/86 392/27/85 394/28/86
f 395/28/86 394/28/86 389/28/84
f 391/28/84 389/28/84 394/28/86
f 393/27/85 392/27/85 390/27/83
f 388/27/83 390/27/83 392/27/85
f 391/28/84 390/27/83 389/28/84
f 388/27/83 389/28/84 390/27/83
f 412/32/11 421/15/11 410/32/11
f 420/34/11 410/32/11 421/15/11
f 415/33/11 410/32/11 420/34/11
f 421/15/11 412/32/11 419/15/11
f 418/34/11 415/33/11 420/34/11
f 418/34/11 419/15/11 412/32/11
f 415/33/11 418/34/11 417/33/11
f 417/33/11 418/34/11 412/32/11
f 413/32/85 416/33/86 412/32/85
f 417/33/86 412/32/85 416/33/86
f 414/33/84 411/32/83 415/33/84
f 410/32/83 415/33/84 411/32/83
f 417/33/86 416/33/86 415/33/84
f 414/33/84 415/33/84 416/33/86
f 413/32/85 412/32/85 411/32/83
f 410/32/83 411/32/83 412/32/85
f 78/16/95 423/31/96 422/16/95
f 423/31/96 78/16/95 80/31/96
f 422/16/2 77/16/2 78/16/2
f 77/16/2 422/16/2 424/16/2
f 425/16/2 86/16/2 85/16/2
f 86/16/2 425/16/2 426/16/2
f 429/15/6 428/15/6 427/15/6
f 428/15/6 429/15/6 430/15/6
f 431/15/6 428/15/6 430/15/6
f 430/15/6 429/15/6 432/15/6
f 432/15/6 429/15/6 433/15/6
f 433/15/6 429/15/6 434/15/6
f 435/18/97 81/18/98 82/18/97
f 81/18/98 435/18/97 436/18/98
f 84/31/99 426/16/100 437/31/99
f 426/16/100 84/31/99 86/16/100
f 80/31/96 436/18/98 423/31/96
f 436/18/98 80/31/96 81/18/98
f 82/18/97 437/31/99 435/18/97
f 437/31/99 82/18/97 84/31/99
f 424/16/12 433/15/12 434/15/12
f 433/15/12 424/16/12 422/16/12
f 433/15/12 422/16/12 438/28/12
f 438/28/12 422/16/12 423/31/12
f 438/28/12 423/31/12 439/28/12
f 437/31/12 439/28/12 423/31/12
f 437/31/12 423/31/12 436/18/12
f 437/31/12 436/18/12 435/18/12
f 426/16/12 439/28/12 437/31/12
f 439/28/12 426/16/12 431/15/12
f 425/16/12 431/15/12 426/16/12
f 431/15/12 425/16/12 428/15/12
f 441/28/6 439/28/6 440/28/6
f 439/28/6 441/28/6 438/28/6
f 430/15/95 439/28/95 431/15/95
f 439/28/95 430/15/95 440/28/95
f 441/28/100 433/15/100 438/28/100
f 433/15/100 441/28/100 432/15/100
f 444/15/102 443/15/101 442/15/101
f 443/15/101 444/15/102 445/15/102
f 447/19/103 443/15/101 446/19/103
f 443/15/101 447/19/103 442/15/101
f 444/15/102 448/19/104 445/15/102
f 448/19/104 444/15/102 449/19/104
f 448/19/104 447/19/103 446/19/103
f 447/19/103 448/19/104 449/19/104
f 448/19/12 443/15/12 445/15/12
f 443/15/12 448/19/12 446/19/12
f 452/29/105 451/18/105 450/29/105
f 451/18/105 452/29/105 453/18/105
f 456/18/20 455/29/23 454/29/20
f 455/29/23 456/18/20 457/18/23
f 450/29/95 456/18/20 454/29/20
f 456/18/20 450/29/95 451/18/95
f 456/18/2 453/18/2 457/18/2
f 453/18/2 456/18/2 451/18/2
f 450/29/6 455/29/6 452/29/6
f 455/29/6 450/29/6 454/29/6
f 453/18/100 455/29/23 457/18/23
f 455/29/23 453/18/100 452/29/100
f 479/18/10 480/18/10 481/31/10
f 480/18/10 478/31/10 481/31/10
f 478/31/10 459/28/10 481/31/10
f 459/28/10 458/27/10 481/31/10
f 459/28/10 478/31/10 465/28/10
f 481/31/10 458/27/10 482/30/10
f 465/28/10 478/31/10 463/27/10
f 463/27/10 482/30/10 458/27/10
f 478/31/10 477/30/10 463/27/10
f 463/27/10 477/30/10 482/30/10
f 482/30/10 477/30/10 475/29/10
f 476/29/10 475/29/10 477/30/10
f 99/18/79 100/31/81 480/18/79
f 478/31/81 480/18/79 100/31/81
f 91/31/78 94/18/80 481/31/78
f 479/18/80 481/31/78 94/18/80
f 98/30/82 97/29/75 477/30/82
f 476/29/75 477/30/82 97/29/75
f 96/29/76 92/30/77 475/29/76
f 482/30/77 475/29/76 92/30/77
f 92/30/77 91/31/78 482/30/77
f 481/31/78 482/30/77 91/31/78
f 480/18/79 479/18/80 99/18/79
f 94/18/80 99/18/79 479/18/80
f 100/31/81 98/30/82 478/31/81
f 477/30/82 478/31/81 98/30/82
f 476/29/75 97/29/75 475/29/76
f 96/29/76 475/29/76 97/29/75
f 470/15/6 472/15/6 466/15/6
f 466/15/6 472/15/6 467/15/6
f 474/15/6 467/15/6 472/15/6
f 471/16/2 468/16/2 473/16/2
f 473/16/2 468/16/2 89/16/2
f 89/16/2 468/16/2 87/16/2
f 468/16/2 469/16/2 87/16/2
f 95/16/2 87/16/2 469/16/2
f 471/16/107 470/15/107 468/16/106
f 466/15/106 468/16/106 470/15/107
f 473/16/13 472/15/13 471/16/107
f 470/15/107 471/16/107 472/15/13
f 469/16/10 468/16/106 467/15/10
f 466/15/106 467/15/10 468/16/106
f 462/27/69 464/28/70 463/27/69
f 465/28/70 463/27/69 464/28/70
f 465/28/70 464/28/70 459/28/72
f 461/28/72 459/28/72 464/28/70
f 463/27/69 458/27/71 462/27/69
f 460/27/71 462/27/69 458/27/71
f 461/28/72 460/27/71 459/28/72
f 458/27/71 459/28/72 460/27/71
f 485/32/10 460/15/10 483/32/10
f 461/34/10 483/32/10 460/15/10
f 488/33/10 483/32/10 461/34/10
f 460/15/10 485/32/10 492/15/10
f 491/34/10 488/33/10 461/34/10
f 491/34/10 492/15/10 485/32/10
f 488/33/10 491/34/10 490/33/10
f 490/33/10 491/34/10 485/32/10
f 486/32/69 489/33/70 485/32/69
f 490/33/70 485/32/69 489/33/70
f 487/33/72 484/32/71 488/33/72
f 483/32/71 488/33/72 484/32/71
f 490/33/70 489/33/70 488/33/72
f 487/33/72 488/33/72 489/33/70
f 486/32/69 485/32/69 484/32/71
f 483/32/71 484/32/71 485/32/69
f 495/27/108 494/28/109 493/27/108
f 494/28/109 495/27/108 496/28/109
f 497/27/110 495/27/108 493/27/108
f 495/27/108 497/27/110 498/27/110
f 499/28/111 494/28/109 496/28/109
f 494/28/109 499/28/111 500/28/111
f 499/28/111 497/27/110 500/28/111
f 497/27/110 499/28/111 498/27/110
f 503/16/112 502/15/15 501/15/112
f 502/15/15 503/16/112 504/16/15
f 507/15/14 506/16/113 505/15/113
f 506/16/113 507/15/14 508/16/14
f 505/15/113 503/16/112 501/15/112
f 503/16/112 505/15/113 506/16/113
f 503/16/2 109/16/2 504/16/2
f 109/16/2 503/16/2 101/16/2
f 101/16/2 503/16/2 506/16/2
f 101/16/2 506/16/2 103/16/2
f 103/16/2 506/16/2 508/16/2
f 507/15/6 502/15/6 509/15/6
f 502/15/6 507/15/6 501/15/6
f 501/15/6 507/15/6 505/15/6
f 111/29/115 510/29/114 110/29/114
f 510/29/114 111/29/115 511/29/115
f 112/30/116 513/31/117 512/30/116
f 513/31/117 112/30/116 114/31/117
f 515/18/119 108/18/118 514/18/118
f 108/18/118 515/18/119 113/18/119
f 105/31/120 517/30/121 516/31/120
f 517/30/121 105/31/120 106/30/121
f 106/30/121 510/29/114 517/30/121
f 510/29/114 106/30/121 110/29/114
f 111/29/115 512/30/116 511/29/115
f 512/30/116 111/29/115 112/30/116
f 108/18/118 516/31/120 514/18/118
f 516/31/120 108/18/118 105/31/120
f 114/31/117 515/18/119 513/31/117
f 515/18/119 114/31/117 113/18/119
f 512/30/15 510/29/15 511/29/15
f 510/29/15 512/30/15 517/30/15
f 517/30/15 512/30/15 497/27/15
f 497/27/15 512/30/15 513/31/15
f 493/27/15 517/30/15 497/27/15
f 497/27/15 513/31/15 500/28/15
f 517/30/15 493/27/15 516/31/15
f 500/28/15 513/31/15 494/28/15
f 516/31/15 493/27/15 494/28/15
f 516/31/15 494/28/15 513/31/15
f 516/31/15 513/31/15 515/18/15
f 516/31/15 515/18/15 514/18/15
f 520/32/2 519/32/108 518/32/108
f 519/32/108 520/32/2 521/32/110
f 521/32/110 520/32/2 522/32/2
f 521/32/110 522/32/2 523/32/110
f 526/33/111 525/33/109 524/33/109
f 525/33/109 526/33/111 527/33/6
f 527/33/6 526/33/111 528/33/6
f 528/33/6 526/33/111 529/33/111
f 519/32/108 525/33/109 518/32/108
f 525/33/109 519/32/108 524/33/109
f 526/33/111 523/32/110 529/33/111
f 523/32/110 526/33/111 521/32/110
f 523/32/15 499/34/15 529/33/15
f 529/33/15 499/34/15 528/33/15
f 523/32/15 498/15/15 499/34/15
f 498/15/15 523/32/15 530/15/15
f 518/32/15 530/15/15 523/32/15
f 518/32/15 523/32/15 522/32/15
f 530/15/15 518/32/15 531/34/15
f 518/32/15 522/32/15 520/32/15
f 528/33/15 520/32/15 522/32/15
f 531/34/15 518/32/15 525/33/15
f 531/34/15 525/33/15 499/34/15
f 520/32/15 528/33/15 527/33/15
f 528/33/15 499/34/15 527/33/15
f 527/33/15 499/34/15 525/33/15
f 553/18/15 554/18/15 555/31/15
f 554/18/15 552/31/15 555/31/15
f 552/31/15 533/28/15 555/31/15
f 533/28/15 532/27/15 555/31/15
f 533/28/15 552/31/15 539/28/15
f 555/31/15 532/27/15 556/30/15
f 539/28/15 552/31/15 536/27/15
f 536/27/15 556/30/15 532/27/15
f 552/31/15 551/30/15 536/27/15
f 536/27/15 551/30/15 556/30/15
f 556/30/15 551/30/15 549/29/15
f 550/29/15 549/29/15 551/30/15
f 127/18/118 128/31/120 554/18/118
f 552/31/120 554/18/118 128/31/120
f 119/31/117 122/18/119 555/31/117
f 553/18/119 555/31/117 122/18/119
f 126/30/121 125/29/114 551/30/121
f 550/29/114 551/30/121 125/29/114
f 124/29/115 120/30/116 549/29/115
f 556/30/116 549/29/115 120/30/116
f 120/30/116 119/31/117 556/30/116
f 555/31/117 556/30/116 119/31/117
f 127/18/118 554/18/118 122/18/119
f 553/18/119 122/18/119 554/18/118
f 128/31/120 126/30/121 552/31/120
f 551/30/121 552/31/120 126/30/121
f 550/29/114 125/29/114 549/29/115
f 124/29/115 549/29/115 125/29/114
f 544/15/6 546/15/6 540/15/6
f 540/15/6 546/15/6 541/15/6
f 548/15/6 541/15/6 546/15/6
f 547/16/2 545/16/2 117/16/2
f 117/16/2 545/16/2 115/16/2
f 545/16/2 542/16/2 115/16/2
f 115/16/2 542/16/2 123/16/2
f 543/16/2 123/16/2 542/16/2
f 545/16/123 544/15/123 542/16/122
f 540/15/122 542/16/122 544/15/123
f 547/16/5 546/15/5 545/16/123
f 544/15/123 545/16/123 546/15/5
f 543/16/15 542/16/122 541/15/15
f 540/15/122 541/15/15 542/16/122
f 537/27/108 538/28/109 536/27/108
f 539/28/109 536/27/108 538/28/109
f 539/28/109 538/28/109 533/28/111
f 535/28/111 533/28/111 538/28/109
f 537/27/108 536/27/108 534/27/110
f 532/27/110 534/27/110 536/27/108
f 535/28/111 534/27/110 533/28/111
f 532/27/110 533/28/111 534/27/110
f 564/33/15 569/34/15 566/33/15
f 566/33/15 569/34/15 567/33/15
f 566/33/15 567/33/15 559/32/15
f 569/34/15 564/33/15 572/34/15
f 564/33/15 557/32/15 572/34/15
f 561/32/15 559/32/15 567/33/15
f 559/32/15 561/32/15 557/32/15
f 572/34/15 557/32/15 571/15/15
f 561/32/15 562/32/15 557/32/15
f 562/32/15 571/15/15 557/32/15
f 571/15/15 562/32/15 570/15/15
f 569/34/15 570/15/15 562/32/15
f 567/33/15 569/34/15 568/33/15
f 568/33/15 569/34/15 562/32/15
f 560/32/108 565/33/109 562/32/108
f 568/33/109 562/32/108 565/33/109
f 563/33/111 558/32/110 564/33/111
f 557/32/110 564/33/111 558/32/110
f 568/33/109 565/33/109 567/33/6
f 567/33/6 565/33/109 566/33/6
f 566/33/6 565/33/109 564/33/111
f 563/33/111 564/33/111 565/33/109
f 562/32/108 561/32/2 560/32/108
f 561/32/2 559/32/2 560/32/108
f 560/32/108 559/32/2 558/32/110
f 557/32/110 558/32/110 559/32/2
f 594/18/8 595/18/8 596/31/8
f 595/18/8 593/31/8 596/31/8
f 593/31/8 574/28/8 596/31/8
f 574/28/8 573/27/8 596/31/8
f 574/28/8 593/31/8 580/28/8
f 596/31/8 573/27/8 597/30/8
f 580/28/8 593/31/8 577/27/8
f 577/27/8 597/30/8 573/27/8
f 593/31/8 592/30/8 577/27/8
f 577/27/8 592/30/8 597/30/8
f 597/30/8 592/30/8 590/29/8
f 591/29/8 590/29/8 592/30/8
f 141/18/66 142/31/64 595/18/66
f 593/31/64 595/18/66 142/31/64
f 133/31/67 136/18/65 596/31/67
f 594/18/65 596/31/67 136/18/65
f 140/30/63 139/29/62 592/30/63
f 591/29/62 592/30/63 139/29/62
f 138/29/61 134/30/68 590/29/61
f 597/30/68 590/29/61 134/30/68
f 134/30/68 133/31/67 597/30/68
f 596/31/67 597/30/68 133/31/67
f 141/18/66 595/18/66 136/18/65
f 594/18/65 136/18/65 595/18/66
f 142/31/64 140/30/63 593/31/64
f 592/30/63 593/31/64 140/30/63
f 591/29/62 139/29/62 590/29/61
f 138/29/61 590/29/61 139/29/62
f 585/15/6 587/15/6 581/15/6
f 581/15/6 587/15/6 582/15/6
f 589/15/6 582/15/6 587/15/6
f 588/16/2 586/16/2 131/16/2
f 131/16/2 586/16/2 129/16/2
f 586/16/2 583/16/2 129/16/2
f 129/16/2 583/16/2 137/16/2
f 584/16/2 137/16/2 583/16/2
f 586/16/60 585/15/60 583/16/59
f 581/15/59 583/16/59 585/15/60
f 588/16/7 587/15/7 586/16/60
f 585/15/60 586/16/60 587/15/7
f 584/16/8 583/16/59 582/15/8
f 581/15/59 582/15/8 583/16/59
f 578/27/58 579/28/41 577/27/58
f 580/28/41 577/27/58 579/28/41
f 580/28/41 579/28/41 574/28/42
f 576/28/42 574/28/42 579/28/41
f 578/27/58 577/27/58 575/27/57
f 573/27/57 575/27/57 577/27/58
f 576/28/42 575/27/57 574/28/42
f 573/27/57 574/28/42 575/27/57
f 605/33/8 610/34/8 607/33/8
f 607/33/8 610/34/8 608/33/8
f 607/33/8 608/33/8 600/32/8
f 610/34/8 605/33/8 613/34/8
f 605/33/8 598/32/8 613/34/8
f 602/32/8 600/32/8 608/33/8
f 600/32/8 602/32/8 598/32/8
f 613/34/8 598/32/8 612/15/8
f 602/32/8 603/32/8 598/32/8
f 603/32/8 612/15/8 598/32/8
f 612/15/8 603/32/8 611/15/8
f 610/34/8 611/15/8 603/32/8
f 608/33/8 610/34/8 609/33/8
f 609/33/8 610/34/8 603/32/8
f 601/32/58 606/33/41 603/32/58
f 609/33/41 603/32/58 606/33/41
f 604/33/42 599/32/57 605/33/42
f 598/32/57 605/33/42 599/32/57
f 609/33/41 606/33/41 608/33/6
f 608/33/6 606/33/41 607/33/6
f 607/33/6 606/33/41 605/33/42
f 604/33/42 605/33/42 606/33/41
f 603/32/58 602/32/2 601/32/58
f 602/32/2 600/32/2 601/32/58
f 601/32/58 600/32/2 599/32/57
f 598/32/57 599/32/57 600/32/2
f 616/27/58 615/28/41 614/27/58
f 615/28/41 616/27/58 617/28/41
f 618/27/57 616/27/58 614/27/58
f 616/27/58 618/27/57 619/27/57
f 620/28/42 615/28/41 617/28/41
f 615/28/41 620/28/42 621/28/42
f 620/28/42 618/27/57 621/28/42
f 618/27/57 620/28/42 619/27/57
f 624/16/124 623/15/8 622/15/124
f 623/15/8 624/16/124 625/16/8
f 628/15/3 627/16/125 626/15/125
f 627/16/125 628/15/3 629/16/3
f 626/15/125 624/16/124 622/15/124
f 624/16/124 626/15/125 627/16/125
f 624/16/2 151/16/2 625/16/2
f 151/16/2 624/16/2 143/16/2
f 143/16/2 624/16/2 627/16/2
f 143/16/2 627/16/2 145/16/2
f 145/16/2 627/16/2 629/16/2
f 628/15/6 623/15/6 5/15/6
f 623/15/6 628/15/6 622/15/6
f 622/15/6 628/15/6 626/15/6
f 153/29/61 630/29/62 152/29/62
f 630/29/62 153/29/61 631/29/61
f 154/30/68 633/31/67 632/30/68
f 633/31/67 154/30/68 156/31/67
f 635/18/65 150/18/66 634/18/66
f 150/18/66 635/18/65 155/18/65
f 147/31/64 637/30/63 636/31/64
f 637/30/63 147/31/64 148/30/63
f 148/30/63 630/29/62 637/30/63
f 630/29/62 148/30/63 152/29/62
f 153/29/61 632/30/68 631/29/61
f 632/30/68 153/29/61 154/30/68
f 150/18/66 636/31/64 634/18/66
f 636/31/64 150/18/66 147/31/64
f 156/31/67 635/18/65 633/31/67
f 635/18/65 156/31/67 155/18/65
f 632/30/8 630/29/8 631/29/8
f 630/29/8 632/30/8 637/30/8
f 637/30/8 632/30/8 618/27/8
f 618/27/8 632/30/8 633/31/8
f 614/27/8 637/30/8 618/27/8
f 618/27/8 633/31/8 621/28/8
f 637/30/8 614/27/8 636/31/8
f 621/28/8 633/31/8 615/28/8
f 636/31/8 614/27/8 615/28/8
f 636/31/8 615/28/8 633/31/8
f 636/31/8 633/31/8 635/18/8
f 636/31/8 635/18/8 634/18/8
f 640/32/2 639/32/58 638/32/58
f 639/32/58 640/32/2 641/32/57
f 641/32/57 640/32/2 642/32/2
f 641/32/57 642/32/2 643/32/57
f 646/33/42 645/33/41 644/33/41
f 645/33/41 646/33/42 647/33/6
f 647/33/6 646/33/42 648/33/6
f 648/33/6 646/33/42 649/33/42
f 639/32/58 645/33/41 638/32/58
f 645/33/41 639/32/58 644/33/41
f 646/33/42 643/32/57 649/33/42
f 643/32/57 646/33/42 641/32/57
f 643/32/8 650/34/8 649/33/8
f 649/33/8 650/34/8 648/33/8
f 643/32/8 651/15/8 650/34/8
f 651/15/8 643/32/8 652/15/8
f 638/32/8 652/15/8 643/32/8
f 638/32/8 643/32/8 642/32/8
f 652/15/8 638/32/8 653/34/8
f 638/32/8 642/32/8 640/32/8
f 648/33/8 640/32/8 642/32/8
f 653/34/8 638/32/8 645/33/8
f 653/34/8 645/33/8 650/34/8
f 640/32/8 648/33/8 647/33/8
f 648/33/8 650/34/8 647/33/8
f 647/33/8 650/34/8 645/33/8
f 677/35/42 682/16/57 678/35/42
f 681/16/57 678/35/42 682/16/57
f 684/16/58 679/35/41 683/16/58
f 680/35/41 683/16/58 679/35/41
f 684/16/58 683/16/58 682/16/57
f 681/16/57 682/16/57 683/16/58
f 680/35/41 679/35/41 678/35/42
f 677/35/42 678/35/42 679/35/41
f 164/18/66 163/31/64 671/18/66
f 668/31/64 671/18/66 163/31/64
f 166/31/67 165/18/65 670/31/67
f 672/18/65 670/31/67 165/18/65
f 167/16/3 166/31/67 673/16/3
f 670/31/67 673/16/3 166/31/67
f 164/18/66 671/18/66 165/18/65
f 672/18/65 165/18/65 671/18/66
f 669/15/6 676/15/6 659/15/6
f 659/15/6 676/15/6 661/15/6
f 661/15/6 676/15/6 656/15/6
f 656/15/6 675/15/6 654/15/6
f 656/15/6 676/15/6 675/15/6
f 675/15/6 676/15/6 663/15/6
f 665/15/6 663/15/6 676/15/6
f 167/16/2 673/16/2 158/16/2
f 673/16/2 674/16/2 158/16/2
f 158/16/2 674/16/2 159/16/2
f 674/16/2 662/16/2 159/16/2
f 664/16/2 159/16/2 662/16/2
f 663/15/125 662/16/125 675/15/124
f 674/16/124 675/15/124 662/16/125
f 675/15/124 674/16/124 654/15/8
f 673/16/8 654/15/8 674/16/124
f 654/15/8 673/16/8 655/28/8
f 670/31/8 655/28/8 673/16/8
f 672/18/8 671/18/8 670/31/8
f 671/18/8 668/31/8 670/31/8
f 668/31/8 655/28/8 670/31/8
f 655/28/8 668/31/8 658/28/8
f 668/31/8 666/16/8 658/28/8
f 658/28/8 666/16/8 659/15/8
f 666/16/8 667/16/8 659/15/8
f 669/15/8 659/15/8 667/16/8
f 163/31/64 161/16/7 668/31/64
f 666/16/7 668/31/64 161/16/7
f 160/16/2 667/16/2 161/16/2
f 666/16/2 161/16/2 667/16/2
f 665/15/3 664/16/3 663/15/125
f 662/16/125 663/15/125 664/16/3
f 658/28/6 660/28/6 655/28/6
f 657/28/6 655/28/6 660/28/6
f 661/15/3 660/28/3 659/15/3
f 658/28/3 659/15/3 660/28/3
f 657/28/7 656/15/7 655/28/7
f 654/15/7 655/28/7 656/15/7
f 687/15/41 686/15/42 685/15/42
f 686/15/42 687/15/41 688/15/41
f 690/19/57 686/15/42 689/19/57
f 686/15/42 690/19/57 685/15/42
f 687/15/41 691/19/58 688/15/41
f 691/19/58 687/15/41 692/19/58
f 691/19/58 690/19/57 689/19/57
f 690/19/57 691/19/58 692/19/58
f 691/19/8 686/15/8 688/15/8
f 686/15/8 691/19/8 689/19/8
f 695/29/24 694/18/24 693/29/24
f 694/18/24 695/29/24 696/18/24
f 699/18/30 698/29/25 697/29/30
f 698/29/25 699/18/30 700/18/25
f 693/29/3 699/18/30 697/29/30
f 699/18/30 693/29/3 694/18/3
f 699/18/2 696/18/2 700/18/2
f 696/18/2 699/18/2 694/18/2
f 693/29/6 698/29/6 695/29/6
f 698/29/6 693/29/6 697/29/6
f 696/18/7 698/29/25 700/18/25
f 698/29/25 696/18/7 695/29/7
f 703/15/3 702/28/3 701/15/3
f 702/28/3 703/15/3 704/28/3
f 707/28/7 706/15/7 705/28/7
f 706/15/7 707/28/7 708/15/7
f 707/28/6 702/28/6 704/28/6
f 702/28/6 707/28/6 705/28/6
f 711/15/6 710/15/6 709/15/6
f 710/15/6 711/15/6 703/15/6
f 701/15/6 710/15/6 703/15/6
f 703/15/6 711/15/6 708/15/6
f 708/15/6 711/15/6 706/15/6
f 706/15/6 711/15/6 712/15/6
f 712/15/6 711/15/6 713/15/6
f 715/16/2 172/16/2 714/16/2
f 172/16/2 715/16/2 168/16/2
f 168/16/2 715/16/2 170/16/2
f 170/16/2 715/16/2 716/16/2
f 716/16/2 715/16/2 717/16/2
f 172/16/3 718/31/67 714/16/3
f 718/31/67 172/16/3 173/31/67
f 720/16/2 178/16/2 719/16/2
f 178/16/2 720/16/2 179/16/2
f 711/15/3 717/16/125 713/15/125
f 717/16/125 711/15/3 716/16/3
f 713/15/125 715/16/124 712/15/124
f 715/16/124 713/15/125 717/16/125
f 177/31/64 720/16/7 721/31/64
f 720/16/7 177/31/64 179/16/7
f 723/18/65 175/18/66 722/18/66
f 175/18/66 723/18/65 174/18/65
f 175/18/66 721/31/64 722/18/66
f 721/31/64 175/18/66 177/31/64
f 173/31/67 723/18/65 718/31/67
f 723/18/65 173/31/67 174/18/65
f 715/16/124 706/15/8 712/15/124
f 706/15/8 715/16/124 714/16/8
f 706/15/8 714/16/8 705/28/8
f 705/28/8 714/16/8 718/31/8
f 705/28/8 718/31/8 702/28/8
f 721/31/8 702/28/8 718/31/8
f 721/31/8 718/31/8 723/18/8
f 721/31/8 723/18/8 722/18/8
f 720/16/8 702/28/8 721/31/8
f 702/28/8 720/16/8 701/15/8
f 719/16/8 701/15/8 720/16/8
f 701/15/8 719/16/8 710/15/8
f 726/29/24 725/18/24 724/29/24
f 725/18/24 726/29/24 727/18/24
f 730/18/30 729/29/25 728/29/30
f 729/29/25 730/18/30 731/18/25
f 724/29/3 730/18/30 728/29/30
f 730/18/30 724/29/3 725/18/3
f 730/18/2 727/18/2 731/18/2
f 727/18/2 730/18/2 725/18/2
f 724/29/6 729/29/6 726/29/6
f 729/29/6 724/29/6 728/29/6
f 727/18/7 729/29/25 731/18/25
f 729/29/25 727/18/7 726/29/7
f 734/27/85 733/28/86 732/27/85
f 733/28/86 734/27/85 735/28/86
f 736/27/83 734/27/85 732/27/85
f 734/27/85 736/27/83 737/27/83
f 738/28/84 733/28/86 735/28/86
f 733/28/86 738/28/84 739/28/84
f 738/28/84 736/27/83 739/28/84
f 736/27/83 738/28/84 737/27/83
f 742/16/11 741/15/11 740/15/11
f 741/15/11 742/16/11 743/16/11
f 744/15/6 740/15/6 741/15/6
f 740/15/6 744/15/6 745/15/6
f 186/29/87 746/29/88 185/29/88
f 746/29/88 186/29/87 747/29/87
f 188/30/94 749/31/93 748/30/94
f 749/31/93 188/30/94 191/31/93
f 751/18/91 183/18/92 750/18/92
f 183/18/92 751/18/91 190/18/91
f 180/31/90 753/30/89 752/31/90
f 753/30/89 180/31/90 181/30/89
f 181/30/89 746/29/88 753/30/89
f 746/29/88 181/30/89 185/29/88
f 186/29/87 748/30/94 747/29/87
f 748/30/94 186/29/87 188/30/94
f 183/18/92 752/31/90 750/18/92
f 752/31/90 183/18/92 180/31/90
f 191/31/93 751/18/91 749/31/93
f 751/18/91 191/31/93 190/18/91
f 748/30/11 746/29/11 747/29/11
f 746/29/11 748/30/11 753/30/11
f 753/30/11 748/30/11 736/27/11
f 736/27/11 748/30/11 749/31/11
f 732/27/11 753/30/11 736/27/11
f 736/27/11 749/31/11 739/28/11
f 753/30/11 732/27/11 752/31/11
f 739/28/11 749/31/11 733/28/11
f 752/31/11 732/27/11 733/28/11
f 752/31/11 733/28/11 749/31/11
f 752/31/11 749/31/11 751/18/11
f 752/31/11 751/18/11 750/18/11
f 742/16/2 184/16/2 743/16/2
f 184/16/2 742/16/2 187/16/2
f 756/32/2 755/32/85 754/32/85
f 755/32/85 756/32/2 757/32/83
f 757/32/83 756/32/2 758/32/2
f 757/32/83 758/32/2 759/32/83
f 762/33/84 761/33/86 760/33/86
f 761/33/86 762/33/84 763/33/6
f 763/33/6 762/33/84 764/33/6
f 764/33/6 762/33/84 765/33/84
f 755/32/85 761/33/86 754/32/85
f 761/33/86 755/32/85 760/33/86
f 762/33/84 759/32/83 765/33/84
f 759/32/83 762/33/84 757/32/83
f 759/32/11 766/34/11 765/33/11
f 765/33/11 766/34/11 764/33/11
f 759/32/11 767/15/11 766/34/11
f 767/15/11 759/32/11 768/15/11
f 754/32/11 768/15/11 759/32/11
f 754/32/11 759/32/11 758/32/11
f 768/15/11 754/32/11 769/34/11
f 754/32/11 758/32/11 756/32/11
f 764/33/11 756/32/11 758/32/11
f 769/34/11 754/32/11 761/33/11
f 769/34/11 761/33/11 766/34/11
f 756/32/11 764/33/11 763/33/11
f 764/33/11 766/34/11 763/33/11
f 763/33/11 766/34/11 761/33/11
f 772/27/126 771/28/127 770/27/126
f 771/28/127 772/27/126 773/28/127
f 774/27/128 772/27/126 770/27/126
f 772/27/126 774/27/128 775/27/128
f 776/28/129 771/28/127 773/28/127
f 771/28/127 776/28/129 777/28/129
f 776/28/129 774/27/128 777/28/129
f 774/27/128 776/28/129 775/27/128
f 780/16/73 779/15/17 778/15/73
f 779/15/17 780/16/73 781/16/17
f 784/15/16 783/16/74 782/15/74
f 783/16/74 784/15/16 785/16/16
f 782/15/74 780/16/73 778/15/73
f 780/16/73 782/15/74 783/16/74
f 780/16/2 200/16/2 781/16/2
f 200/16/2 780/16/2 192/16/2
f 192/16/2 780/16/2 783/16/2
f 192/16/2 783/16/2 194/16/2
f 194/16/2 783/16/2 785/16/2
f 784/15/6 779/15/6 744/15/6
f 779/15/6 784/15/6 778/15/6
f 778/15/6 784/15/6 782/15/6
f 202/29/131 786/29/130 201/29/130
f 786/29/130 202/29/131 787/29/131
f 203/30/132 789/31/133 788/30/132
f 789/31/133 203/30/132 205/31/133
f 791/18/135 199/18/134 790/18/134
f 199/18/134 791/18/135 204/18/135
f 196/31/136 793/30/137 792/31/136
f 793/30/137 196/31/136 197/30/137
f 197/30/137 786/29/130 793/30/137
f 786/29/130 197/30/137 201/29/130
f 202/29/131 788/30/132 787/29/131
f 788/30/132 202/29/131 203/30/132
f 199/18/134 792/31/136 790/18/134
f 792/31/136 199/18/134 196/31/136
f 205/31/133 791/18/135 789/31/133
f 791/18/135 205/31/133 204/18/135
f 788/30/17 786/29/17 787/29/17
f 786/29/17 788/30/17 793/30/17
f 793/30/17 788/30/17 774/27/17
f 774/27/17 788/30/17 789/31/17
f 770/27/17 793/30/17 774/27/17
f 774/27/17 789/31/17 777/28/17
f 793/30/17 770/27/17 792/31/17
f 777/28/17 789/31/17 771/28/17
f 792/31/17 770/27/17 771/28/17
f 792/31/17 771/28/17 789/31/17
f 792/31/17 789/31/17 791/18/17
f 792/31/17 791/18/17 790/18/17
f 796/32/2 795/32/126 794/32/126
f 795/32/126 796/32/2 797/32/128
f 797/32/128 796/32/2 798/32/2
f 797/32/128 798/32/2 799/32/128
f 802/33/129 801/33/127 800/33/127
f 801/33/127 802/33/129 803/33/6
f 803/33/6 802/33/129 804/33/6
f 804/33/6 802/33/129 805/33/129
f 795/32/126 801/33/127 794/32/126
f 801/33/127 795/32/126 800/33/127
f 802/33/129 799/32/128 805/33/129
f 799/32/128 802/33/129 797/32/128
f 799/32/17 776/34/17 805/33/17
f 805/33/17 776/34/17 804/33/17
f 799/32/17 775/15/17 776/34/17
f 775/15/17 799/32/17 806/15/17
f 794/32/17 806/15/17 799/32/17
f 794/32/17 799/32/17 798/32/17
f 806/15/17 794/32/17 807/34/17
f 794/32/17 798/32/17 796/32/17
f 804/33/17 796/32/17 798/32/17
f 807/34/17 794/32/17 801/33/17
f 807/34/17 801/33/17 776/34/17
f 796/32/17 804/33/17 803/33/17
f 804/33/17 776/34/17 803/33/17
f 803/33/17 776/34/17 801/33/17
f 810/36/138 809/37/138 808/36/138
f 809/37/138 810/36/138 811/37/138
f 809/37/139 813/38/139 812/38/139
f 813/38/139 809/37/139 811/37/139
f 815/39/140 808/36/140 814/39/140
f 808/36/140 815/39/140 810/36/140
f 821/39/146 822/42/146 823/43/146
f 823/43/146 822/42/146 816/36/146
f 822/42/146 11/42/146 816/36/146
f 816/36/146 11/42/146 808/36/146
f 824/42/146 808/36/146 11/42/146
f 821/39/144 823/43/145 820/41/144
f 819/40/145 820/41/144 823/43/145
f 819/40/145 823/43/145 817/37/141
f 816/36/141 817/37/141 823/43/145
f 822/42/3 821/39/144 818/38/3
f 820/41/144 818/38/3 821/39/144
f 820/41/143 819/40/143 818/38/143
f 819/40/143 817/37/143 818/38/143
f 818/38/143 817/37/143 812/38/143
f 809/37/143 812/38/143 817/37/143
f 809/37/142 817/37/141 808/36/142
f 816/36/141 808/36/142 817/37/141
f 827/37/147 826/36/148 825/36/147
f 826/36/148 827/37/147 828/37/148
f 827/37/149 829/38/149 828/37/149
f 829/38/149 827/37/149 830/38/149
f 830/38/149 827/37/149 831/40/149
f 830/38/149 831/40/149 832/41/149
f 833/39/150 830/38/4 832/41/150
f 830/38/4 833/39/150 834/42/4
f 835/43/151 827/37/147 825/36/147
f 827/37/147 835/43/151 831/40/151
f 835/43/151 832/41/150 831/40/151
f 832/41/150 835/43/151 833/39/150
f 14/42/152 826/36/152 836/42/152
f 826/36/152 14/42/152 825/36/152
f 825/36/152 14/42/152 834/42/152
f 825/36/152 834/42/152 835/43/152
f 835/43/152 834/42/152 833/39/152
f 839/36/148 838/37/148 837/36/148
f 838/37/148 839/36/148 840/37/148
f 838/37/149 842/38/149 841/38/149
f 842/38/149 838/37/149 840/37/149
f 844/39/152 837/36/152 843/39/152
f 837/36/152 844/39/152 839/36/152
f 847/44/153 846/38/153 845/38/153
f 847/44/154 848/38/154 846/38/154
f 857/39/160 858/42/160 859/43/160
f 859/43/160 858/42/160 849/36/160
f 858/42/160 17/42/160 849/36/160
f 849/36/160 17/42/160 850/36/160
f 860/42/160 850/36/160 17/42/160
f 857/39/158 859/43/159 856/41/158
f 855/40/159 856/41/158 859/43/159
f 855/40/159 859/43/159 851/37/155
f 849/36/155 851/37/155 859/43/159
f 858/42/5 857/39/158 854/38/5
f 856/41/158 854/38/5 857/39/158
f 856/41/157 855/40/157 854/38/157
f 855/40/157 851/37/157 854/38/157
f 854/38/157 851/37/157 853/38/157
f 852/37/157 853/38/157 851/37/157
f 852/37/156 851/37/155 850/36/156
f 849/36/155 850/36/156 851/37/155
f 863/38/143 862/37/143 861/37/143
f 863/38/161 861/37/161 864/37/161
f 18/39/162 866/36/162 865/36/162
f 866/36/162 18/39/162 19/39/162
f 867/36/146 18/39/146 865/36/146
f 18/39/146 867/36/146 20/39/146
f 861/37/163 866/36/163 864/37/163
f 866/36/163 861/37/163 865/36/163
f 861/37/142 867/36/142 865/36/142
f 867/36/142 861/37/142 862/37/142
f 870/40/168 872/37/166 876/43/168
f 877/36/166 876/43/168 872/37/166
f 874/39/164 868/41/164 876/43/168
f 870/40/168 876/43/168 868/41/164
f 873/37/167 880/36/167 872/37/166
f 877/36/166 872/37/166 880/36/167
f 880/36/165 879/39/165 877/36/165
f 879/39/165 878/42/165 877/36/165
f 878/42/165 22/42/165 877/36/165
f 877/36/165 22/42/165 876/43/165
f 876/43/165 22/42/165 874/39/165
f 875/42/165 874/39/165 22/42/165
f 875/42/3 869/38/3 874/39/164
f 868/41/164 874/39/164 869/38/3
f 873/37/154 872/37/154 871/38/154
f 872/37/154 870/40/154 871/38/154
f 871/38/154 870/40/154 869/38/154
f 868/41/154 869/38/154 870/40/154
f 890/49/174 29/45/173 894/50/177
f 892/46/175 894/50/177 29/45/173
f 882/48/183 888/51/184 883/47/8
f 889/38/8 883/47/8 888/51/184
f 889/38/8 895/51/178 883/47/8
f 893/48/176 883/47/8 895/51/178
f 888/51/184 882/48/183 886/50/179
f 881/46/180 886/50/179 882/48/183
f 892/46/182 29/45/182 893/48/182
f 893/48/182 29/45/182 883/47/182
f 31/47/182 883/47/182 29/45/182
f 890/49/181 894/50/181 891/49/181
f 894/50/181 895/51/181 891/49/181
f 891/49/181 895/51/181 887/38/181
f 889/38/181 887/38/181 895/51/181
f 25/45/171 884/49/170 881/46/180
f 886/50/179 881/46/180 884/49/170
f 895/51/178 894/50/177 893/48/176
f 892/46/175 893/48/176 894/50/177
f 891/49/7 30/45/7 890/49/174
f 29/45/173 890/49/174 30/45/7
f 889/38/172 888/51/172 887/38/172
f 888/51/172 886/50/172 887/38/172
f 887/38/172 886/50/172 885/49/172
f 884/49/172 885/49/172 886/50/172
f 27/45/3 885/49/3 25/45/171
f 884/49/170 25/45/171 885/49/3
f 883/47/169 31/47/169 882/48/169
f 882/48/169 31/47/169 881/46/169
f 25/45/169 881/46/169 31/47/169
f 898/54/3 897/53/186 896/52/185
f 897/53/186 898/54/3 899/38/3
f 902/56/189 901/55/188 900/55/187
f 901/55/188 902/56/189 903/56/190
f 903/56/190 904/52/191 901/55/188
f 904/52/191 903/56/190 905/53/192
f 38/38/7 904/52/191 905/53/192
f 904/52/191 38/38/7 906/54/7
f 896/52/185 902/56/189 900/55/187
f 902/56/189 896/52/185 897/53/186
f 903/56/193 38/38/193 905/53/193
f 38/38/193 903/56/193 899/38/193
f 899/38/193 903/56/193 902/56/193
f 899/38/193 902/56/193 897/53/193
f 898/54/194 904/52/194 906/54/194
f 904/52/194 898/54/194 901/55/194
f 901/55/194 898/54/194 900/55/194
f 900/55/194 898/54/194 896/52/194
f 909/54/3 908/53/186 907/52/185
f 908/53/186 909/54/3 169/38/3
f 912/56/189 911/55/188 910/55/187
f 911/55/188 912/56/189 913/56/190
f 913/56/190 914/52/191 911/55/188
f 914/52/191 913/56/190 915/53/192
f 916/38/7 914/52/191 915/53/192
f 914/52/191 916/38/7 917/54/7
f 907/52/185 912/56/189 910/55/187
f 912/56/189 907/52/185 908/53/186
f 913/56/193 916/38/193 915/53/193
f 916/38/193 913/56/193 169/38/193
f 169/38/193 913/56/193 912/56/193
f 169/38/193 912/56/193 908/53/193
f 909/54/194 914/52/194 917/54/194
f 914/52/194 909/54/194 911/55/194
f 911/55/194 909/54/194 910/55/194
f 910/55/194 909/54/194 907/52/194
f 252/57/8 247/57/8 249/58/8
f 921/60/8 920/60/8 919/59/8
f 918/59/8 919/59/8 920/60/8
f 386/60/10 923/59/10 922/59/10
f 923/59/10 386/60/10 384/60/10
f 927/60/11 926/60/11 925/59/11
f 924/59/11 925/59/11 926/60/11
f 487/60/10 489/60/10 929/59/10
f 928/59/10 929/59/10 489/60/10
f 932/60/15 931/59/15 930/59/15
f 931/59/15 932/60/15 933/60/15
f 937/60/15 936/60/15 935/59/15
f 934/59/15 935/59/15 936/60/15
f 941/60/8 940/60/8 939/59/8
f 938/59/8 939/59/8 940/60/8
f 944/60/8 943/59/8 942/59/8
f 943/59/8 944/60/8 945/60/8
f 677/62/8 679/62/8 682/61/8
f 684/61/8 682/61/8 679/62/8
f 948/63/8 947/62/8 946/63/8
f 947/62/8 948/63/8 949/62/8
f 952/60/11 951/59/11 950/59/11
f 951/59/11 952/60/11 953/60/11
f 802/60/17 795/59/17 797/59/17
f 795/59/17 802/60/17 800/60/17
f 285/64/2 284/64/2 286/64/2
f 284/64/2 285/64/2 287/64/2
f 284/64/2 287/64/2 288/64/2
f 284/64/2 288/64/2 289/64/2
f 284/64/2 289/64/2 282/64/2
f 284/64/2 282/64/2 283/64/2
f 956/66/197 955/65/196 954/65/195
f 955/65/196 956/66/197 957/66/198
f 960/65/201 959/66/200 958/66/199
f 959/66/200 960/65/201 961/65/202
f 964/66/205 963/65/204 962/65/203
f 963/65/204 964/66/205 965/66/206
f 966/67/207 964/66/205 958/66/199
f 964/66/205 966/67/207 967/67/208
f 958/66/199 962/65/203 960/65/201
f 962/65/203 958/66/199 964/66/205
f 956/66/197 963/65/204 965/66/206
f 963/65/204 956/66/197 954/65/195
f 957/66/198 961/65/202 955/65/196
f 961/65/202 957/66/198 959/66/200
f 968/67/209 957/66/198 956/66/197
f 957/66/198 968/67/209 969/67/210
f 969/67/210 959/66/200 957/66/198
f 959/66/200 969/67/210 970/67/211
f 959/66/200 966/67/207 958/66/199
f 966/67/207 959/66/200 970/67/211
f 971/67/212 956/66/197 965/66/206
f 956/66/197 971/67/212 968/67/209
f 967/67/208 965/66/206 964/66/205
f 965/66/206 967/67/208 971/67/212
f 967/67/208 968/67/209 971/67/212
f 968/67/209 967/67/208 969/67/210
f 969/67/210 967/67/208 966/67/207
f 969/67/210 966/67/207 970/67/211
f 974/68/215 973/65/214 972/65/213
f 973/65/214 974/68/215 975/65/216
f 975/65/216 974/68/215 976/68/217
f 979/67/220 978/68/219 977/68/218
f 978/68/219 979/67/220 980/67/221
f 977/68/218 982/65/223 981/65/222
f 982/65/223 977/68/218 978/68/219
f 985/68/226 984/65/225 983/65/224
f 984/65/225 985/68/226 972/65/213
f 972/65/213 985/68/226 974/68/215
f 978/68/219 986/65/227 982/65/223
f 986/65/227 978/68/219 987/68/228
f 988/67/229 974/68/215 985/68/226
f 974/68/215 988/67/229 989/67/230
f 989/67/230 976/68/217 974/68/215
f 976/68/217 989/67/230 990/67/231
f 985/68/226 986/65/227 987/68/228
f 986/65/227 985/68/226 983/65/224
f 976/68/217 979/67/220 977/68/218
f 979/67/220 976/68/217 990/67/231
f 991/67/232 985/68/226 987/68/228
f 985/68/226 991/67/232 988/67/229
f 980/67/221 987/68/228 978/68/219
f 987/68/228 980/67/221 991/67/232
f 981/65/222 976/68/217 977/68/218
f 976/68/217 981/65/222 975/65/216
f 991/67/232 989/67/230 988/67/229
f 989/67/230 991/67/232 980/67/221
f 989/67/230 980/67/221 990/67/231
f 990/67/231 980/67/221 979/67/220
f 994/68/235 993/65/234 992/65/233
f 993/65/234 994/68/235 995/68/236
f 997/68/238 992/65/233 996/65/237
f 992/65/233 997/68/238 994/68/235
f 1000/68/241 999/65/240 998/65/239
f 999/65/240 1000/68/241 1001/68/242
f 1002/67/243 994/68/235 997/68/238
f 994/68/235 1002/67/243 1003/67/244
f 1005/67/246 1004/68/245 1001/68/242
f 1004/68/245 1005/67/246 1006/67/247
f 1000/68/241 993/65/234 995/68/236
f 993/65/234 1000/68/241 998/65/239
f 996/65/237 1004/68/245 997/68/238
f 1004/68/245 996/65/237 1007/65/248
f 1001/68/242 1007/65/248 999/65/240
f 1007/65/248 1001/68/242 1004/68/245
f 1008/67/249 1001/68/242 1000/68/241
f 1001/68/242 1008/67/249 1005/67/246
f 1009/67/250 1000/68/241 995/68/236
f 1000/68/241 1009/67/250 1008/67/249
f 1004/68/245 1002/67/243 997/68/238
f 1002/67/243 1004/68/245 1006/67/247
f 1003/67/244 995/68/236 994/68/235
f 995/68/236 1003/67/244 1009/67/250
f 1003/67/244 1008/67/249 1009/67/250
f 1008/67/249 1003/67/244 1005/67/246
f 1005/67/246 1003/67/244 1002/67/243
f 1005/67/246 1002/67/243 1006/67/247
f 1012/65/253 1011/66/252 1010/65/251
f 1011/66/252 1012/65/253 1013/66/254
f 1011/66/252 1015/67/256 1014/67/255
f 1015/67/256 1011/66/252 1013/66/254
f 1017/65/258 1011/66/252 1016/66/257
f 1011/66/252 1017/65/258 1010/65/251
f 1020/67/261 1019/67/260 1018/67/259
f 1019/67/260 1020/67/261 1015/67/256
f 1015/67/256 1020/67/261 1021/67/262
f 1015/67/256 1021/67/262 1014/67/255
f 1021/67/262 1022/66/263 1016/66/257
f 1022/66/263 1021/67/262 1020/67/261
f 1025/66/266 1024/65/265 1023/66/264
f 1024/65/265 1025/66/266 1026/65/267
f 1025/66/266 1012/65/253 1026/65/267
f 1012/65/253 1025/66/266 1013/66/254
f 1023/66/264 1027/65/268 1022/66/263
f 1027/65/268 1023/66/264 1024/65/265
f 1018/67/259 1025/66/266 1023/66/264
f 1025/66/266 1018/67/259 1019/67/260
f 1011/66/252 1021/67/262 1016/66/257
f 1021/67/262 1011/66/252 1014/67/255
f 1020/67/261 1023/66/264 1022/66/263
f 1023/66/264 1020/67/261 1018/67/259
f 1019/67/260 1013/66/254 1025/66/266
f 1013/66/254 1019/67/260 1015/67/256
f 1016/66/257 1027/65/268 1017/65/258
f 1027/65/268 1016/66/257 1022/66/263
f 1030/66/271 1029/65/270 1028/66/269
f 1029/65/270 1030/66/271 1031/65/272
f 1033/67/274 1030/66/271 1032/67/273
f 1030/66/271 1033/67/274 1034/66/275
f 1030/66/271 1035/65/276 1031/65/272
f 1035/65/276 1030/66/271 1034/66/275
f 1033/67/274 1036/66/277 1034/66/275
f 1036/66/277 1033/67/274 1037/67/278
f 1038/67/279 1030/66/271 1028/66/269
f 1030/66/271 1038/67/279 1032/67/273
f 1041/65/282 1040/66/281 1039/66/280
f 1040/66/281 1041/65/282 1042/65/283
f 1034/66/275 1043/65/284 1035/65/276
f 1043/65/284 1034/66/275 1036/66/277
f 1038/67/279 1033/67/274 1032/67/273
f 1033/67/274 1038/67/279 1044/67/285
f 1033/67/274 1044/67/285 1037/67/278
f 1037/67/278 1044/67/285 1045/67/286
f 1044/67/285 1028/66/269 1039/66/280
f 1028/66/269 1044/67/285 1038/67/279
f 1042/65/283 1036/66/277 1040/66/281
f 1036/66/277 1042/65/283 1043/65/284
f 1040/66/281 1044/67/285 1039/66/280
f 1044/67/285 1040/66/281 1045/67/286
f 1036/66/277 1045/67/286 1040/66/281
f 1045/67/286 1036/66/277 1037/67/278
f 1039/66/280 1029/65/270 1041/65/282
f 1029/65/270 1039/66/280 1028/66/269
f 441/70/12 430/69/12 432/69/12
f 430/69/12 441/70/12 440/70/12
f 660/70/8 678/72/8 657/70/8
f 678/72/8 681/71/8 657/70/8
f 678/72/8 660/70/8 680/72/8
f 657/70/8 681/71/8 656/69/8
f 680/72/8 660/70/8 683/71/8
f 683/71/8 656/69/8 681/71/8
f 660/70/8 661/69/8 683/71/8
f 656/69/8 683/71/8 661/69/8
f 949/72/42 1046/72/41 947/72/41
f 1046/72/41 949/72/42 1047/72/42
f 949/72/42 1048/73/57 1047/72/42
f 1048/73/57 949/72/42 948/73/57
f 1048/73/57 946/73/58 1049/73/58
f 946/73/58 1048/73/57 948/73/57
f 946/73/58 1046/72/41 1049/73/58
f 1046/72/41 946/73/58 947/72/41
f 708/69/8 1048/73/8 703/69/8
f 1048/73/8 708/69/8 707/70/8
f 703/69/8 1048/73/8 1049/73/8
f 1048/73/8 707/70/8 1047/72/8
f 1049/73/8 704/70/8 703/69/8
f 704/70/8 1047/72/8 707/70/8
f 704/70/8 1049/73/8 1046/72/8
f 704/70/8 1046/72/8 1047/72/8
g building-type-f
usemtl colormap
f 3/2/1 2/1/1 1/1/1
f 2/1/1 3/2/1 4/2/1
f 7/2/2 6/2/2 5/2/2
f 6/2/2 7/2/2 8/2/2
f 9/3/3 10/3/3 11/4/3
f 14/4/4 13/3/4 12/3/4
f 15/3/5 16/3/5 17/4/5
f 20/3/6 19/3/6 18/3/6
f 19/3/6 20/3/6 21/3/6
f 22/4/3 23/3/3 24/3/3
f 26/6/8 36/10/8 28/6/8
f 29/5/8 28/6/8 36/10/8
f 36/10/8 26/6/8 35/10/8
f 33/9/8 29/5/8 36/10/8
f 25/5/8 35/10/8 26/6/8
f 34/9/8 35/10/8 25/5/8
f 32/8/8 34/9/8 25/5/8
f 32/8/8 29/5/8 33/9/8
f 31/7/8 32/8/8 25/5/8
f 31/7/8 29/5/8 32/8/8
f 28/6/7 29/5/7 30/5/7
f 25/5/3 26/6/3 27/5/3
f 49/13/8 38/2/8 50/11/8
f 50/11/8 38/2/8 48/12/8
f 44/13/8 38/2/8 49/13/8
f 38/2/8 37/1/8 48/12/8
f 38/2/8 44/13/8 43/2/8
f 48/12/8 37/1/8 47/14/8
f 45/1/8 47/14/8 37/1/8
f 47/14/8 45/1/8 46/14/8
f 46/14/8 45/1/8 42/12/8
f 43/2/8 42/12/8 45/1/8
f 44/13/8 41/11/8 43/2/8
f 41/11/8 42/12/8 43/2/8
f 40/2/7 39/1/7 38/2/7
f 37/1/7 38/2/7 39/1/7
f 53/1/9 52/2/9 51/1/9
f 52/2/9 53/1/9 54/2/9
f 57/2/10 56/12/10 55/11/10
f 57/2/10 55/11/10 58/13/10
f 59/1/10 56/12/10 57/2/10
f 56/12/10 59/1/10 60/14/10
f 60/14/10 59/1/10 61/14/10
f 51/1/10 61/14/10 59/1/10
f 61/14/10 51/1/10 62/12/10
f 57/2/10 58/13/10 52/2/10
f 62/12/10 51/1/10 52/2/10
f 63/13/10 52/2/10 58/13/10
f 62/12/10 52/2/10 64/11/10
f 64/11/10 52/2/10 63/13/10
f 75/13/11 74/2/11 76/11/11
f 76/11/11 74/2/11 73/12/11
f 68/13/11 74/2/11 75/13/11
f 74/2/11 72/1/11 73/12/11
f 74/2/11 68/13/11 67/2/11
f 73/12/11 72/1/11 71/14/11
f 69/1/11 71/14/11 72/1/11
f 71/14/11 69/1/11 70/14/11
f 70/14/11 69/1/11 66/12/11
f 67/2/11 66/12/11 69/1/11
f 68/13/11 65/11/11 67/2/11
f 65/11/11 66/12/11 67/2/11
f 79/2/12 78/1/12 77/1/12
f 78/1/12 79/2/12 80/11/12
f 80/11/12 79/2/12 81/13/12
f 81/13/12 79/2/12 82/13/12
f 83/2/12 82/13/12 79/2/12
f 83/2/12 84/11/12 82/13/12
f 85/1/12 84/11/12 83/2/12
f 84/11/12 85/1/12 86/1/12
f 99/13/10 88/2/10 100/11/10
f 100/11/10 88/2/10 98/12/10
f 94/13/10 88/2/10 99/13/10
f 88/2/10 87/1/10 98/12/10
f 88/2/10 94/13/10 93/2/10
f 98/12/10 87/1/10 97/14/10
f 95/1/10 97/14/10 87/1/10
f 97/14/10 95/1/10 96/14/10
f 96/14/10 95/1/10 92/12/10
f 93/2/10 92/12/10 95/1/10
f 94/13/10 91/11/10 93/2/10
f 91/11/10 92/12/10 93/2/10
f 90/2/13 89/1/13 88/2/13
f 87/1/13 88/2/13 89/1/13
f 103/1/14 102/2/14 101/1/14
f 102/2/14 103/1/14 104/2/14
f 107/2/15 106/12/15 105/11/15
f 107/2/15 105/11/15 108/13/15
f 109/1/15 106/12/15 107/2/15
f 106/12/15 109/1/15 110/14/15
f 110/14/15 109/1/15 111/14/15
f 101/1/15 111/14/15 109/1/15
f 111/14/15 101/1/15 112/12/15
f 107/2/15 108/13/15 102/2/15
f 112/12/15 101/1/15 102/2/15
f 113/13/15 102/2/15 108/13/15
f 112/12/15 102/2/15 114/11/15
f 114/11/15 102/2/15 113/13/15
f 127/13/15 116/2/15 128/11/15
f 128/11/15 116/2/15 126/12/15
f 122/13/15 116/2/15 127/13/15
f 116/2/15 115/1/15 126/12/15
f 116/2/15 122/13/15 121/2/15
f 126/12/15 115/1/15 125/14/15
f 123/1/15 125/14/15 115/1/15
f 125/14/15 123/1/15 124/14/15
f 124/14/15 123/1/15 120/12/15
f 121/2/15 120/12/15 123/1/15
f 122/13/15 119/11/15 121/2/15
f 119/11/15 120/12/15 121/2/15
f 118/2/5 117/1/5 116/2/5
f 115/1/5 116/2/5 117/1/5
f 141/13/8 130/2/8 142/11/8
f 142/11/8 130/2/8 140/12/8
f 136/13/8 130/2/8 141/13/8
f 130/2/8 129/1/8 140/12/8
f 130/2/8 136/13/8 135/2/8
f 140/12/8 129/1/8 139/14/8
f 137/1/8 139/14/8 129/1/8
f 139/14/8 137/1/8 138/14/8
f 138/14/8 137/1/8 134/12/8
f 135/2/8 134/12/8 137/1/8
f 136/13/8 133/11/8 135/2/8
f 133/11/8 134/12/8 135/2/8
f 132/2/7 131/1/7 130/2/7
f 129/1/7 130/2/7 131/1/7
f 145/1/3 144/2/3 143/1/3
f 144/2/3 145/1/3 146/2/3
f 149/2/8 148/12/8 147/11/8
f 149/2/8 147/11/8 150/13/8
f 151/1/8 148/12/8 149/2/8
f 148/12/8 151/1/8 152/14/8
f 152/14/8 151/1/8 153/14/8
f 143/1/8 153/14/8 151/1/8
f 153/14/8 143/1/8 154/12/8
f 149/2/8 150/13/8 144/2/8
f 154/12/8 143/1/8 144/2/8
f 155/13/8 144/2/8 150/13/8
f 154/12/8 144/2/8 156/11/8
f 156/11/8 144/2/8 155/13/8
f 167/1/8 158/1/8 166/11/8
f 157/2/8 166/11/8 158/1/8
f 165/13/8 166/11/8 157/2/8
f 162/2/8 165/13/8 157/2/8
f 165/13/8 162/2/8 164/13/8
f 164/13/8 162/2/8 163/11/8
f 163/11/8 162/2/8 161/1/8
f 160/1/8 161/1/8 162/2/8
f 159/1/3 7/2/3 158/1/3
f 157/2/3 158/1/3 7/2/3
f 170/1/3 169/2/3 168/1/3
f 169/2/3 170/1/3 171/2/3
f 169/2/8 172/1/8 168/1/8
f 172/1/8 169/2/8 173/11/8
f 173/11/8 169/2/8 174/13/8
f 174/13/8 169/2/8 175/13/8
f 176/2/8 175/13/8 169/2/8
f 176/2/8 177/11/8 175/13/8
f 178/1/8 177/11/8 176/2/8
f 177/11/8 178/1/8 179/1/8
f 182/2/11 181/12/11 180/11/11
f 182/2/11 180/11/11 183/13/11
f 184/1/11 181/12/11 182/2/11
f 181/12/11 184/1/11 185/14/11
f 185/14/11 184/1/11 186/14/11
f 187/1/11 186/14/11 184/1/11
f 186/14/11 187/1/11 188/12/11
f 182/2/11 183/13/11 189/2/11
f 188/12/11 187/1/11 189/2/11
f 190/13/11 189/2/11 183/13/11
f 188/12/11 189/2/11 191/11/11
f 191/11/11 189/2/11 190/13/11
f 194/1/16 193/2/16 192/1/16
f 193/2/16 194/1/16 195/2/16
f 198/2/17 197/12/17 196/11/17
f 198/2/17 196/11/17 199/13/17
f 200/1/17 197/12/17 198/2/17
f 197/12/17 200/1/17 201/14/17
f 201/14/17 200/1/17 202/14/17
f 192/1/17 202/14/17 200/1/17
f 202/14/17 192/1/17 203/12/17
f 198/2/17 199/13/17 193/2/17
f 203/12/17 192/1/17 193/2/17
f 204/13/17 193/2/17 199/13/17
f 203/12/17 193/2/17 205/11/17
f 205/11/17 193/2/17 204/13/17
f 208/15/6 207/15/6 206/15/6
f 207/15/6 208/15/6 6/15/6
f 209/16/1 206/15/1 207/15/1
f 206/15/1 209/16/1 210/16/1
f 209/16/2 2/16/2 210/16/2
f 2/16/2 209/16/2 1/16/2
f 213/15/6 212/15/6 211/15/6
f 212/15/6 213/15/6 214/15/6
f 217/18/7 216/17/19 215/17/18
f 216/17/19 217/18/7 218/18/20
f 221/17/22 220/18/3 219/17/21
f 220/18/3 221/17/22 222/18/23
f 216/17/20 224/15/24 223/15/20
f 224/15/24 216/17/20 225/17/24
f 217/18/7 227/17/26 226/18/25
f 227/17/26 217/18/7 215/17/18
f 228/18/24 221/17/22 225/17/27
f 221/17/22 228/18/24 222/18/23
f 230/18/8 227/17/26 229/17/28
f 227/17/26 230/18/8 226/18/25
f 232/18/30 229/17/28 231/17/29
f 229/17/28 232/18/30 230/18/8
f 234/19/32 217/18/7 233/19/31
f 217/18/7 234/19/32 218/18/20
f 225/17/24 235/15/23 224/15/24
f 235/15/23 225/17/24 221/17/23
f 231/17/30 237/15/8 236/15/30
f 237/15/8 231/17/30 229/17/8
f 238/15/3 231/17/30 236/15/30
f 231/17/30 238/15/3 219/17/3
f 218/18/20 225/17/27 216/17/19
f 225/17/27 218/18/20 228/18/24
f 239/19/33 230/18/8 232/18/30
f 230/18/8 239/19/33 240/19/34
f 241/19/35 217/18/7 226/18/25
f 217/18/7 241/19/35 233/19/31
f 240/19/34 226/18/25 230/18/8
f 226/18/25 240/19/34 241/19/35
f 231/17/29 220/18/3 232/18/30
f 220/18/3 231/17/29 219/17/21
f 242/19/36 222/18/23 228/18/24
f 222/18/23 242/19/36 243/19/37
f 220/18/3 239/19/33 232/18/30
f 239/19/33 220/18/3 244/19/38
f 241/19/2 234/19/2 233/19/2
f 234/19/2 241/19/2 240/19/2
f 234/19/2 240/19/2 242/19/2
f 242/19/2 240/19/2 239/19/2
f 242/19/2 239/19/2 243/19/2
f 243/19/2 239/19/2 244/19/2
f 215/17/7 245/15/25 227/17/25
f 245/15/25 215/17/7 246/15/7
f 229/17/8 245/15/25 237/15/8
f 245/15/25 229/17/8 227/17/25
f 220/18/3 243/19/37 244/19/38
f 243/19/37 220/18/3 222/18/23
f 216/17/20 246/15/7 215/17/7
f 246/15/7 216/17/20 223/15/20
f 234/19/32 228/18/24 218/18/20
f 228/18/24 234/19/32 242/19/36
f 235/15/23 219/17/3 238/15/3
f 219/17/3 235/15/23 221/17/23
f 34/23/44 256/23/44 35/22/41
f 254/22/41 35/22/41 256/23/44
f 32/24/2 257/24/2 34/23/44
f 256/23/44 34/23/44 257/24/2
f 33/23/43 255/23/43 32/24/2
f 257/24/2 32/24/2 255/23/43
f 36/22/42 253/22/42 33/23/43
f 255/23/43 33/23/43 253/22/42
f 253/22/42 36/22/42 254/22/41
f 35/22/41 254/22/41 36/22/42
f 257/24/8 250/21/8 256/23/8
f 257/24/8 255/23/8 250/21/8
f 250/21/8 248/20/8 256/23/8
f 250/21/8 255/23/8 251/20/8
f 256/23/8 248/20/8 254/22/8
f 251/20/8 254/22/8 248/20/8
f 251/20/8 255/23/8 254/22/8
f 253/22/8 254/22/8 255/23/8
f 251/20/40 252/20/40 250/21/6
f 249/21/6 250/21/6 252/20/40
f 252/20/40 251/20/40 247/20/39
f 248/20/39 247/20/39 251/20/40
f 250/21/6 249/21/6 248/20/39
f 247/20/39 248/20/39 249/21/6
f 260/19/5 259/15/45 258/19/45
f 259/15/45 260/19/5 261/15/5
f 264/19/46 263/15/47 262/15/46
f 263/15/47 264/19/46 265/19/47
f 263/15/47 267/19/48 266/15/48
f 267/19/48 263/15/47 265/19/47
f 258/19/45 266/15/48 267/19/48
f 266/15/48 258/19/45 259/15/45
f 270/15/14 269/19/49 268/15/49
f 269/19/49 270/15/14 271/19/14
f 268/15/49 273/19/50 272/15/50
f 273/19/50 268/15/49 269/19/49
f 273/19/50 262/15/46 272/15/50
f 262/15/46 273/19/50 264/19/46
f 270/15/6 259/15/6 261/15/6
f 259/15/6 270/15/6 266/15/6
f 266/15/6 270/15/6 263/15/6
f 263/15/6 270/15/6 262/15/6
f 262/15/6 270/15/6 272/15/6
f 272/15/6 270/15/6 268/15/6
f 258/19/2 274/19/2 260/19/2
f 274/19/2 258/19/2 267/19/2
f 274/19/2 267/19/2 275/19/2
f 275/19/2 267/19/2 276/19/2
f 276/19/2 267/19/2 265/19/2
f 276/19/2 265/19/2 277/19/2
f 277/19/2 265/19/2 264/19/2
f 277/19/2 264/19/2 278/19/2
f 278/19/2 264/19/2 279/19/2
f 279/19/2 264/19/2 273/19/2
f 279/19/2 273/19/2 280/19/2
f 271/19/2 280/19/2 273/19/2
f 271/19/2 273/19/2 269/19/2
f 280/19/2 271/19/2 281/19/2
f 280/19/52 282/25/51 279/19/51
f 282/25/51 280/19/52 283/25/52
f 281/19/5 283/25/52 280/19/52
f 283/25/52 281/19/5 284/25/5
f 286/25/14 275/19/53 285/25/53
f 275/19/53 286/25/14 274/19/14
f 285/25/53 276/19/54 287/25/54
f 276/19/54 285/25/53 275/19/53
f 276/19/54 288/25/55 287/25/54
f 288/25/55 276/19/54 277/19/55
f 277/19/55 289/25/56 288/25/55
f 289/25/56 277/19/55 278/19/56
f 278/19/56 282/25/51 289/25/56
f 282/25/51 278/19/56 279/19/51
f 292/15/24 291/19/24 290/19/24
f 291/19/24 292/15/24 293/15/24
f 292/15/7 295/19/7 294/26/7
f 295/19/7 292/15/7 290/19/7
f 291/19/3 297/26/3 296/19/3
f 297/26/3 291/19/3 293/15/3
f 297/26/8 295/19/8 296/19/8
f 295/19/8 297/26/8 294/26/8
f 291/19/6 295/19/6 290/19/6
f 295/19/6 291/19/6 296/19/6
f 300/26/8 299/19/8 298/19/8
f 299/19/8 300/26/8 301/26/8
f 303/19/6 299/19/6 302/19/6
f 299/19/6 303/19/6 298/19/6
f 304/15/7 299/19/7 301/26/7
f 299/19/7 304/15/7 302/19/7
f 303/19/3 300/26/3 298/19/3
f 300/26/3 303/19/3 305/15/3
f 304/15/24 303/19/24 302/19/24
f 303/19/24 304/15/24 305/15/24
f 308/15/24 307/19/24 306/19/24
f 307/19/24 308/15/24 309/15/24
f 308/15/7 311/19/7 310/26/7
f 311/19/7 308/15/7 306/19/7
f 307/19/3 313/26/3 312/19/3
f 313/26/3 307/19/3 309/15/3
f 313/26/8 311/19/8 312/19/8
f 311/19/8 313/26/8 310/26/8
f 307/19/6 311/19/6 306/19/6
f 311/19/6 307/19/6 312/19/6
f 316/26/8 315/19/8 314/19/8
f 315/19/8 316/26/8 317/26/8
f 319/19/6 315/19/6 318/19/6
f 315/19/6 319/19/6 314/19/6
f 320/15/7 315/19/7 317/26/7
f 315/19/7 320/15/7 318/19/7
f 319/19/3 316/26/3 314/19/3
f 316/26/3 319/19/3 321/15/3
f 320/15/24 319/19/24 318/19/24
f 319/19/24 320/15/24 321/15/24
f 343/18/8 344/18/8 345/31/8
f 344/18/8 342/31/8 345/31/8
f 342/31/8 323/28/8 345/31/8
f 323/28/8 322/27/8 345/31/8
f 323/28/8 342/31/8 329/28/8
f 345/31/8 322/27/8 346/30/8
f 329/28/8 342/31/8 326/27/8
f 326/27/8 346/30/8 322/27/8
f 342/31/8 341/30/8 326/27/8
f 326/27/8 341/30/8 346/30/8
f 346/30/8 341/30/8 339/29/8
f 340/29/8 339/29/8 341/30/8
f 49/18/66 50/31/64 344/18/66
f 342/31/64 344/18/66 50/31/64
f 41/31/67 44/18/65 345/31/67
f 343/18/65 345/31/67 44/18/65
f 48/30/63 47/29/62 341/30/63
f 340/29/62 341/30/63 47/29/62
f 46/29/61 42/30/68 339/29/61
f 346/30/68 339/29/61 42/30/68
f 42/30/68 41/31/67 346/30/68
f 345/31/67 346/30/68 41/31/67
f 49/18/66 344/18/66 44/18/65
f 343/18/65 44/18/65 344/18/66
f 50/31/64 48/30/63 342/31/64
f 341/30/63 342/31/64 48/30/63
f 340/29/62 47/29/62 339/29/61
f 46/29/61 339/29/61 47/29/62
f 334/15/6 336/15/6 330/15/6
f 330/15/6 336/15/6 331/15/6
f 338/15/6 331/15/6 336/15/6
f 337/16/2 335/16/2 39/16/2
f 39/16/2 335/16/2 37/16/2
f 335/16/2 332/16/2 37/16/2
f 37/16/2 332/16/2 45/16/2
f 333/16/2 45/16/2 332/16/2
f 335/16/60 334/15/60 332/16/59
f 330/15/59 332/16/59 334/15/60
f 337/16/7 336/15/7 335/16/60
f 334/15/60 335/16/60 336/15/7
f 333/16/8 332/16/59 331/15/8
f 330/15/59 331/15/8 332/16/59
f 327/27/58 328/28/41 326/27/58
f 329/28/41 326/27/58 328/28/41
f 329/28/41 328/28/41 323/28/42
f 325/28/42 323/28/42 328/28/41
f 327/27/58 326/27/58 324/27/57
f 322/27/57 324/27/57 326/27/58
f 325/28/42 324/27/57 323/28/42
f 322/27/57 323/28/42 324/27/57
f 349/32/8 324/15/8 347/32/8
f 325/34/8 347/32/8 324/15/8
f 352/33/8 347/32/8 325/34/8
f 324/15/8 349/32/8 327/15/8
f 328/34/8 352/33/8 325/34/8
f 328/34/8 327/15/8 349/32/8
f 352/33/8 328/34/8 354/33/8
f 354/33/8 328/34/8 349/32/8
f 350/32/58 353/33/41 349/32/58
f 354/33/41 349/32/58 353/33/41
f 351/33/42 348/32/57 352/33/42
f 347/32/57 352/33/42 348/32/57
f 354/33/41 353/33/41 352/33/42
f 351/33/42 352/33/42 353/33/41
f 350/32/58 349/32/58 348/32/57
f 347/32/57 348/32/57 349/32/58
f 357/27/69 356/28/70 355/27/69
f 356/28/70 357/27/69 358/28/70
f 359/27/71 357/27/69 355/27/69
f 357/27/69 359/27/71 360/27/71
f 361/28/72 356/28/70 358/28/70
f 356/28/70 361/28/72 362/28/72
f 361/28/72 359/27/71 362/28/72
f 359/27/71 361/28/72 360/27/71
f 365/16/73 364/15/10 363/15/73
f 364/15/10 365/16/73 366/16/10
f 369/15/9 368/16/74 367/15/74
f 368/16/74 369/15/9 370/16/9
f 367/15/74 365/16/73 363/15/73
f 365/16/73 367/15/74 368/16/74
f 365/16/2 59/16/2 366/16/2
f 59/16/2 365/16/2 51/16/2
f 51/16/2 365/16/2 368/16/2
f 51/16/2 368/16/2 53/16/2
f 53/16/2 368/16/2 370/16/2
f 369/15/6 364/15/6 371/15/6
f 364/15/6 369/15/6 363/15/6
f 363/15/6 369/15/6 367/15/6
f 61/29/76 372/29/75 60/29/75
f 372/29/75 61/29/76 373/29/76
f 62/30/77 375/31/78 374/30/77
f 375/31/78 62/30/77 64/31/78
f 377/18/80 58/18/79 376/18/79
f 58/18/79 377/18/80 63/18/80
f 55/31/81 379/30/82 378/31/81
f 379/30/82 55/31/81 56/30/82
f 56/30/82 372/29/75 379/30/82
f 372/29/75 56/30/82 60/29/75
f 61/29/76 374/30/77 373/29/76
f 374/30/77 61/29/76 62/30/77
f 58/18/79 378/31/81 376/18/79
f 378/31/81 58/18/79 55/31/81
f 64/31/78 377/18/80 375/31/78
f 377/18/80 64/31/78 63/18/80
f 374/30/10 372/29/10 373/29/10
f 372/29/10 374/30/10 379/30/10
f 379/30/10 374/30/10 359/27/10
f 359/27/10 374/30/10 375/31/10
f 355/27/10 379/30/10 359/27/10
f 359/27/10 375/31/10 362/28/10
f 379/30/10 355/27/10 378/31/10
f 362/28/10 375/31/10 356/28/10
f 378/31/10 355/27/10 356/28/10
f 378/31/10 356/28/10 375/31/10
f 378/31/10 375/31/10 377/18/10
f 378/31/10 377/18/10 376/18/10
f 382/32/71 381/32/69 380/32/69
f 381/32/69 382/32/71 383/32/71
f 386/33/72 385/33/70 384/33/70
f 385/33/70 386/33/72 387/33/72
f 381/32/69 385/33/70 380/32/69
f 385/33/70 381/32/69 384/33/70
f 386/33/72 382/32/71 387/33/72
f 382/32/71 386/33/72 383/32/71
f 382/32/10 361/34/10 387/33/10
f 387/33/10 361/34/10 385/33/10
f 382/32/10 360/15/10 361/34/10
f 358/34/10 385/33/10 361/34/10
f 360/15/10 382/32/10 357/15/10
f 358/34/10 380/32/10 385/33/10
f 357/15/10 380/32/10 358/34/10
f 380/32/10 357/15/10 382/32/10
f 406/18/11 407/18/11 408/31/11
f 407/18/11 405/31/11 408/31/11
f 405/31/11 389/28/11 408/31/11
f 389/28/11 388/27/11 408/31/11
f 389/28/11 405/31/11 395/28/11
f 408/31/11 388/27/11 409/30/11
f 395/28/11 405/31/11 392/27/11
f 392/27/11 409/30/11 388/27/11
f 405/31/11 404/30/11 392/27/11
f 392/27/11 404/30/11 409/30/11
f 409/30/11 404/30/11 402/29/11
f 403/29/11 402/29/11 404/30/11
f 75/18/92 76/31/90 407/18/92
f 405/31/90 407/18/92 76/31/90
f 65/31/93 68/18/91 408/31/93
f 406/18/91 408/31/93 68/18/91
f 71/29/88 403/29/88 73/30/89
f 404/30/89 73/30/89 403/29/88
f 70/29/87 66/30/94 402/29/87
f 409/30/94 402/29/87 66/30/94
f 66/30/94 65/31/93 409/30/94
f 408/31/93 409/30/94 65/31/93
f 75/18/92 407/18/92 68/18/91
f 406/18/91 68/18/91 407/18/92
f 76/31/90 73/30/89 405/31/90
f 404/30/89 405/31/90 73/30/89
f 403/29/88 71/29/88 402/29/87
f 70/29/87 402/29/87 71/29/88
f 396/15/6 401/15/6 397/15/6
f 400/15/6 397/15/6 401/15/6
f 72/16/2 398/16/2 69/16/2
f 399/16/2 69/16/2 398/16/2
f 399/16/11 398/16/11 397/15/11
f 396/15/11 397/15/11 398/16/11
f 393/27/85 394/28/86 392/27/85
f 395/28/86 392/27/85 394/28/86
f 395/28/86 394/28/86 389/28/84
f 391/28/84 389/28/84 394/28/86
f 393/27/85 392/27/85 390/27/83
f 388/27/83 390/27/83 392/27/85
f 391/28/84 390/27/83 389/28/84
f 388/27/83 389/28/84 390/27/83
f 412/32/11 421/15/11 410/32/11
f 420/34/11 410/32/11 421/15/11
f 415/33/11 410/32/11 420/34/11
f 421/15/11 412/32/11 419/15/11
f 418/34/11 415/33/11 420/34/11
f 418/34/11 419/15/11 412/32/11
f 415/33/11 418/34/11 417/33/11
f 417/33/11 418/34/11 412/32/11
f 413/32/85 416/33/86 412/32/85
f 417/33/86 412/32/85 416/33/86
f 414/33/84 411/32/83 415/33/84
f 410/32/83 415/33/84 411/32/83
f 417/33/86 416/33/86 415/33/84
f 414/33/84 415/33/84 416/33/86
f 413/32/85 412/32/85 411/32/83
f 410/32/83 411/32/83 412/32/85
f 78/16/95 423/31/96 422/16/95
f 423/31/96 78/16/95 80/31/96
f 422/16/2 77/16/2 78/16/2
f 77/16/2 422/16/2 424/16/2
f 425/16/2 86/16/2 85/16/2
f 86/16/2 425/16/2 426/16/2
f 429/15/6 428/15/6 427/15/6
f 428/15/6 429/15/6 430/15/6
f 431/15/6 428/15/6 430/15/6
f 430/15/6 429/15/6 432/15/6
f 432/15/6 429/15/6 433/15/6
f 433/15/6 429/15/6 434/15/6
f 435/18/97 81/18/98 82/18/97
f 81/18/98 435/18/97 436/18/98
f 84/31/99 426/16/100 437/31/99
f 426/16/100 84/31/99 86/16/100
f 80/31/96 436/18/98 423/31/96
f 436/18/98 80/31/96 81/18/98
f 82/18/97 437/31/99 435/18/97
f 437/31/99 82/18/97 84/31/99
f 424/16/12 433/15/12 434/15/12
f 433/15/12 424/16/12 422/16/12
f 433/15/12 422/16/12 438/28/12
f 438/28/12 422/16/12 423/31/12
f 438/28/12 423/31/12 439/28/12
f 437/31/12 439/28/12 423/31/12
f 437/31/12 423/31/12 436/18/12
f 437/31/12 436/18/12 435/18/12
f 426/16/12 439/28/12 437/31/12
f 439/28/12 426/16/12 431/15/12
f 425/16/12 431/15/12 426/16/12
f 431/15/12 425/16/12 428/15/12
f 441/28/6 439/28/6 440/28/6
f 439/28/6 441/28/6 438/28/6
f 430/15/95 439/28/95 431/15/95
f 439/28/95 430/15/95 440/28/95
f 441/28/100 433/15/100 438/28/100
f 433/15/100 441/28/100 432/15/100
f 444/15/102 443/15/101 442/15/101
f 443/15/101 444/15/102 445/15/102
f 447/19/103 443/15/101 446/19/103
f 443/15/101 447/19/103 442/15/101
f 444/15/102 448/19/104 445/15/102
f 448/19/104 444/15/102 449/19/104
f 448/19/104 447/19/103 446/19/103
f 447/19/103 448/19/104 449/19/104
f 448/19/12 443/15/12 445/15/12
f 443/15/12 448/19/12 446/19/12
f 452/29/105 451/18/105 450/29/105
f 451/18/105 452/29/105 453/18/105
f 456/18/20 455/29/23 454/29/20
f 455/29/23 456/18/20 457/18/23
f 450/29/95 456/18/20 454/29/20
f 456/18/20 450/29/95 451/18/95
f 456/18/2 453/18/2 457/18/2
f 453/18/2 456/18/2 451/18/2
f 450/29/6 455/29/6 452/29/6
f 455/29/6 450/29/6 454/29/6
f 453/18/100 455/29/23 457/18/23
f 455/29/23 453/18/100 452/29/100
f 479/18/10 480/18/10 481/31/10
f 480/18/10 478/31/10 481/31/10
f 478/31/10 459/28/10 481/31/10
f 459/28/10 458/27/10 481/31/10
f 459/28/10 478/31/10 465/28/10
f 481/31/10 458/27/10 482/30/10
f 465/28/10 478/31/10 463/27/10
f 463/27/10 482/30/10 458/27/10
f 478/31/10 477/30/10 463/27/10
f 463/27/10 477/30/10 482/30/10
f 482/30/10 477/30/10 475/29/10
f 476/29/10 475/29/10 477/30/10
f 99/18/79 100/31/81 480/18/79
f 478/31/81 480/18/79 100/31/81
f 91/31/78 94/18/80 481/31/78
f 479/18/80 481/31/78 94/18/80
f 98/30/82 97/29/75 477/30/82
f 476/29/75 477/30/82 97/29/75
f 96/29/76 92/30/77 475/29/76
f 482/30/77 475/29/76 92/30/77
f 92/30/77 91/31/78 482/30/77
f 481/31/78 482/30/77 91/31/78
f 480/18/79 479/18/80 99/18/79
f 94/18/80 99/18/79 479/18/80
f 100/31/81 98/30/82 478/31/81
f 477/30/82 478/31/81 98/30/82
f 476/29/75 97/29/75 475/29/76
f 96/29/76 475/29/76 97/29/75
f 470/15/6 472/15/6 466/15/6
f 466/15/6 472/15/6 467/15/6
f 474/15/6 467/15/6 472/15/6
f 471/16/2 468/16/2 473/16/2
f 473/16/2 468/16/2 89/16/2
f 89/16/2 468/16/2 87/16/2
f 468/16/2 469/16/2 87/16/2
f 95/16/2 87/16/2 469/16/2
f 471/16/107 470/15/107 468/16/106
f 466/15/106 468/16/106 470/15/107
f 473/16/13 472/15/13 471/16/107
f 470/15/107 471/16/107 472/15/13
f 469/16/10 468/16/106 467/15/10
f 466/15/106 467/15/10 468/16/106
f 462/27/69 464/28/70 463/27/69
f 465/28/70 463/27/69 464/28/70
f 465/28/70 464/28/70 459/28/72
f 461/28/72 459/28/72 464/28/70
f 463/27/69 458/27/71 462/27/69
f 460/27/71 462/27/69 458/27/71
f 461/28/72 460/27/71 459/28/72
f 458/27/71 459/28/72 460/27/71
f 485/32/10 460/15/10 483/32/10
f 461/34/10 483/32/10 460/15/10
f 488/33/10 483/32/10 461/34/10
f 460/15/10 485/32/10 492/15/10
f 491/34/10 488/33/10 461/34/10
f 491/34/10 492/15/10 485/32/10
f 488/33/10 491/34/10 490/33/10
f 490/33/10 491/34/10 485/32/10
f 486/32/69 489/33/70 485/32/69
f 490/33/70 485/32/69 489/33/70
f 487/33/72 484/32/71 488/33/72
f 483/32/71 488/33/72 484/32/71
f 490/33/70 489/33/70 488/33/72
f 487/33/72 488/33/72 489/33/70
f 486/32/69 485/32/69 484/32/71
f 483/32/71 484/32/71 485/32/69
f 495/27/108 494/28/109 493/27/108
f 494/28/109 495/27/108 496/28/109
f 497/27/110 495/27/108 493/27/108
f 495/27/108 497/27/110 498/27/110
f 499/28/111 494/28/109 496/28/109
f 494/28/109 499/28/111 500/28/111
f 499/28/111 497/27/110 500/28/111
f 497/27/110 499/28/111 498/27/110
f 503/16/112 502/15/15 501/15/112
f 502/15/15 503/16/112 504/16/15
f 507/15/14 506/16/113 505/15/113
f 506/16/113 507/15/14 508/16/14
f 505/15/113 503/16/112 501/15/112
f 503/16/112 505/15/113 506/16/113
f 503/16/2 109/16/2 504/16/2
f 109/16/2 503/16/2 101/16/2
f 101/16/2 503/16/2 506/16/2
f 101/16/2 506/16/2 103/16/2
f 103/16/2 506/16/2 508/16/2
f 507/15/6 502/15/6 509/15/6
f 502/15/6 507/15/6 501/15/6
f 501/15/6 507/15/6 505/15/6
f 111/29/115 510/29/114 110/29/114
f 510/29/114 111/29/115 511/29/115
f 112/30/116 513/31/117 512/30/116
f 513/31/117 112/30/116 114/31/117
f 515/18/119 108/18/118 514/18/118
f 108/18/118 515/18/119 113/18/119
f 105/31/120 517/30/121 516/31/120
f 517/30/121 105/31/120 106/30/121
f 106/30/121 510/29/114 517/30/121
f 510/29/114 106/30/121 110/29/114
f 111/29/115 512/30/116 511/29/115
f 512/30/116 111/29/115 112/30/116
f 108/18/118 516/31/120 514/18/118
f 516/31/120 108/18/118 105/31/120
f 114/31/117 515/18/119 513/31/117
f 515/18/119 114/31/117 113/18/119
f 512/30/15 510/29/15 511/29/15
f 510/29/15 512/30/15 517/30/15
f 517/30/15 512/30/15 497/27/15
f 497/27/15 512/30/15 513/31/15
f 493/27/15 517/30/15 497/27/15
f 497/27/15 513/31/15 500/28/15
f 517/30/15 493/27/15 516/31/15
f 500/28/15 513/31/15 494/28/15
f 516/31/15 493/27/15 494/28/15
f 516/31/15 494/28/15 513/31/15
f 516/31/15 513/31/15 515/18/15
f 516/31/15 515/18/15 514/18/15
f 520/32/2 519/32/108 518/32/108
f 519/32/108 520/32/2 521/32/110
f 521/32/110 520/32/2 522/32/2
f 521/32/110 522/32/2 523/32/110
f 526/33/111 525/33/109 524/33/109
f 525/33/109 526/33/111 527/33/6
f 527/33/6 526/33/111 528/33/6
f 528/33/6 526/33/111 529/33/111
f 519/32/108 525/33/109 518/32/108
f 525/33/109 519/32/108 524/33/109
f 526/33/111 523/32/110 529/33/111
f 523/32/110 526/33/111 521/32/110
f 523/32/15 499/34/15 529/33/15
f 529/33/15 499/34/15 528/33/15
f 523/32/15 498/15/15 499/34/15
f 498/15/15 523/32/15 530/15/15
f 518/32/15 530/15/15 523/32/15
f 518/32/15 523/32/15 522/32/15
f 530/15/15 518/32/15 531/34/15
f 518/32/15 522/32/15 520/32/15
f 528/33/15 520/32/15 522/32/15
f 531/34/15 518/32/15 525/33/15
f 531/34/15 525/33/15 499/34/15
f 520/32/15 528/33/15 527/33/15
f 528/33/15 499/34/15 527/33/15
f 527/33/15 499/34/15 525/33/15
f 553/18/15 554/18/15 555/31/15
f 554/18/15 552/31/15 555/31/15
f 552/31/15 533/28/15 555/31/15
f 533/28/15 532/27/15 555/31/15
f 533/28/15 552/31/15 539/28/15
f 555/31/15 532/27/15 556/30/15
f 539/28/15 552/31/15 536/27/15
f 536/27/15 556/30/15 532/27/15
f 552/31/15 551/30/15 536/27/15
f 536/27/15 551/30/15 556/30/15
f 556/30/15 551/30/15 549/29/15
f 550/29/15 549/29/15 551/30/15
f 127/18/118 128/31/120 554/18/118
f 552/31/120 554/18/118 128/31/120
f 119/31/117 122/18/119 555/31/117
f 553/18/119 555/31/117 122/18/119
f 126/30/121 125/29/114 551/30/121
f 550/29/114 551/30/121 125/29/114
f 124/29/115 120/30/116 549/29/115
f 556/30/116 549/29/115 120/30/116
f 120/30/116 119/31/117 556/30/116
f 555/31/117 556/30/116 119/31/117
f 127/18/118 554/18/118 122/18/119
f 553/18/119 122/18/119 554/18/118
f 128/31/120 126/30/121 552/31/120
f 551/30/121 552/31/120 126/30/121
f 550/29/114 125/29/114 549/29/115
f 124/29/115 549/29/115 125/29/114
f 544/15/6 546/15/6 540/15/6
f 540/15/6 546/15/6 541/15/6
f 548/15/6 541/15/6 546/15/6
f 547/16/2 545/16/2 117/16/2
f 117/16/2 545/16/2 115/16/2
f 545/16/2 542/16/2 115/16/2
f 115/16/2 542/16/2 123/16/2
f 543/16/2 123/16/2 542/16/2
f 545/16/123 544/15/123 542/16/122
f 540/15/122 542/16/122 544/15/123
f 547/16/5 546/15/5 545/16/123
f 544/15/123 545/16/123 546/15/5
f 543/16/15 542/16/122 541/15/15
f 540/15/122 541/15/15 542/16/122
f 537/27/108 538/28/109 536/27/108
f 539/28/109 536/27/108 538/28/109
f 539/28/109 538/28/109 533/28/111
f 535/28/111 533/28/111 538/28/109
f 537/27/108 536/27/108 534/27/110
f 532/27/110 534/27/110 536/27/108
f 535/28/111 534/27/110 533/28/111
f 532/27/110 533/28/111 534/27/110
f 564/33/15 569/34/15 566/33/15
f 566/33/15 569/34/15 567/33/15
f 566/33/15 567/33/15 559/32/15
f 569/34/15 564/33/15 572/34/15
f 564/33/15 557/32/15 572/34/15
f 561/32/15 559/32/15 567/33/15
f 559/32/15 561/32/15 557/32/15
f 572/34/15 557/32/15 571/15/15
f 561/32/15 562/32/15 557/32/15
f 562/32/15 571/15/15 557/32/15
f 571/15/15 562/32/15 570/15/15
f 569/34/15 570/15/15 562/32/15
f 567/33/15 569/34/15 568/33/15
f 568/33/15 569/34/15 562/32/15
f 560/32/108 565/33/109 562/32/108
f 568/33/109 562/32/108 565/33/109
f 563/33/111 558/32/110 564/33/111
f 557/32/110 564/33/111 558/32/110
f 568/33/109 565/33/109 567/33/6
f 567/33/6 565/33/109 566/33/6
f 566/33/6 565/33/109 564/33/111
f 563/33/111 564/33/111 565/33/109
f 562/32/108 561/32/2 560/32/108
f 561/32/2 559/32/2 560/32/108
f 560/32/108 559/32/2 558/32/110
f 557/32/110 558/32/110 559/32/2
f 594/18/8 595/18/8 596/31/8
f 595/18/8 593/31/8 596/31/8
f 593/31/8 574/28/8 596/31/8
f 574/28/8 573/27/8 596/31/8
f 574/28/8 593/31/8 580/28/8
f 596/31/8 573/27/8 597/30/8
f 580/28/8 593/31/8 577/27/8
f 577/27/8 597/30/8 573/27/8
f 593/31/8 592/30/8 577/27/8
f 577/27/8 592/30/8 597/30/8
f 597/30/8 592/30/8 590/29/8
f 591/29/8 590/29/8 592/30/8
f 141/18/66 142/31/64 595/18/66
f 593/31/64 595/18/66 142/31/64
f 133/31/67 136/18/65 596/31/67
f 594/18/65 596/31/67 136/18/65
f 140/30/63 139/29/62 592/30/63
f 591/29/62 592/30/63 139/29/62
f 138/29/61 134/30/68 590/29/61
f 597/30/68 590/29/61 134/30/68
f 134/30/68 133/31/67 597/30/68
f 596/31/67 597/30/68 133/31/67
f 141/18/66 595/18/66 136/18/65
f 594/18/65 136/18/65 595/18/66
f 142/31/64 140/30/63 593/31/64
f 592/30/63 593/31/64 140/30/63
f 591/29/62 139/29/62 590/29/61
f 138/29/61 590/29/61 139/29/62
f 585/15/6 587/15/6 581/15/6
f 581/15/6 587/15/6 582/15/6
f 589/15/6 582/15/6 587/15/6
f 588/16/2 586/16/2 131/16/2
f 131/16/2 586/16/2 129/16/2
f 586/16/2 583/16/2 129/16/2
f 129/16/2 583/16/2 137/16/2
f 584/16/2 137/16/2 583/16/2
f 586/16/60 585/15/60 583/16/59
f 581/15/59 583/16/59 585/15/60
f 588/16/7 587/15/7 586/16/60
f 585/15/60 586/16/60 587/15/7
f 584/16/8 583/16/59 582/15/8
f 581/15/59 582/15/8 583/16/59
f 578/27/58 579/28/41 577/27/58
f 580/28/41 577/27/58 579/28/41
f 580/28/41 579/28/41 574/28/42
f 576/28/42 574/28/42 579/28/41
f 578/27/58 577/27/58 575/27/57
f 573/27/57 575/27/57 577/27/58
f 576/28/42 575/27/57 574/28/42
f 573/27/57 574/28/42 575/27/57
f 605/33/8 610/34/8 607/33/8
f 607/33/8 610/34/8 608/33/8
f 607/33/8 608/33/8 600/32/8
f 610/34/8 605/33/8 613/34/8
f 605/33/8 598/32/8 613/34/8
f 602/32/8 600/32/8 608/33/8
f 600/32/8 602/32/8 598/32/8
f 613/34/8 598/32/8 612/15/8
f 602/32/8 603/32/8 598/32/8
f 603/32/8 612/15/8 598/32/8
f 612/15/8 603/32/8 611/15/8
f 610/34/8 611/15/8 603/32/8
f 608/33/8 610/34/8 609/33/8
f 609/33/8 610/34/8 603/32/8
f 601/32/58 606/33/41 603/32/58
f 609/33/41 603/32/58 606/33/41
f 604/33/42 599/32/57 605/33/42
f 598/32/57 605/33/42 599/32/57
f 609/33/41 606/33/41 608/33/6
f 608/33/6 606/33/41 607/33/6
f 607/33/6 606/33/41 605/33/42
f 604/33/42 605/33/42 606/33/41
f 603/32/58 602/32/2 601/32/58
f 602/32/2 600/32/2 601/32/58
f 601/32/58 600/32/2 599/32/57
f 598/32/57 599/32/57 600/32/2
f 616/27/58 615/28/41 614/27/58
f 615/28/41 616/27/58 617/28/41
f 618/27/57 616/27/58 614/27/58
f 616/27/58 618/27/57 619/27/57
f 620/28/42 615/28/41 617/28/41
f 615/28/41 620/28/42 621/28/42
f 620/28/42 618/27/57 621/28/42
f 618/27/57 620/28/42 619/27/57
f 624/16/124 623/15/8 622/15/124
f 623/15/8 624/16/124 625/16/8
f 628/15/3 627/16/125 626/15/125
f 627/16/125 628/15/3 629/16/3
f 626/15/125 624/16/124 622/15/124
f 624/16/124 626/15/125 627/16/125
f 624/16/2 151/16/2 625/16/2
f 151/16/2 624/16/2 143/16/2
f 143/16/2 624/16/2 627/16/2
f 143/16/2 627/16/2 145/16/2
f 145/16/2 627/16/2 629/16/2
f 628/15/6 623/15/6 5/15/6
f 623/15/6 628/15/6 622/15/6
f 622/15/6 628/15/6 626/15/6
f 153/29/61 630/29/62 152/29/62
f 630/29/62 153/29/61 631/29/61
f 154/30/68 633/31/67 632/30/68
f 633/31/67 154/30/68 156/31/67
f 635/18/65 150/18/66 634/18/66
f 150/18/66 635/18/65 155/18/65
f 147/31/64 637/30/63 636/31/64
f 637/30/63 147/31/64 148/30/63
f 148/30/63 630/29/62 637/30/63
f 630/29/62 148/30/63 152/29/62
f 153/29/61 632/30/68 631/29/61
f 632/30/68 153/29/61 154/30/68
f 150/18/66 636/31/64 634/18/66
f 636/31/64 150/18/66 147/31/64
f 156/31/67 635/18/65 633/31/67
f 635/18/65 156/31/67 155/18/65
f 632/30/8 630/29/8 631/29/8
f 630/29/8 632/30/8 637/30/8
f 637/30/8 632/30/8 618/27/8
f 618/27/8 632/30/8 633/31/8
f 614/27/8 637/30/8 618/27/8
f 618/27/8 633/31/8 621/28/8
f 637/30/8 614/27/8 636/31/8
f 621/28/8 633/31/8 615/28/8
f 636/31/8 614/27/8 615/28/8
f 636/31/8 615/28/8 633/31/8
f 636/31/8 633/31/8 635/18/8
f 636/31/8 635/18/8 634/18/8
f 640/32/2 639/32/58 638/32/58
f 639/32/58 640/32/2 641/32/57
f 641/32/57 640/32/2 642/32/2
f 641/32/57 642/32/2 643/32/57
f 646/33/42 645/33/41 644/33/41
f 645/33/41 646/33/42 647/33/6
f 647/33/6 646/33/42 648/33/6
f 648/33/6 646/33/42 649/33/42
f 639/32/58 645/33/41 638/32/58
f 645/33/41 639/32/58 644/33/41
f 646/33/42 643/32/57 649/33/42
f 643/32/57 646/33/42 641/32/57
f 643/32/8 650/34/8 649/33/8
f 649/33/8 650/34/8 648/33/8
f 643/32/8 651/15/8 650/34/8
f 651/15/8 643/32/8 652/15/8
f 638/32/8 652/15/8 643/32/8
f 638/32/8 643/32/8 642/32/8
f 652/15/8 638/32/8 653/34/8
f 638/32/8 642/32/8 640/32/8
f 648/33/8 640/32/8 642/32/8
f 653/34/8 638/32/8 645/33/8
f 653/34/8 645/33/8 650/34/8
f 640/32/8 648/33/8 647/33/8
f 648/33/8 650/34/8 647/33/8
f 647/33/8 650/34/8 645/33/8
f 677/35/42 682/16/57 678/35/42
f 681/16/57 678/35/42 682/16/57
f 684/16/58 679/35/41 683/16/58
f 680/35/41 683/16/58 679/35/41
f 684/16/58 683/16/58 682/16/57
f 681/16/57 682/16/57 683/16/58
f 680/35/41 679/35/41 678/35/42
f 677/35/42 678/35/42 679/35/41
f 164/18/66 163/31/64 671/18/66
f 668/31/64 671/18/66 163/31/64
f 166/31/67 165/18/65 670/31/67
f 672/18/65 670/31/67 165/18/65
f 167/16/3 166/31/67 673/16/3
f 670/31/67 673/16/3 166/31/67
f 164/18/66 671/18/66 165/18/65
f 672/18/65 165/18/65 671/18/66
f 669/15/6 676/15/6 659/15/6
f 659/15/6 676/15/6 661/15/6
f 661/15/6 676/15/6 656/15/6
f 656/15/6 675/15/6 654/15/6
f 656/15/6 676/15/6 675/15/6
f 675/15/6 676/15/6 663/15/6
f 665/15/6 663/15/6 676/15/6
f 167/16/2 673/16/2 158/16/2
f 673/16/2 674/16/2 158/16/2
f 158/16/2 674/16/2 159/16/2
f 674/16/2 662/16/2 159/16/2
f 664/16/2 159/16/2 662/16/2
f 663/15/125 662/16/125 675/15/124
f 674/16/124 675/15/124 662/16/125
f 675/15/124 674/16/124 654/15/8
f 673/16/8 654/15/8 674/16/124
f 654/15/8 673/16/8 655/28/8
f 670/31/8 655/28/8 673/16/8
f 672/18/8 671/18/8 670/31/8
f 671/18/8 668/31/8 670/31/8
f 668/31/8 655/28/8 670/31/8
f 655/28/8 668/31/8 658/28/8
f 668/31/8 666/16/8 658/28/8
f 658/28/8 666/16/8 659/15/8
f 666/16/8 667/16/8 659/15/8
f 669/15/8 659/15/8 667/16/8
f 163/31/64 161/16/7 668/31/64
f 666/16/7 668/31/64 161/16/7
f 160/16/2 667/16/2 161/16/2
f 666/16/2 161/16/2 667/16/2
f 665/15/3 664/16/3 663/15/125
f 662/16/125 663/15/125 664/16/3
f 658/28/6 660/28/6 655/28/6
f 657/28/6 655/28/6 660/28/6
f 661/15/3 660/28/3 659/15/3
f 658/28/3 659/15/3 660/28/3
f 657/28/7 656/15/7 655/28/7
f 654/15/7 655/28/7 656/15/7
f 687/15/41 686/15/42 685/15/42
f 686/15/42 687/15/41 688/15/41
f 690/19/57 686/15/42 689/19/57
f 686/15/42 690/19/57 685/15/42
f 687/15/41 691/19/58 688/15/41
f 691/19/58 687/15/41 692/19/58
f 691/19/58 690/19/57 689/19/57
f 690/19/57 691/19/58 692/19/58
f 691/19/8 686/15/8 688/15/8
f 686/15/8 691/19/8 689/19/8
f 695/29/24 694/18/24 693/29/24
f 694/18/24 695/29/24 696/18/24
f 699/18/30 698/29/25 697/29/30
f 698/29/25 699/18/30 700/18/25
f 693/29/3 699/18/30 697/29/30
f 699/18/30 693/29/3 694/18/3
f 699/18/2 696/18/2 700/18/2
f 696/18/2 699/18/2 694/18/2
f 693/29/6 698/29/6 695/29/6
f 698/29/6 693/29/6 697/29/6
f 696/18/7 698/29/25 700/18/25
f 698/29/25 696/18/7 695/29/7
f 703/15/3 702/28/3 701/15/3
f 702/28/3 703/15/3 704/28/3
f 707/28/7 706/15/7 705/28/7
f 706/15/7 707/28/7 708/15/7
f 707/28/6 702/28/6 704/28/6
f 702/28/6 707/28/6 705/28/6
f 711/15/6 710/15/6 709/15/6
f 710/15/6 711/15/6 703/15/6
f 701/15/6 710/15/6 703/15/6
f 703/15/6 711/15/6 708/15/6
f 708/15/6 711/15/6 706/15/6
f 706/15/6 711/15/6 712/15/6
f 712/15/6 711/15/6 713/15/6
f 715/16/2 172/16/2 714/16/2
f 172/16/2 715/16/2 168/16/2
f 168/16/2 715/16/2 170/16/2
f 170/16/2 715/16/2 716/16/2
f 716/16/2 715/16/2 717/16/2
f 172/16/3 718/31/67 714/16/3
f 718/31/67 172/16/3 173/31/67
f 720/16/2 178/16/2 719/16/2
f 178/16/2 720/16/2 179/16/2
f 711/15/3 717/16/125 713/15/125
f 717/16/125 711/15/3 716/16/3
f 713/15/125 715/16/124 712/15/124
f 715/16/124 713/15/125 717/16/125
f 177/31/64 720/16/7 721/31/64
f 720/16/7 177/31/64 179/16/7
f 723/18/65 175/18/66 722/18/66
f 175/18/66 723/18/65 174/18/65
f 175/18/66 721/31/64 722/18/66
f 721/31/64 175/18/66 177/31/64
f 173/31/67 723/18/65 718/31/67
f 723/18/65 173/31/67 174/18/65
f 715/16/124 706/15/8 712/15/124
f 706/15/8 715/16/124 714/16/8
f 706/15/8 714/16/8 705/28/8
f 705/28/8 714/16/8 718/31/8
f 705/28/8 718/31/8 702/28/8
f 721/31/8 702/28/8 718/31/8
f 721/31/8 718/31/8 723/18/8
f 721/31/8 723/18/8 722/18/8
f 720/16/8 702/28/8 721/31/8
f 702/28/8 720/16/8 701/15/8
f 719/16/8 701/15/8 720/16/8
f 701/15/8 719/16/8 710/15/8
f 726/29/24 725/18/24 724/29/24
f 725/18/24 726/29/24 727/18/24
f 730/18/30 729/29/25 728/29/30
f 729/29/25 730/18/30 731/18/25
f 724/29/3 730/18/30 728/29/30
f 730/18/30 724/29/3 725/18/3
f 730/18/2 727/18/2 731/18/2
f 727/18/2 730/18/2 725/18/2
f 724/29/6 729/29/6 726/29/6
f 729/29/6 724/29/6 728/29/6
f 727/18/7 729/29/25 731/18/25
f 729/29/25 727/18/7 726/29/7
f 734/27/85 733/28/86 732/27/85
f 733/28/86 734/27/85 735/28/86
f 736/27/83 734/27/85 732/27/85
f 734/27/85 736/27/83 737/27/83
f 738/28/84 733/28/86 735/28/86
f 733/28/86 738/28/84 739/28/84
f 738/28/84 736/27/83 739/28/84
f 736/27/83 738/28/84 737/27/83
f 742/16/11 741/15/11 740/15/11
f 741/15/11 742/16/11 743/16/11
f 744/15/6 740/15/6 741/15/6
f 740/15/6 744/15/6 745/15/6
f 186/29/87 746/29/88 185/29/88
f 746/29/88 186/29/87 747/29/87
f 188/30/94 749/31/93 748/30/94
f 749/31/93 188/30/94 191/31/93
f 751/18/91 183/18/92 750/18/92
f 183/18/92 751/18/91 190/18/91
f 180/31/90 753/30/89 752/31/90
f 753/30/89 180/31/90 181/30/89
f 181/30/89 746/29/88 753/30/89
f 746/29/88 181/30/89 185/29/88
f 186/29/87 748/30/94 747/29/87
f 748/30/94 186/29/87 188/30/94
f 183/18/92 752/31/90 750/18/92
f 752/31/90 183/18/92 180/31/90
f 191/31/93 751/18/91 749/31/93
f 751/18/91 191/31/93 190/18/91
f 748/30/11 746/29/11 747/29/11
f 746/29/11 748/30/11 753/30/11
f 753/30/11 748/30/11 736/27/11
f 736/27/11 748/30/11 749/31/11
f 732/27/11 753/30/11 736/27/11
f 736/27/11 749/31/11 739/28/11
f 753/30/11 732/27/11 752/31/11
f 739/28/11 749/31/11 733/28/11
f 752/31/11 732/27/11 733/28/11
f 752/31/11 733/28/11 749/31/11
f 752/31/11 749/31/11 751/18/11
f 752/31/11 751/18/11 750/18/11
f 742/16/2 184/16/2 743/16/2
f 184/16/2 742/16/2 187/16/2
f 756/32/2 755/32/85 754/32/85
f 755/32/85 756/32/2 757/32/83
f 757/32/83 756/32/2 758/32/2
f 757/32/83 758/32/2 759/32/83
f 762/33/84 761/33/86 760/33/86
f 761/33/86 762/33/84 763/33/6
f 763/33/6 762/33/84 764/33/6
f 764/33/6 762/33/84 765/33/84
f 755/32/85 761/33/86 754/32/85
f 761/33/86 755/32/85 760/33/86
f 762/33/84 759/32/83 765/33/84
f 759/32/83 762/33/84 757/32/83
f 759/32/11 766/34/11 765/33/11
f 765/33/11 766/34/11 764/33/11
f 759/32/11 767/15/11 766/34/11
f 767/15/11 759/32/11 768/15/11
f 754/32/11 768/15/11 759/32/11
f 754/32/11 759/32/11 758/32/11
f 768/15/11 754/32/11 769/34/11
f 754/32/11 758/32/11 756/32/11
f 764/33/11 756/32/11 758/32/11
f 769/34/11 754/32/11 761/33/11
f 769/34/11 761/33/11 766/34/11
f 756/32/11 764/33/11 763/33/11
f 764/33/11 766/34/11 763/33/11
f 763/33/11 766/34/11 761/33/11
f 772/27/126 771/28/127 770/27/126
f 771/28/127 772/27/126 773/28/127
f 774/27/128 772/27/126 770/27/126
f 772/27/126 774/27/128 775/27/128
f 776/28/129 771/28/127 773/28/127
f 771/28/127 776/28/129 777/28/129
f 776/28/129 774/27/128 777/28/129
f 774/27/128 776/28/129 775/27/128
f 780/16/73 779/15/17 778/15/73
f 779/15/17 780/16/73 781/16/17
f 784/15/16 783/16/74 782/15/74
f 783/16/74 784/15/16 785/16/16
f 782/15/74 780/16/73 778/15/73
f 780/16/73 782/15/74 783/16/74
f 780/16/2 200/16/2 781/16/2
f 200/16/2 780/16/2 192/16/2
f 192/16/2 780/16/2 783/16/2
f 192/16/2 783/16/2 194/16/2
f 194/16/2 783/16/2 785/16/2
f 784/15/6 779/15/6 744/15/6
f 779/15/6 784/15/6 778/15/6
f 778/15/6 784/15/6 782/15/6
f 202/29/131 786/29/130 201/29/130
f 786/29/130 202/29/131 787/29/131
f 203/30/132 789/31/133 788/30/132
f 789/31/133 203/30/132 205/31/133
f 791/18/135 199/18/134 790/18/134
f 199/18/134 791/18/135 204/18/135
f 196/31/136 793/30/137 792/31/136
f 793/30/137 196/31/136 197/30/137
f 197/30/137 786/29/130 793/30/137
f 786/29/130 197/30/137 201/29/130
f 202/29/131 788/30/132 787/29/131
f 788/30/132 202/29/131 203/30/132
f 199/18/134 792/31/136 790/18/134
f 792/31/136 199/18/134 196/31/136
f 205/31/133 791/18/135 789/31/133
f 791/18/135 205/31/133 204/18/135
f 788/30/17 786/29/17 787/29/17
f 786/29/17 788/30/17 793/30/17
f 793/30/17 788/30/17 774/27/17
f 774/27/17 788/30/17 789/31/17
f 770/27/17 793/30/17 774/27/17
f 774/27/17 789/31/17 777/28/17
f 793/30/17 770/27/17 792/31/17
f 777/28/17 789/31/17 771/28/17
f 792/31/17 770/27/17 771/28/17
f 792/31/17 771/28/17 789/31/17
f 792/31/17 789/31/17 791/18/17
f 792/31/17 791/18/17 790/18/17
f 796/32/2 795/32/126 794/32/126
f 795/32/126 796/32/2 797/32/128
f 797/32/128 796/32/2 798/32/2
f 797/32/128 798/32/2 799/32/128
f 802/33/129 801/33/127 800/33/127
f 801/33/127 802/33/129 803/33/6
f 803/33/6 802/33/129 804/33/6
f 804/33/6 802/33/129 805/33/129
f 795/32/126 801/33/127 794/32/126
f 801/33/127 795/32/126 800/33/127
f 802/33/129 799/32/128 805/33/129
f 799/32/128 802/33/129 797/32/128
f 799/32/17 776/34/17 805/33/17
f 805/33/17 776/34/17 804/33/17
f 799/32/17 775/15/17 776/34/17
f 775/15/17 799/32/17 806/15/17
f 794/32/17 806/15/17 799/32/17
f 794/32/17 799/32/17 798/32/17
f 806/15/17 794/32/17 807/34/17
f 794/32/17 798/32/17 796/32/17
f 804/33/17 796/32/17 798/32/17
f 807/34/17 794/32/17 801/33/17
f 807/34/17 801/33/17 776/34/17
f 796/32/17 804/33/17 803/33/17
f 804/33/17 776/34/17 803/33/17
f 803/33/17 776/34/17 801/33/17
f 810/36/138 809/37/138 808/36/138
f 809/37/138 810/36/138 811/37/138
f 809/37/139 813/38/139 812/38/139
f 813/38/139 809/37/139 811/37/139
f 815/39/140 808/36/140 814/39/140
f 808/36/140 815/39/140 810/36/140
f 821/39/146 822/42/146 823/43/146
f 823/43/146 822/42/146 816/36/146
f 822/42/146 11/42/146 816/36/146
f 816/36/146 11/42/146 808/36/146
f 824/42/146 808/36/146 11/42/146
f 821/39/144 823/43/145 820/41/144
f 819/40/145 820/41/144 823/43/145
f 819/40/145 823/43/145 817/37/141
f 816/36/141 817/37/141 823/43/145
f 822/42/3 821/39/144 818/38/3
f 820/41/144 818/38/3 821/39/144
f 820/41/143 819/40/143 818/38/143
f 819/40/143 817/37/143 818/38/143
f 818/38/143 817/37/143 812/38/143
f 809/37/143 812/38/143 817/37/143
f 809/37/142 817/37/141 808/36/142
f 816/36/141 808/36/142 817/37/141
f 827/37/147 826/36/148 825/36/147
f 826/36/148 827/37/147 828/37/148
f 827/37/149 829/38/149 828/37/149
f 829/38/149 827/37/149 830/38/149
f 830/38/149 827/37/149 831/40/149
f 830/38/149 831/40/149 832/41/149
f 833/39/150 830/38/4 832/41/150
f 830/38/4 833/39/150 834/42/4
f 835/43/151 827/37/147 825/36/147
f 827/37/147 835/43/151 831/40/151
f 835/43/151 832/41/150 831/40/151
f 832/41/150 835/43/151 833/39/150
f 14/42/152 826/36/152 836/42/152
f 826/36/152 14/42/152 825/36/152
f 825/36/152 14/42/152 834/42/152
f 825/36/152 834/42/152 835/43/152
f 835/43/152 834/42/152 833/39/152
f 839/36/148 838/37/148 837/36/148
f 838/37/148 839/36/148 840/37/148
f 838/37/149 842/38/149 841/38/149
f 842/38/149 838/37/149 840/37/149
f 844/39/152 837/36/152 843/39/152
f 837/36/152 844/39/152 839/36/152
f 847/44/153 846/38/153 845/38/153
f 847/44/154 848/38/154 846/38/154
f 857/39/160 858/42/160 859/43/160
f 859/43/160 858/42/160 849/36/160
f 858/42/160 17/42/160 849/36/160
f 849/36/160 17/42/160 850/36/160
f 860/42/160 850/36/160 17/42/160
f 857/39/158 859/43/159 856/41/158
f 855/40/159 856/41/158 859/43/159
f 855/40/159 859/43/159 851/37/155
f 849/36/155 851/37/155 859/43/159
f 858/42/5 857/39/158 854/38/5
f 856/41/158 854/38/5 857/39/158
f 856/41/157 855/40/157 854/38/157
f 855/40/157 851/37/157 854/38/157
f 854/38/157 851/37/157 853/38/157
f 852/37/157 853/38/157 851/37/157
f 852/37/156 851/37/155 850/36/156
f 849/36/155 850/36/156 851/37/155
f 863/38/143 862/37/143 861/37/143
f 863/38/161 861/37/161 864/37/161
f 18/39/162 866/36/162 865/36/162
f 866/36/162 18/39/162 19/39/162
f 867/36/146 18/39/146 865/36/146
f 18/39/146 867/36/146 20/39/146
f 861/37/163 866/36/163 864/37/163
f 866/36/163 861/37/163 865/36/163
f 861/37/142 867/36/142 865/36/142
f 867/36/142 861/37/142 862/37/142
f 870/40/168 872/37/166 876/43/168
f 877/36/166 876/43/168 872/37/166
f 874/39/164 868/41/164 876/43/168
f 870/40/168 876/43/168 868/41/164
f 873/37/167 880/36/167 872/37/166
f 877/36/166 872/37/166 880/36/167
f 880/36/165 879/39/165 877/36/165
f 879/39/165 878/42/165 877/36/165
f 878/42/165 22/42/165 877/36/165
f 877/36/165 22/42/165 876/43/165
f 876/43/165 22/42/165 874/39/165
f 875/42/165 874/39/165 22/42/165
f 875/42/3 869/38/3 874/39/164
f 868/41/164 874/39/164 869/38/3
f 873/37/154 872/37/154 871/38/154
f 872/37/154 870/40/154 871/38/154
f 871/38/154 870/40/154 869/38/154
f 868/41/154 869/38/154 870/40/154
f 890/49/174 29/45/173 894/50/177
f 892/46/175 894/50/177 29/45/173
f 882/48/183 888/51/184 883/47/8
f 889/38/8 883/47/8 888/51/184
f 889/38/8 895/51/178 883/47/8
f 893/48/176 883/47/8 895/51/178
f 888/51/184 882/48/183 886/50/179
f 881/46/180 886/50/179 882/48/183
f 892/46/182 29/45/182 893/48/182
f 893/48/182 29/45/182 883/47/182
f 31/47/182 883/47/182 29/45/182
f 890/49/181 894/50/181 891/49/181
f 894/50/181 895/51/181 891/49/181
f 891/49/181 895/51/181 887/38/181
f 889/38/181 887/38/181 895/51/181
f 25/45/171 884/49/170 881/46/180
f 886/50/179 881/46/180 884/49/170
f 895/51/178 894/50/177 893/48/176
f 892/46/175 893/48/176 894/50/177
f 891/49/7 30/45/7 890/49/174
f 29/45/173 890/49/174 30/45/7
f 889/38/172 888/51/172 887/38/172
f 888/51/172 886/50/172 887/38/172
f 887/38/172 886/50/172 885/49/172
f 884/49/172 885/49/172 886/50/172
f 27/45/3 885/49/3 25/45/171
f 884/49/170 25/45/171 885/49/3
f 883/47/169 31/47/169 882/48/169
f 882/48/169 31/47/169 881/46/169
f 25/45/169 881/46/169 31/47/169
f 898/54/3 897/53/186 896/52/185
f 897/53/186 898/54/3 899/38/3
f 902/56/189 901/55/188 900/55/187
f 901/55/188 902/56/189 903/56/190
f 903/56/190 904/52/191 901/55/188
f 904/52/191 903/56/190 905/53/192
f 38/38/7 904/52/191 905/53/192
f 904/52/191 38/38/7 906/54/7
f 896/52/185 902/56/189 900/55/187
f 902/56/189 896/52/185 897/53/186
f 903/56/193 38/38/193 905/53/193
f 38/38/193 903/56/193 899/38/193
f 899/38/193 903/56/193 902/56/193
f 899/38/193 902/56/193 897/53/193
f 898/54/194 904/52/194 906/54/194
f 904/52/194 898/54/194 901/55/194
f 901/55/194 898/54/194 900/55/194
f 900/55/194 898/54/194 896/52/194
f 909/54/3 908/53/186 907/52/185
f 908/53/186 909/54/3 169/38/3
f 912/56/189 911/55/188 910/55/187
f 911/55/188 912/56/189 913/56/190
f 913/56/190 914/52/191 911/55/188
f 914/52/191 913/56/190 915/53/192
f 916/38/7 914/52/191 915/53/192
f 914/52/191 916/38/7 917/54/7
f 907/52/185 912/56/189 910/55/187
f 912/56/189 907/52/185 908/53/186
f 913/56/193 916/38/193 915/53/193
f 916/38/193 913/56/193 169/38/193
f 169/38/193 913/56/193 912/56/193
f 169/38/193 912/56/193 908/53/193
f 909/54/194 914/52/194 917/54/194
f 914/52/194 909/54/194 911/55/194
f 911/55/194 909/54/194 910/55/194
f 910/55/194 909/54/194 907/52/194
f 252/57/8 247/57/8 249/58/8
f 921/60/8 920/60/8 919/59/8
f 918/59/8 919/59/8 920/60/8
f 386/60/10 923/59/10 922/59/10
f 923/59/10 386/60/10 384/60/10
f 927/60/11 926/60/11 925/59/11
f 924/59/11 925/59/11 926/60/11
f 487/60/10 489/60/10 929/59/10
f 928/59/10 929/59/10 489/60/10
f 932/60/15 931/59/15 930/59/15
f 931/59/15 932/60/15 933/60/15
f 937/60/15 936/60/15 935/59/15
f 934/59/15 935/59/15 936/60/15
f 941/60/8 940/60/8 939/59/8
f 938/59/8 939/59/8 940/60/8
f 944/60/8 943/59/8 942/59/8
f 943/59/8 944/60/8 945/60/8
f 677/62/8 679/62/8 682/61/8
f 684/61/8 682/61/8 679/62/8
f 948/63/8 947/62/8 946/63/8
f 947/62/8 948/63/8 949/62/8
f 952/60/11 951/59/11 950/59/11
f 951/59/11 952/60/11 953/60/11
f 802/60/17 795/59/17 797/59/17
f 795/59/17 802/60/17 800/60/17
f 285/64/2 284/64/2 286/64/2
f 284/64/2 285/64/2 287/64/2
f 284/64/2 287/64/2 288/64/2
f 284/64/2 288/64/2 289/64/2
f 284/64/2 289/64/2 282/64/2
f 284/64/2 282/64/2 283/64/2
f 956/66/197 955/65/196 954/65/195
f 955/65/196 956/66/197 957/66/198
f 960/65/201 959/66/200 958/66/199
f 959/66/200 960/65/201 961/65/202
f 964/66/205 963/65/204 962/65/203
f 963/65/204 964/66/205 965/66/206
f 966/67/207 964/66/205 958/66/199
f 964/66/205 966/67/207 967/67/208
f 958/66/199 962/65/203 960/65/201
f 962/65/203 958/66/199 964/66/205
f 956/66/197 963/65/204 965/66/206
f 963/65/204 956/66/197 954/65/195
f 957/66/198 961/65/202 955/65/196
f 961/65/202 957/66/198 959/66/200
f 968/67/209 957/66/198 956/66/197
f 957/66/198 968/67/209 969/67/210
f 969/67/210 959/66/200 957/66/198
f 959/66/200 969/67/210 970/67/211
f 959/66/200 966/67/207 958/66/199
f 966/67/207 959/66/200 970/67/211
f 971/67/212 956/66/197 965/66/206
f 956/66/197 971/67/212 968/67/209
f 967/67/208 965/66/206 964/66/205
f 965/66/206 967/67/208 971/67/212
f 967/67/208 968/67/209 971/67/212
f 968/67/209 967/67/208 969/67/210
f 969/67/210 967/67/208 966/67/207
f 969/67/210 966/67/207 970/67/211
f 974/68/215 973/65/214 972/65/213
f 973/65/214 974/68/215 975/65/216
f 975/65/216 974/68/215 976/68/217
f 979/67/220 978/68/219 977/68/218
f 978/68/219 979/67/220 980/67/221
f 977/68/218 982/65/223 981/65/222
f 982/65/223 977/68/218 978/68/219
f 985/68/226 984/65/225 983/65/224
f 984/65/225 985/68/226 972/65/213
f 972/65/213 985/68/226 974/68/215
f 978/68/219 986/65/227 982/65/223
f 986/65/227 978/68/219 987/68/228
f 988/67/229 974/68/215 985/68/226
f 974/68/215 988/67/229 989/67/230
f 989/67/230 976/68/217 974/68/215
f 976/68/217 989/67/230 990/67/231
f 985/68/226 986/65/227 987/68/228
f 986/65/227 985/68/226 983/65/224
f 976/68/217 979/67/220 977/68/218
f 979/67/220 976/68/217 990/67/231
f 991/67/232 985/68/226 987/68/228
f 985/68/226 991/67/232 988/67/229
f 980/67/221 987/68/228 978/68/219
f 987/68/228 980/67/221 991/67/232
f 981/65/222 976/68/217 977/68/218
f 976/68/217 981/65/222 975/65/216
f 991/67/232 989/67/230 988/67/229
f 989/67/230 991/67/232 980/67/221
f 989/67/230 980/67/221 990/67/231
f 990/67/231 980/67/221 979/67/220
f 994/68/235 993/65/234 992/65/233
f 993/65/234 994/68/235 995/68/236
f 997/68/238 992/65/233 996/65/237
f 992/65/233 997/68/238 994/68/235
f 1000/68/241 999/65/240 998/65/239
f 999/65/240 1000/68/241 1001/68/242
f 1002/67/243 994/68/235 997/68/238
f 994/68/235 1002/67/243 1003/67/244
f 1005/67/246 1004/68/245 1001/68/242
f 1004/68/245 1005/67/246 1006/67/247
f 1000/68/241 993/65/234 995/68/236
f 993/65/234 1000/68/241 998/65/239
f 996/65/237 1004/68/245 997/68/238
f 1004/68/245 996/65/237 1007/65/248
f 1001/68/242 1007/65/248 999/65/240
f 1007/65/248 1001/68/242 1004/68/245
f 1008/67/249 1001/68/242 1000/68/241
f 1001/68/242 1008/67/249 1005/67/246
f 1009/67/250 1000/68/241 995/68/236
f 1000/68/241 1009/67/250 1008/67/249
f 1004/68/245 1002/67/243 997/68/238
f 1002/67/243 1004/68/245 1006/67/247
f 1003/67/244 995/68/236 994/68/235
f 995/68/236 1003/67/244 1009/67/250
f 1003/67/244 1008/67/249 1009/67/250
f 1008/67/249 1003/67/244 1005/67/246
f 1005/67/246 1003/67/244 1002/67/243
f 1005/67/246 1002/67/243 1006/67/247
f 1012/65/253 1011/66/252 1010/65/251
f 1011/66/252 1012/65/253 1013/66/254
f 1011/66/252 1015/67/256 1014/67/255
f 1015/67/256 1011/66/252 1013/66/254
f 1017/65/258 1011/66/252 1016/66/257
f 1011/66/252 1017/65/258 1010/65/251
f 1020/67/261 1019/67/260 1018/67/259
f 1019/67/260 1020/67/261 1015/67/256
f 1015/67/256 1020/67/261 1021/67/262
f 1015/67/256 1021/67/262 1014/67/255
f 1021/67/262 1022/66/263 1016/66/257
f 1022/66/263 1021/67/262 1020/67/261
f 1025/66/266 1024/65/265 1023/66/264
f 1024/65/265 1025/66/266 1026/65/267
f 1025/66/266 1012/65/253 1026/65/267
f 1012/65/253 1025/66/266 1013/66/254
f 1023/66/264 1027/65/268 1022/66/263
f 1027/65/268 1023/66/264 1024/65/265
f 1018/67/259 1025/66/266 1023/66/264
f 1025/66/266 1018/67/259 1019/67/260
f 1011/66/252 1021/67/262 1016/66/257
f 1021/67/262 1011/66/252 1014/67/255
f 1020/67/261 1023/66/264 1022/66/263
f 1023/66/264 1020/67/261 1018/67/259
f 1019/67/260 1013/66/254 1025/66/266
f 1013/66/254 1019/67/260 1015/67/256
f 1016/66/257 1027/65/268 1017/65/258
f 1027/65/268 1016/66/257 1022/66/263
f 1030/66/271 1029/65/270 1028/66/269
f 1029/65/270 1030/66/271 1031/65/272
f 1033/67/274 1030/66/271 1032/67/273
f 1030/66/271 1033/67/274 1034/66/275
f 1030/66/271 1035/65/276 1031/65/272
f 1035/65/276 1030/66/271 1034/66/275
f 1033/67/274 1036/66/277 1034/66/275
f 1036/66/277 1033/67/274 1037/67/278
f 1038/67/279 1030/66/271 1028/66/269
f 1030/66/271 1038/67/279 1032/67/273
f 1041/65/282 1040/66/281 1039/66/280
f 1040/66/281 1041/65/282 1042/65/283
f 1034/66/275 1043/65/284 1035/65/276
f 1043/65/284 1034/66/275 1036/66/277
f 1038/67/279 1033/67/274 1032/67/273
f 1033/67/274 1038/67/279 1044/67/285
f 1033/67/274 1044/67/285 1037/67/278
f 1037/67/278 1044/67/285 1045/67/286
f 1044/67/285 1028/66/269 1039/66/280
f 1028/66/269 1044/67/285 1038/67/279
f 1042/65/283 1036/66/277 1040/66/281
f 1036/66/277 1042/65/283 1043/65/284
f 1040/66/281 1044/67/285 1039/66/280
f 1044/67/285 1040/66/281 1045/67/286
f 1036/66/277 1045/67/286 1040/66/281
f 1045/67/286 1036/66/277 1037/67/278
f 1039/66/280 1029/65/270 1041/65/282
f 1029/65/270 1039/66/280 1028/66/269
f 441/70/12 430/69/12 432/69/12
f 430/69/12 441/70/12 440/70/12
f 660/70/8 678/72/8 657/70/8
f 678/72/8 681/71/8 657/70/8
f 678/72/8 660/70/8 680/72/8
f 657/70/8 681/71/8 656/69/8
f 680/72/8 660/70/8 683/71/8
f 683/71/8 656/69/8 681/71/8
f 660/70/8 661/69/8 683/71/8
f 656/69/8 683/71/8 661/69/8
f 949/72/42 1046/72/41 947/72/41
f 1046/72/41 949/72/42 1047/72/42
f 949/72/42 1048/73/57 1047/72/42
f 1048/73/57 949/72/42 948/73/57
f 1048/73/57 946/73/58 1049/73/58
f 946/73/58 1048/73/57 948/73/57
f 946/73/58 1046/72/41 1049/73/58
f 1046/72/41 946/73/58 947/72/41
f 708/69/8 1048/73/8 703/69/8
f 1048/73/8 708/69/8 707/70/8
f 703/69/8 1048/73/8 1049/73/8
f 1048/73/8 707/70/8 1047/72/8
f 1049/73/8 704/70/8 703/69/8
f 704/70/8 1047/72/8 707/70/8
f 704/70/8 1049/73/8 1046/72/8
f 704/70/8 1046/72/8 1047/72/8
