mtllib building-type-t.mtl
g building-type-t
v 0.2 5.0127e-18 0.26681
v 0.2 5.0127e-18 -0.13319
v -0.2 0 0.26681
v -0.2 5.0127e-18 -0.13319
v -0.44943 1.0973 -0.035916
v -0.45807 1.0973 -0.015056
v -0.43468 1.1268 -0.035916
v -0.44764 1.1268 -0.0046265
v -0.50843 1.0973 -0.035916
v -0.52318 1.1268 -0.035916
v -0.49979 1.0973 -0.015056
v -0.51021 1.1268 -0.0046265
v -0.45807 1.0383 -0.015056
v -0.47893 1.0383 -0.006416
v -0.47893 1.0973 -0.006416
v -0.44764 1.1268 -0.067205
v -0.45807 1.0973 -0.056776
v -0.47893 1.1268 0.008334
v -0.47893 1.0973 -0.065416
v -0.47893 1.1268 -0.080166
v -0.49979 1.0973 -0.056776
v -0.51021 1.1268 -0.067205
v -0.44943 1.1563 -0.035916
v -0.45807 1.1563 -0.015056
v -0.49979 1.0383 -0.015056
v -0.49979 1.0383 -0.056776
v -0.47893 1.0383 -0.065416
v -0.50843 1.0383 -0.035916
v -0.49979 1.1563 -0.056776
v -0.47893 1.1563 -0.065416
v -0.45807 1.1563 -0.056776
v -0.47893 1.1563 -0.006416
v -0.49979 1.1563 -0.015056
v -0.50843 1.1563 -0.035916
v -0.45807 1.0383 -0.056776
v -0.44943 1.0383 -0.035916
v 0.2 7.3319e-18 0.68681
v 0.6 7.3319e-18 0.68681
v 0.2 7.3319e-18 0.26681
v 0.62 7.3319e-18 0.26681
v 0.62 7.3319e-18 0.66681
v 0.2 0.05 0.68681
v 0.2 0.05 0.66681
v 0.6 0.05 0.68681
v 0.6 0.05 0.66681
v 0.6 0.05 0.26681
v 0.62 0.05 0.26681
v 0.62 0.05 0.66681
v 0.33 0.27 0.66681
v 0.33 0.27 0.68681
v 0.47 0.27 0.66681
v 0.47 0.27 0.68681
v 0.33 0.13 0.68681
v 0.33 0.13 0.66681
v 0.47 0.13 0.68681
v 0.47 0.13 0.66681
v 0.32 0.1 0.66681
v 0.32 0.1 0.68681
v 0.48 0.1 0.66681
v 0.48 0.1 0.68681
v 0.3 0.28 0.68681
v 0.3 0.12 0.68681
v 0.3 0.28 0.66681
v 0.3 0.12 0.66681
v 0.32 0.3 0.66681
v 0.48 0.3 0.66681
v 0.32 0.3 0.68681
v 0.48 0.3 0.68681
v 0.5 0.12 0.68681
v 0.5 0.28 0.68681
v 0.5 0.12 0.66681
v 0.5 0.28 0.66681
v 0.35 0.15 0.66681
v 0.35 0.19 0.66681
v 0.35 0.15 0.64681
v 0.35 0.21 0.66681
v 0.35 0.25 0.64681
v 0.35 0.25 0.66681
v 0.45 0.25 0.66681
v 0.45 0.21 0.66681
v 0.45 0.25 0.64681
v 0.45 0.19 0.66681
v 0.45 0.15 0.64681
v 0.45 0.15 0.66681
v 0.47 0.27 0.66681
v 0.33 0.27 0.66681
v 0.33 0.13 0.66681
v 0.47 0.13 0.66681
v -0.2 0.05 -0.65319
v -0.2 5.7071e-18 -0.65319
v -0.2 0.05 -0.55319
v -0.2 5.6399e-18 -0.55319
v -0.55 5.7071e-18 -0.70319
v -0.25 5.7071e-18 -0.70319
v -0.55 0.05 -0.70319
v -0.25 0.05 -0.70319
v -0.21464 5.6793e-18 -0.68855
v -0.21464 0.05 -0.68855
v -0.6 5.7071e-18 -0.65319
v -0.6 0.05 -0.65319
v -0.6 5.6399e-18 -0.55319
v -0.6 0.05 -0.55319
v -0.58536 5.6793e-18 -0.68855
v -0.58536 0.05 -0.68855
v -0.58 0.05 -0.55319
v -0.58 0.05 -0.64921
v -0.57005 0.05 -0.67324
v -0.54602 0.05 -0.68319
v -0.25398 0.05 -0.68319
v -0.22995 0.05 -0.67324
v -0.22 0.05 -0.64921
v -0.22 0.05 -0.55319
v -0.57005 0.03 -0.67324
v -0.58 0.03 -0.64921
v -0.58 0.03 -0.55319
v -0.22 0.03 -0.64921
v -0.22 0.03 -0.55319
v -0.22995 0.03 -0.67324
v -0.25398 0.03 -0.68319
v -0.54602 0.03 -0.68319
v -0.62 3.666e-18 0.26681
v -0.62 3.666e-18 -0.13319
v -0.2 3.666e-18 0.26681
v -0.2 3.666e-18 -0.13319
v -0.62 0.05 0.26681
v -0.6 0.05 0.26681
v -0.62 0.05 -0.13319
v -0.6 0.05 -0.13319
v -0.6 0.27 0.13681
v -0.62 0.27 0.13681
v -0.6 0.27 -0.0031902
v -0.62 0.27 -0.0031902
v -0.62 0.13 0.13681
v -0.6 0.13 0.13681
v -0.62 0.13 -0.0031902
v -0.6 0.13 -0.0031902
v -0.6 0.1 0.14681
v -0.62 0.1 0.14681
v -0.6 0.1 -0.01319
v -0.62 0.1 -0.01319
v -0.62 0.28 0.16681
v -0.62 0.12 0.16681
v -0.6 0.28 0.16681
v -0.6 0.12 0.16681
v -0.6 0.3 0.14681
v -0.6 0.3 -0.01319
v -0.62 0.3 0.14681
v -0.62 0.3 -0.01319
v -0.62 0.12 -0.03319
v -0.62 0.28 -0.03319
v -0.6 0.12 -0.03319
v -0.6 0.28 -0.03319
v -0.6 0.15 0.11681
v -0.6 0.19 0.11681
v -0.58 0.15 0.11681
v -0.6 0.21 0.11681
v -0.58 0.25 0.11681
v -0.6 0.25 0.11681
v -0.6 0.25 0.01681
v -0.6 0.21 0.01681
v -0.58 0.25 0.01681
v -0.6 0.19 0.01681
v -0.58 0.15 0.01681
v -0.6 0.15 0.01681
v -0.6 0.27 -0.0031902
v -0.6 0.27 0.13681
v -0.6 0.13 0.13681
v -0.6 0.13 -0.0031902
v -0.2 3.666e-18 -0.55319
v -0.6 3.666e-18 -0.55319
v -0.2 3.666e-18 -0.13319
v -0.62 3.666e-18 -0.13319
v -0.62 3.666e-18 -0.53319
v -0.2 0.05 -0.55319
v -0.2 0.05 -0.53319
v -0.6 0.05 -0.55319
v -0.6 0.05 -0.53319
v -0.6 0.05 -0.13319
v -0.62 0.05 -0.13319
v -0.62 0.05 -0.53319
v -0.33 0.27 -0.53319
v -0.33 0.27 -0.55319
v -0.47 0.27 -0.53319
v -0.47 0.27 -0.55319
v -0.33 0.13 -0.55319
v -0.33 0.13 -0.53319
v -0.47 0.13 -0.55319
v -0.47 0.13 -0.53319
v -0.32 0.1 -0.53319
v -0.32 0.1 -0.55319
v -0.48 0.1 -0.53319
v -0.48 0.1 -0.55319
v -0.3 0.28 -0.55319
v -0.3 0.12 -0.55319
v -0.3 0.28 -0.53319
v -0.3 0.12 -0.53319
v -0.32 0.3 -0.53319
v -0.48 0.3 -0.53319
v -0.32 0.3 -0.55319
v -0.48 0.3 -0.55319
v -0.5 0.12 -0.55319
v -0.5 0.28 -0.55319
v -0.5 0.12 -0.53319
v -0.5 0.28 -0.53319
v -0.35 0.15 -0.53319
v -0.35 0.19 -0.53319
v -0.35 0.15 -0.51319
v -0.35 0.21 -0.53319
v -0.35 0.25 -0.51319
v -0.35 0.25 -0.53319
v -0.45 0.25 -0.53319
v -0.45 0.21 -0.53319
v -0.45 0.25 -0.51319
v -0.45 0.19 -0.53319
v -0.45 0.15 -0.51319
v -0.45 0.15 -0.53319
v -0.47 0.27 -0.53319
v -0.33 0.27 -0.53319
v -0.33 0.13 -0.53319
v -0.47 0.13 -0.53319
v -0.1 0.05 -0.55319
v -0.1 0.28 -0.55319
v -0.1 0.05 -0.53319
v -0.1 0.28 -0.53319
v -0.2 0.05 -0.55319
v -0.2 0.05 -0.53319
v 0.2 0.05 -0.55319
v 0.2 0.05 -0.53319
v 0.1 0.05 -0.55319
v 0.1 0.05 -0.53319
v -0.2 3.666e-18 -0.55319
v -0.2 3.666e-18 -0.13319
v -0.07 1.8414e-16 -0.55319
v -0.07 1.8414e-16 -0.53319
v 0.07 1.8414e-16 -0.53319
v 0.2 3.666e-18 -0.13319
v 0.07 1.8414e-16 -0.55319
v 0.2 0 -0.55319
v 0.08 0.3 -0.55319
v 0.08 0.3 -0.53319
v -0.08 0.3 -0.55319
v -0.08 0.3 -0.53319
v 0.1 0.28 -0.55319
v 0.1 0.28 -0.53319
v -0.07 0.27 -0.55319
v 0.07 0.27 -0.55319
v 0.07 0.27 -0.53319
v -0.07 0.27 -0.53319
v -0.02 0.16 -0.53319
v -0.02 0.12 -0.53319
v -0.02 0.16 -0.51319
v -0.02 0.12 -0.51319
v 0.02 0.12 -0.53319
v 0.02 0.16 -0.53319
v 0.02 0.12 -0.51319
v 0.02 0.16 -0.51319
v -0.02 0.22 -0.53319
v -0.02 0.18 -0.53319
v -0.02 0.22 -0.51319
v -0.02 0.18 -0.51319
v 0.02 0.18 -0.53319
v 0.02 0.22 -0.53319
v 0.02 0.18 -0.51319
v 0.02 0.22 -0.51319
v -0.033212 0.095347 -0.53319
v -0.033212 0.095347 -0.54419
v -0.052482 0.095347 -0.53319
v -0.052482 0.095347 -0.54419
v -0.033212 0.13682 -0.54419
v -0.033212 0.13682 -0.53319
v -0.052482 0.13682 -0.54419
v -0.052482 0.13682 -0.53319
v -0.045896 0.11429 -0.54419
v -0.045896 0.1274 -0.54419
v -0.014982 0.11429 -0.54419
v -0.014982 0.1274 -0.54419
v -0.045896 0.11429 -0.55519
v -0.014982 0.11429 -0.55519
v -0.045896 0.1274 -0.55519
v -0.014982 0.1274 -0.55519
v 0.2 0 -0.55319
v 0.6 0 -0.55319
v 0.2 0 -0.13319
v 0.62 0 -0.13319
v 0.62 0 -0.53319
v 0.2 0.05 -0.55319
v 0.2 0.05 -0.53319
v 0.6 0.05 -0.55319
v 0.6 0.05 -0.53319
v 0.6 0.05 -0.13319
v 0.62 0.05 -0.13319
v 0.62 0.05 -0.53319
v 0.33 0.27 -0.53319
v 0.33 0.27 -0.55319
v 0.47 0.27 -0.53319
v 0.47 0.27 -0.55319
v 0.33 0.13 -0.55319
v 0.33 0.13 -0.53319
v 0.47 0.13 -0.55319
v 0.47 0.13 -0.53319
v 0.32 0.1 -0.53319
v 0.32 0.1 -0.55319
v 0.48 0.1 -0.53319
v 0.48 0.1 -0.55319
v 0.3 0.28 -0.55319
v 0.3 0.12 -0.55319
v 0.3 0.28 -0.53319
v 0.3 0.12 -0.53319
v 0.32 0.3 -0.53319
v 0.48 0.3 -0.53319
v 0.32 0.3 -0.55319
v 0.48 0.3 -0.55319
v 0.5 0.12 -0.55319
v 0.5 0.28 -0.55319
v 0.5 0.12 -0.53319
v 0.5 0.28 -0.53319
v 0.35 0.15 -0.53319
v 0.35 0.19 -0.53319
v 0.35 0.15 -0.51319
v 0.35 0.21 -0.53319
v 0.35 0.25 -0.51319
v 0.35 0.25 -0.53319
v 0.45 0.25 -0.53319
v 0.45 0.21 -0.53319
v 0.45 0.25 -0.51319
v 0.45 0.19 -0.53319
v 0.45 0.15 -0.51319
v 0.45 0.15 -0.53319
v 0.47 0.27 -0.53319
v 0.33 0.27 -0.53319
v 0.33 0.13 -0.53319
v 0.47 0.13 -0.53319
v -0.2 0.4 -0.35319
v 0.2 0.4 -0.35319
v -0.2 0.4 0.06681
v 0.2 0.4 0.06681
v -0.2 0.45 -0.35319
v -0.2 0.45 -0.33319
v 0.2 0.45 -0.35319
v 0.2 0.45 -0.33319
v -0.07 0.67 -0.33319
v -0.07 0.67 -0.35319
v 0.07 0.67 -0.33319
v 0.07 0.67 -0.35319
v -0.07 0.53 -0.35319
v -0.07 0.53 -0.33319
v 0.07 0.53 -0.35319
v 0.07 0.53 -0.33319
v -0.08 0.5 -0.33319
v -0.08 0.5 -0.35319
v 0.08 0.5 -0.33319
v 0.08 0.5 -0.35319
v -0.1 0.68 -0.35319
v -0.1 0.52 -0.35319
v -0.1 0.68 -0.33319
v -0.1 0.52 -0.33319
v -0.08 0.7 -0.33319
v 0.08 0.7 -0.33319
v -0.08 0.7 -0.35319
v 0.08 0.7 -0.35319
v 0.1 0.52 -0.35319
v 0.1 0.68 -0.35319
v 0.1 0.52 -0.33319
v 0.1 0.68 -0.33319
v -0.05 0.55 -0.33319
v -0.05 0.59 -0.33319
v -0.05 0.55 -0.31319
v -0.05 0.61 -0.33319
v -0.05 0.65 -0.31319
v -0.05 0.65 -0.33319
v 0.05 0.65 -0.33319
v 0.05 0.61 -0.33319
v 0.05 0.65 -0.31319
v 0.05 0.59 -0.33319
v 0.05 0.55 -0.31319
v 0.05 0.55 -0.33319
v 0.07 0.67 -0.33319
v -0.07 0.67 -0.33319
v -0.07 0.53 -0.33319
v 0.07 0.53 -0.33319
v 0.2 0.4 0.48681
v -0.2 0.4 0.48681
v 0.2 0.4 0.06681
v -0.2 0.4 0.06681
v 0.2 0.45 0.48681
v 0.2 0.45 0.46681
v -0.2 0.45 0.48681
v -0.2 0.45 0.46681
v 0.07 0.67 0.46681
v 0.07 0.67 0.48681
v -0.07 0.67 0.46681
v -0.07 0.67 0.48681
v 0.07 0.53 0.48681
v 0.07 0.53 0.46681
v -0.07 0.53 0.48681
v -0.07 0.53 0.46681
v 0.08 0.5 0.46681
v 0.08 0.5 0.48681
v -0.08 0.5 0.46681
v -0.08 0.5 0.48681
v 0.1 0.68 0.48681
v 0.1 0.52 0.48681
v 0.1 0.68 0.46681
v 0.1 0.52 0.46681
v 0.08 0.7 0.46681
v -0.08 0.7 0.46681
v 0.08 0.7 0.48681
v -0.08 0.7 0.48681
v -0.1 0.52 0.48681
v -0.1 0.68 0.48681
v -0.1 0.52 0.46681
v -0.1 0.68 0.46681
v 0.05 0.55 0.46681
v 0.05 0.59 0.46681
v 0.05 0.55 0.44681
v 0.05 0.61 0.46681
v 0.05 0.65 0.44681
v 0.05 0.65 0.46681
v -0.05 0.65 0.46681
v -0.05 0.61 0.46681
v -0.05 0.65 0.44681
v -0.05 0.59 0.46681
v -0.05 0.55 0.44681
v -0.05 0.55 0.46681
v -0.07 0.67 0.46681
v 0.07 0.67 0.46681
v 0.07 0.53 0.46681
v -0.07 0.53 0.46681
v 0.2 0.4 0.48681
v 0.6 0.4 0.48681
v 0.2 0.4 0.06681
v 0.62 0.4 0.06681
v 0.62 0.4 0.46681
v 0.2 0.45 0.48681
v 0.2 0.45 0.46681
v 0.6 0.45 0.48681
v 0.6 0.45 0.46681
v 0.6 0.45 0.06681
v 0.62 0.45 0.06681
v 0.62 0.45 0.46681
v 0.33 0.67 0.46681
v 0.33 0.67 0.48681
v 0.47 0.67 0.46681
v 0.47 0.67 0.48681
v 0.33 0.53 0.48681
v 0.33 0.53 0.46681
v 0.47 0.53 0.48681
v 0.47 0.53 0.46681
v 0.32 0.5 0.46681
v 0.32 0.5 0.48681
v 0.48 0.5 0.46681
v 0.48 0.5 0.48681
v 0.3 0.68 0.48681
v 0.3 0.52 0.48681
v 0.3 0.68 0.46681
v 0.3 0.52 0.46681
v 0.32 0.7 0.46681
v 0.48 0.7 0.46681
v 0.32 0.7 0.48681
v 0.48 0.7 0.48681
v 0.5 0.52 0.48681
v 0.5 0.68 0.48681
v 0.5 0.52 0.46681
v 0.5 0.68 0.46681
v 0.35 0.55 0.46681
v 0.35 0.59 0.46681
v 0.35 0.55 0.44681
v 0.35 0.61 0.46681
v 0.35 0.65 0.44681
v 0.35 0.65 0.46681
v 0.45 0.65 0.46681
v 0.45 0.61 0.46681
v 0.45 0.65 0.44681
v 0.45 0.59 0.46681
v 0.45 0.55 0.44681
v 0.45 0.55 0.46681
v 0.47 0.67 0.46681
v 0.33 0.67 0.46681
v 0.33 0.53 0.46681
v 0.47 0.53 0.46681
v -0.2 0.4 0.48681
v -0.6 0.4 0.48681
v -0.2 0.4 0.06681
v -0.62 0.4 0.06681
v -0.62 0.4 0.46681
v -0.2 0.45 0.48681
v -0.2 0.45 0.46681
v -0.6 0.45 0.48681
v -0.6 0.45 0.46681
v -0.6 0.45 0.06681
v -0.62 0.45 0.06681
v -0.62 0.45 0.46681
v -0.33 0.67 0.46681
v -0.33 0.67 0.48681
v -0.47 0.67 0.46681
v -0.47 0.67 0.48681
v -0.33 0.53 0.48681
v -0.33 0.53 0.46681
v -0.47 0.53 0.48681
v -0.47 0.53 0.46681
v -0.32 0.5 0.46681
v -0.32 0.5 0.48681
v -0.48 0.5 0.46681
v -0.48 0.5 0.48681
v -0.3 0.68 0.48681
v -0.3 0.52 0.48681
v -0.3 0.68 0.46681
v -0.3 0.52 0.46681
v -0.32 0.7 0.46681
v -0.48 0.7 0.46681
v -0.32 0.7 0.48681
v -0.48 0.7 0.48681
v -0.5 0.52 0.48681
v -0.5 0.68 0.48681
v -0.5 0.52 0.46681
v -0.5 0.68 0.46681
v -0.35 0.55 0.46681
v -0.35 0.59 0.46681
v -0.35 0.55 0.44681
v -0.35 0.61 0.46681
v -0.35 0.65 0.44681
v -0.35 0.65 0.46681
v -0.45 0.65 0.46681
v -0.45 0.61 0.46681
v -0.45 0.65 0.44681
v -0.45 0.59 0.46681
v -0.45 0.55 0.44681
v -0.45 0.55 0.46681
v -0.47 0.67 0.46681
v -0.33 0.67 0.46681
v -0.33 0.53 0.46681
v -0.47 0.53 0.46681
v 0.2 0.4 -0.35319
v 0.6 0.4 -0.35319
v 0.2 0.4 0.06681
v 0.62 0.4 0.06681
v 0.62 0.4 -0.33319
v 0.2 0.45 -0.35319
v 0.2 0.45 -0.33319
v 0.6 0.45 -0.35319
v 0.6 0.45 -0.33319
v 0.6 0.45 0.06681
v 0.62 0.45 0.06681
v 0.62 0.45 -0.33319
v 0.33 0.67 -0.33319
v 0.33 0.67 -0.35319
v 0.47 0.67 -0.33319
v 0.47 0.67 -0.35319
v 0.33 0.53 -0.35319
v 0.33 0.53 -0.33319
v 0.47 0.53 -0.35319
v 0.47 0.53 -0.33319
v 0.32 0.5 -0.33319
v 0.32 0.5 -0.35319
v 0.48 0.5 -0.33319
v 0.48 0.5 -0.35319
v 0.3 0.68 -0.35319
v 0.3 0.52 -0.35319
v 0.3 0.68 -0.33319
v 0.3 0.52 -0.33319
v 0.32 0.7 -0.33319
v 0.48 0.7 -0.33319
v 0.32 0.7 -0.35319
v 0.48 0.7 -0.35319
v 0.5 0.52 -0.35319
v 0.5 0.68 -0.35319
v 0.5 0.52 -0.33319
v 0.5 0.68 -0.33319
v 0.35 0.55 -0.33319
v 0.35 0.59 -0.33319
v 0.35 0.55 -0.31319
v 0.35 0.61 -0.33319
v 0.35 0.65 -0.31319
v 0.35 0.65 -0.33319
v 0.45 0.65 -0.33319
v 0.45 0.61 -0.33319
v 0.45 0.65 -0.31319
v 0.45 0.59 -0.33319
v 0.45 0.55 -0.31319
v 0.45 0.55 -0.33319
v 0.47 0.67 -0.33319
v 0.33 0.67 -0.33319
v 0.33 0.53 -0.33319
v 0.47 0.53 -0.33319
v -0.2 0.4 -0.35319
v -0.6 0.4 -0.35319
v -0.62 0.4 -0.33319
v -0.2 0.45 -0.35319
v -0.2 0.45 -0.33319
v -0.6 0.45 -0.35319
v -0.6 0.45 -0.33319
v -0.62 0.45 -0.33319
v -0.33 0.67 -0.33319
v -0.33 0.67 -0.35319
v -0.47 0.67 -0.33319
v -0.47 0.67 -0.35319
v -0.33 0.53 -0.35319
v -0.33 0.53 -0.33319
v -0.47 0.53 -0.35319
v -0.47 0.53 -0.33319
v -0.32 0.5 -0.33319
v -0.32 0.5 -0.35319
v -0.48 0.5 -0.33319
v -0.48 0.5 -0.35319
v -0.3 0.68 -0.35319
v -0.3 0.52 -0.35319
v -0.3 0.68 -0.33319
v -0.3 0.52 -0.33319
v -0.32 0.7 -0.33319
v -0.48 0.7 -0.33319
v -0.32 0.7 -0.35319
v -0.48 0.7 -0.35319
v -0.5 0.52 -0.35319
v -0.5 0.68 -0.35319
v -0.5 0.52 -0.33319
v -0.5 0.68 -0.33319
v -0.35 0.55 -0.33319
v -0.35 0.59 -0.33319
v -0.35 0.55 -0.31319
v -0.35 0.61 -0.33319
v -0.35 0.65 -0.31319
v -0.35 0.65 -0.33319
v -0.45 0.65 -0.33319
v -0.45 0.61 -0.33319
v -0.45 0.65 -0.31319
v -0.45 0.59 -0.33319
v -0.45 0.55 -0.31319
v -0.45 0.55 -0.33319
v -0.47 0.67 -0.33319
v -0.33 0.67 -0.33319
v -0.33 0.53 -0.33319
v -0.47 0.53 -0.33319
v 0.62 0 -0.13319
v 0.62 0 0.26681
v 0.2 0 -0.13319
v 0.2 0 0.26681
v 0.62 0.05 -0.13319
v 0.6 0.05 -0.13319
v 0.62 0.05 0.26681
v 0.6 0.05 0.26681
v 0.6 0.27 -0.0031902
v 0.62 0.27 -0.0031902
v 0.6 0.27 0.13681
v 0.62 0.27 0.13681
v 0.62 0.13 -0.0031902
v 0.6 0.13 -0.0031902
v 0.62 0.13 0.13681
v 0.6 0.13 0.13681
v 0.6 0.1 -0.01319
v 0.62 0.1 -0.01319
v 0.6 0.1 0.14681
v 0.62 0.1 0.14681
v 0.62 0.28 -0.03319
v 0.62 0.12 -0.03319
v 0.6 0.28 -0.03319
v 0.6 0.12 -0.03319
v 0.6 0.3 -0.01319
v 0.6 0.3 0.14681
v 0.62 0.3 -0.01319
v 0.62 0.3 0.14681
v 0.62 0.12 0.16681
v 0.62 0.28 0.16681
v 0.6 0.12 0.16681
v 0.6 0.28 0.16681
v 0.6 0.15 0.01681
v 0.6 0.19 0.01681
v 0.58 0.15 0.01681
v 0.6 0.21 0.01681
v 0.58 0.25 0.01681
v 0.6 0.25 0.01681
v 0.6 0.25 0.11681
v 0.6 0.21 0.11681
v 0.58 0.25 0.11681
v 0.6 0.19 0.11681
v 0.58 0.15 0.11681
v 0.6 0.15 0.11681
v 0.6 0.27 0.13681
v 0.6 0.27 -0.0031902
v 0.6 0.13 -0.0031902
v 0.6 0.13 0.13681
v -0.2 3.666e-18 0.68681
v -0.6 3.666e-18 0.68681
v -0.2 3.666e-18 0.26681
v -0.62 3.666e-18 0.26681
v -0.62 3.666e-18 0.66681
v -0.2 0.05 0.68681
v -0.2 0.05 0.66681
v -0.6 0.05 0.68681
v -0.6 0.05 0.66681
v -0.6 0.05 0.26681
v -0.62 0.05 0.26681
v -0.62 0.05 0.66681
v -0.33 0.27 0.66681
v -0.33 0.27 0.68681
v -0.47 0.27 0.66681
v -0.47 0.27 0.68681
v -0.33 0.13 0.68681
v -0.33 0.13 0.66681
v -0.47 0.13 0.68681
v -0.47 0.13 0.66681
v -0.32 0.1 0.66681
v -0.32 0.1 0.68681
v -0.48 0.1 0.66681
v -0.48 0.1 0.68681
v -0.3 0.28 0.68681
v -0.3 0.12 0.68681
v -0.3 0.28 0.66681
v -0.3 0.12 0.66681
v -0.32 0.3 0.66681
v -0.48 0.3 0.66681
v -0.32 0.3 0.68681
v -0.48 0.3 0.68681
v -0.5 0.12 0.68681
v -0.5 0.28 0.68681
v -0.5 0.12 0.66681
v -0.5 0.28 0.66681
v -0.35 0.15 0.66681
v -0.35 0.19 0.66681
v -0.35 0.15 0.64681
v -0.35 0.21 0.66681
v -0.35 0.25 0.64681
v -0.35 0.25 0.66681
v -0.45 0.25 0.66681
v -0.45 0.21 0.66681
v -0.45 0.25 0.64681
v -0.45 0.19 0.66681
v -0.45 0.15 0.64681
v -0.45 0.15 0.66681
v -0.47 0.27 0.66681
v -0.33 0.27 0.66681
v -0.33 0.13 0.66681
v -0.47 0.13 0.66681
v 0.1 0.05 0.68681
v 0.1 0.28 0.68681
v 0.1 0.05 0.66681
v 0.1 0.28 0.66681
v 0.2 0.05 0.68681
v 0.2 0.05 0.66681
v -0.2 0.05 0.68681
v -0.2 0.05 0.66681
v -0.1 0.05 0.68681
v -0.1 0.05 0.66681
v -0.2 7.3319e-18 0.26681
v -0.2 3.666e-18 0.68681
v 0.2 7.3319e-18 0.26681
v -0.07 1.8781e-16 0.66681
v -0.07 1.8781e-16 0.68681
v 0.07 1.8781e-16 0.66681
v 0.07 1.8781e-16 0.68681
v 0.2 7.3319e-18 0.68681
v -0.08 0.3 0.66681
v 0.08 0.3 0.66681
v -0.08 0.3 0.68681
v 0.08 0.3 0.68681
v -0.1 0.28 0.68681
v -0.1 0.28 0.66681
v 0.07 0.27 0.68681
v -0.07 0.27 0.68681
v -0.07 0.27 0.66681
v 0.07 0.27 0.66681
v 0.033212 0.095347 0.66681
v 0.033212 0.095347 0.67781
v 0.052482 0.095347 0.66681
v 0.052482 0.095347 0.67781
v 0.033212 0.13682 0.67781
v 0.033212 0.13682 0.66681
v 0.052482 0.13682 0.67781
v 0.052482 0.13682 0.66681
v 0.045896 0.11429 0.67781
v 0.045896 0.1274 0.67781
v 0.014982 0.11429 0.67781
v 0.014982 0.1274 0.67781
v 0.045896 0.11429 0.68881
v 0.014982 0.11429 0.68881
v 0.045896 0.1274 0.68881
v 0.014982 0.1274 0.68881
v 0.6 0.05 -0.65319
v 0.6 6.7144e-20 -0.65319
v 0.6 0.05 -0.55319
v 0.6 0 -0.55319
v 0.25 6.7144e-20 -0.70319
v 0.55 6.7144e-20 -0.70319
v 0.25 0.05 -0.70319
v 0.55 0.05 -0.70319
v 0.58536 3.9332e-20 -0.68855
v 0.58536 0.05 -0.68855
v 0.2 6.7144e-20 -0.65319
v 0.2 0.05 -0.65319
v 0.2 0 -0.55319
v 0.2 0.05 -0.55319
v 0.21464 3.9332e-20 -0.68855
v 0.21464 0.05 -0.68855
v 0.22 0.05 -0.55319
v 0.22 0.05 -0.64921
v 0.22995 0.05 -0.67324
v 0.25398 0.05 -0.68319
v 0.54602 0.05 -0.68319
v 0.57005 0.05 -0.67324
v 0.58 0.05 -0.64921
v 0.58 0.05 -0.55319
v 0.22995 0.03 -0.67324
v 0.22 0.03 -0.64921
v 0.22 0.03 -0.55319
v 0.58 0.03 -0.64921
v 0.58 0.03 -0.55319
v 0.57005 0.03 -0.67324
v 0.54602 0.03 -0.68319
v 0.25398 0.03 -0.68319
v -0.65073 0.05 0.34143
v -0.638 0.05 0.33616
v -0.65073 0.8 0.34143
v -0.638 0.8 0.33616
v -0.62 0.8 0.35416
v -0.62 0.05 0.35416
v -0.62527 0.8 0.36689
v -0.62527 0.05 0.36689
v -0.62527 0.05 0.34143
v -0.62527 0.8 0.34143
v -0.638 0.05 0.37216
v -0.638 0.8 0.37216
v -0.65073 0.05 0.36689
v -0.65073 0.8 0.36689
v -0.656 0.05 0.35416
v -0.656 0.8 0.35416
v -0.6 0.8 0.37216
v -0.6 0.8 0.33616
v -0.656 0.8 0.37216
v -0.656 0.8 0.33616
v -0.6 0.836 0.33616
v -0.6 0.836 0.37216
v -0.646 0.836 0.33616
v -0.646 0.836 0.37216
v -0.656 0.826 0.37216
v -0.656 0.826 0.33616
v -0.65609 0.41078 0.33606
v -0.65609 0.43922 0.33606
v -0.66359 0.41078 0.35416
v -0.66359 0.43922 0.35416
v -0.638 0.41078 0.32857
v -0.638 0.43922 0.32857
v -0.61241 0.43922 0.35416
v -0.61241 0.41078 0.35416
v -0.61991 0.43922 0.37225
v -0.61991 0.41078 0.37225
v -0.61991 0.43922 0.33606
v -0.61991 0.41078 0.33606
v -0.65609 0.41078 0.37225
v -0.65609 0.43922 0.37225
v -0.638 0.41078 0.37975
v -0.638 0.43922 0.37975
v -0.65609 0.10686 0.33606
v -0.65609 0.13529 0.33606
v -0.66359 0.10686 0.35416
v -0.66359 0.13529 0.35416
v -0.638 0.10686 0.32857
v -0.638 0.13529 0.32857
v -0.61241 0.13529 0.35416
v -0.61241 0.10686 0.35416
v -0.61991 0.13529 0.37225
v -0.61991 0.10686 0.37225
v -0.61991 0.13529 0.33606
v -0.61991 0.10686 0.33606
v -0.65609 0.10686 0.37225
v -0.65609 0.13529 0.37225
v -0.638 0.10686 0.37975
v -0.638 0.13529 0.37975
v -0.65609 0.71471 0.33606
v -0.65609 0.74314 0.33606
v -0.66359 0.71471 0.35416
v -0.66359 0.74314 0.35416
v -0.638 0.71471 0.32857
v -0.638 0.74314 0.32857
v -0.61241 0.74314 0.35416
v -0.61241 0.71471 0.35416
v -0.61991 0.74314 0.37225
v -0.61991 0.71471 0.37225
v -0.61991 0.74314 0.33606
v -0.61991 0.71471 0.33606
v -0.65609 0.71471 0.37225
v -0.65609 0.74314 0.37225
v -0.638 0.71471 0.37975
v -0.638 0.74314 0.37975
v 0.078765 0.914 -0.29119
v 0.078765 0.914 -0.33119
v -4.2954e-14 0.97268 -0.29119
v -4.2954e-14 0.97268 -0.33119
v -0.078765 0.914 -0.33119
v -0.078765 0.914 -0.29119
v -0.11 0.894 -0.33119
v 0.11 0.894 -0.33119
v -0.11 0.91567 -0.33119
v 0.11 0.91567 -0.33119
v -4.2954e-14 0.99762 -0.33119
v 0.11 0.894 -0.31119
v -0.11 0.894 -0.31119
v -0.11 0.91567 -0.31119
v -4.2954e-14 0.99762 -0.31119
v 0.11 0.91567 -0.31119
v -0.078765 0.914 0.42481
v -0.078765 0.914 0.46481
v -3.7699e-14 0.97268 0.42481
v -3.6789e-14 0.97268 0.46481
v 0.078765 0.914 0.46481
v 0.078765 0.914 0.42481
v 0.11 0.894 0.46481
v -0.11 0.894 0.46481
v 0.11 0.91567 0.46481
v -0.11 0.91567 0.46481
v -3.6789e-14 0.99762 0.46481
v -0.11 0.894 0.44481
v 0.11 0.894 0.44481
v 0.11 0.91567 0.44481
v -3.7244e-14 0.99762 0.44481
v -0.11 0.91567 0.44481
v 0.2 0.4 -0.13319
v 0.2 0.4 0.26681
v -0.2 0.4 -0.13319
v -0.2 0.4 0.26681
v -0.6 0.8 0.06681
v -0.6 0.8 0.46681
v -0.6 1.1 0.06681
v 0.6 0.8 0.06681
v 0.6 0.8 0.46681
v 0.6 1.1 0.06681
v 0.6 0.8 -0.33319
v -0.6 0.8 -0.33319
v 0.6 0.45 -0.33319
v 0.6 0.4 -0.53319
v 0.6 0.4 -0.33319
v -0.6 0.45 -0.33319
v -0.6 0.4 -0.53319
v -0.6 0.4 -0.33319
v -0.6 0.4 0.66681
v -0.6 0.4 0.46681
v 0.6 0.45 0.46681
v 0.6 0.4 0.66681
v 0.6 0.4 0.46681
v 0.6 0.4 0.66681
v 0.6 0.4 0.26681
v 0.3 0.1 0.66681
v 0.2 0.4 0.66681
v 0.3 0.3 0.66681
v 0.5 0.1 0.66681
v 0.5 0.3 0.66681
v -0.6 0.1 0.16681
v -0.6 0.1 -0.03319
v -0.6 0.4 -0.13319
v -0.6 0.4 0.26681
v -0.6 0.3 0.16681
v -0.6 0.3 -0.03319
v -0.6 0.4 -0.53319
v -0.6 0.4 -0.13319
v -0.3 0.1 -0.53319
v -0.2 0.4 -0.53319
v -0.3 0.3 -0.53319
v -0.5 0.1 -0.53319
v -0.5 0.3 -0.53319
v -0.2 0.4 -0.53319
v 0.2 0.4 -0.53319
v 0.6 0.4 -0.53319
v 0.6 0.4 -0.13319
v 0.3 0.1 -0.53319
v 0.2 0.4 -0.53319
v 0.3 0.3 -0.53319
v 0.5 0.1 -0.53319
v 0.5 0.3 -0.53319
v -0.1 0.5 -0.33319
v 0.1 0.5 -0.33319
v 0.2 0.8 -0.33319
v -0.2 0.8 -0.33319
v -0.1 0.7 -0.33319
v 0.1 0.7 -0.33319
v 0.1 0.5 0.46681
v -0.1 0.5 0.46681
v -0.2 0.8 0.46681
v 0.2 0.8 0.46681
v 0.1 0.7 0.46681
v -0.1 0.7 0.46681
v 0.6 0.8 0.46681
v 0.6 0.8 0.06681
v 0.3 0.5 0.46681
v 0.2 0.8 0.46681
v 0.3 0.7 0.46681
v 0.5 0.5 0.46681
v 0.5 0.7 0.46681
v -0.6 0.8 0.46681
v -0.6 0.8 0.06681
v -0.3 0.5 0.46681
v -0.2 0.8 0.46681
v -0.3 0.7 0.46681
v -0.5 0.5 0.46681
v -0.5 0.7 0.46681
v 0.6 0.8 -0.33319
v 0.6 0.8 0.06681
v 0.3 0.5 -0.33319
v 0.2 0.8 -0.33319
v 0.3 0.7 -0.33319
v 0.5 0.5 -0.33319
v 0.5 0.7 -0.33319
v -0.6 0.8 -0.33319
v -0.3 0.5 -0.33319
v -0.2 0.8 -0.33319
v -0.3 0.7 -0.33319
v -0.5 0.5 -0.33319
v -0.5 0.7 -0.33319
v 0.6 0.1 -0.03319
v 0.6 0.1 0.16681
v 0.6 0.4 0.26681
v 0.6 0.4 -0.13319
v 0.6 0.3 -0.03319
v 0.6 0.3 0.16681
v -0.6 0.4 0.26681
v -0.3 0.1 0.66681
v -0.2 0.4 0.66681
v -0.3 0.3 0.66681
v -0.5 0.1 0.66681
v -0.5 0.3 0.66681
v 0.2 0.4 0.66681
v -0.2 0.4 0.66681
v 0.15 0.93575 -0.31119
v 0.15 0.854 -0.31119
v 0.15 0.93575 -0.20219
v -0.15 0.854 -0.31119
v -0.15 0.93575 -0.31119
v -0.15 0.93575 -0.20219
v -4.5841e-14 1.0475 -0.31119
v -0.15 0.93575 0.44481
v -0.15 0.854 0.44481
v -0.15 0.93575 0.33581
v 0.15 0.854 0.44481
v 0.15 0.93575 0.44481
v 0.15 0.93575 0.33581
v -3.4356e-14 1.0475 0.44481
v -0.6 0.77 0.50681
v -0.2 0.77 0.50681
v -0.6 0.794 0.52481
v -0.2 0.794 0.52481
v -0.2 1.1375 0.06681
v -0.65 1.1375 0.06681
v -0.63536 0.80279 0.51309
v -0.65 0.824 0.48481
v -0.65 0.8 0.46681
v -0.65 1.1 0.06681
v -0.63536 0.77879 0.49509
v -0.2 1.1 0.06681
v 0.6 0.77 0.50681
v 0.2 0.77 0.50681
v 0.6 0.794 0.52481
v 0.2 0.794 0.52481
v 0.2 1.1375 0.06681
v 0.65 1.1375 0.06681
v 0.63536 0.80279 0.51309
v 0.65 0.824 0.48481
v 0.65 0.8 0.46681
v 0.65 1.1 0.06681
v 0.63536 0.77879 0.49509
v 0.2 1.1 0.06681
v 0.6 0.77 -0.37319
v 0.2 0.77 -0.37319
v 0.6 0.794 -0.39119
v 0.2 0.794 -0.39119
v 0.63536 0.80279 -0.37947
v 0.65 0.824 -0.35119
v 0.65 0.8 -0.33319
v 0.63536 0.77879 -0.36147
v -0.6 0.77 -0.37319
v -0.2 0.77 -0.37319
v -0.6 0.794 -0.39119
v -0.2 0.794 -0.39119
v -0.63536 0.80279 -0.37947
v -0.65 0.824 -0.35119
v -0.65 0.8 -0.33319
v -0.63536 0.77879 -0.36147
v 0.2 0.45728 -0.30409
v 0.2 0.48638 -0.31136
v 0.61 0.45728 -0.30409
v 0.61 0.48638 -0.31136
v 0.2 0.39272 -0.56229
v 0.58 0.39272 -0.56229
v 0.2 0.42183 -0.56957
v 0.58 0.42183 -0.56957
v 0.61536 0.42538 -0.55536
v 0.61536 0.39628 -0.54809
v 0.63 0.43395 -0.52106
v 0.63 0.40485 -0.51379
v 0.63 0.48153 -0.33076
v 0.63 0.45243 -0.32349
v 0.2 0.45 -0.33319
v 0.2 0.4 -0.53319
v -0.2 0.45728 -0.30409
v -0.2 0.48638 -0.31136
v -0.61 0.45728 -0.30409
v -0.61 0.48638 -0.31136
v -0.2 0.39272 -0.56229
v -0.58 0.39272 -0.56229
v -0.2 0.42183 -0.56957
v -0.58 0.42183 -0.56957
v -0.61536 0.42538 -0.55536
v -0.61536 0.39628 -0.54809
v -0.63 0.43395 -0.52106
v -0.63 0.40485 -0.51379
v -0.63 0.48153 -0.33076
v -0.63 0.45243 -0.32349
v -0.2 0.45 -0.33319
v -0.2 0.4 -0.53319
v 0.2 0.42183 -0.56957
v 0.2 0.48638 -0.31136
v -0.2 0.42183 -0.56957
v -0.2 0.48638 -0.31136
v -0.2 0.39272 -0.56229
v 0.2 0.39272 -0.56229
v 0.2 0.4 -0.53319
v -0.2 0.4 -0.53319
v -0.2 0.42183 0.70319
v -0.2 0.48638 0.44498
v 0.2 0.42183 0.70319
v 0.2 0.48638 0.44498
v 0.2 0.39272 0.69591
v -0.2 0.39272 0.69591
v -0.2 0.4 0.66681
v 0.2 0.4 0.66681
v -0.2 0.45728 0.43771
v -0.2 0.48638 0.44498
v -0.61 0.45728 0.43771
v -0.61 0.48638 0.44498
v -0.2 0.39272 0.69591
v -0.58 0.39272 0.69591
v -0.2 0.42183 0.70319
v -0.58 0.42183 0.70319
v -0.61536 0.42538 0.68898
v -0.61536 0.39628 0.68171
v -0.63 0.43395 0.65468
v -0.63 0.40485 0.64741
v -0.63 0.48153 0.46438
v -0.63 0.45243 0.45711
v -0.2 0.45 0.46681
v -0.2 0.4 0.66681
v 0.2 0.45728 0.43771
v 0.2 0.48638 0.44498
v 0.61 0.45728 0.43771
v 0.61 0.48638 0.44498
v 0.2 0.39272 0.69591
v 0.58 0.39272 0.69591
v 0.2 0.42183 0.70319
v 0.58 0.42183 0.70319
v 0.61536 0.42538 0.68898
v 0.61536 0.39628 0.68171
v 0.63 0.43395 0.65468
v 0.63 0.40485 0.64741
v 0.63 0.48153 0.46438
v 0.63 0.45243 0.45711
v 0.2 0.45 0.46681
v 0.2 0.4 0.66681
v -0.2 0.77 -0.37319
v 0.2 0.77 -0.37319
v -0.2 0.794 -0.39119
v 0.2 0.794 -0.39119
v 0.2 0.8 -0.33319
v -0.2 0.8 -0.33319
v 0.2 1.1375 0.06681
v -0.2 1.1375 0.06681
v 0.13536 0.94666 -0.34655
v 0.1 0.973 -0.36119
v -4.5841e-14 1.0475 -0.36119
v 0.15 0.96575 -0.31119
v 0.15 0.96575 -0.16219
v 0.13536 0.97666 -0.34655
v -4.8729e-14 1.0775 -0.01319
v 0.1 1.003 -0.36119
v -4.5841e-14 1.0775 -0.36119
v -0.15 0.96575 -0.31119
v -0.15 0.96575 -0.16219
v -0.13536 0.94666 -0.34655
v -0.1 0.973 -0.36119
v -0.13536 0.97666 -0.34655
v -0.1 1.003 -0.36119
v 0.2 0.77 0.50681
v -0.2 0.77 0.50681
v 0.2 0.794 0.52481
v -0.2 0.794 0.52481
v -0.2 0.8 0.46681
v 0.2 0.8 0.46681
v -0.13536 0.94666 0.48017
v -0.1 0.973 0.49481
v -3.3218e-14 1.0475 0.49481
v -0.15 0.96575 0.44481
v -0.15 0.96575 0.29581
v -0.13536 0.97666 0.48017
v -3.8251e-14 1.0775 0.14681
v -0.1 1.003 0.49481
v -3.3218e-14 1.0775 0.49481
v 0.15 0.96575 0.44481
v 0.15 0.96575 0.29581
v 0.13536 0.94666 0.48017
v 0.1 0.973 0.49481
v 0.13536 0.97666 0.48017
v 0.1 1.003 0.49481
v -0.29729 0.17711 -0.62889
v -0.29729 0.17711 -0.59303
v -0.32835 0.17711 -0.64683
v -0.32835 0.17711 -0.57509
v -0.35941 0.17711 -0.62889
v -0.35941 0.17711 -0.59303
v -0.39048 0.09956 -0.64683
v -0.39048 0.09956 -0.57509
v -0.36977 0.03 -0.63487
v -0.36977 0.03 -0.58705
v -0.32835 0.03 -0.56314
v -0.32835 0.09956 -0.53922
v -0.32835 0.03 -0.65878
v -0.32835 0.09956 -0.68269
v -0.28694 0.03 -0.63487
v -0.26623 0.09956 -0.64683
v -0.28694 0.03 -0.58705
v -0.26623 0.09956 -0.57509
v -0.44027 0.14156 -0.63169
v -0.44027 0.14156 -0.5924
v -0.4743 0.14156 -0.65133
v -0.4743 0.14156 -0.57276
v -0.50832 0.14156 -0.63169
v -0.50832 0.14156 -0.5924
v -0.54234 0.082749 -0.65133
v -0.54234 0.082749 -0.57276
v -0.51966 0.03 -0.63824
v -0.51966 0.03 -0.58585
v -0.4743 0.03 -0.55966
v -0.4743 0.082749 -0.53347
v -0.4743 0.03 -0.66443
v -0.4743 0.082749 -0.69062
v -0.42893 0.03 -0.63824
v -0.40625 0.082749 -0.65133
v -0.42893 0.03 -0.58585
v -0.40625 0.082749 -0.57276
v 0.50271 0.17711 -0.62889
v 0.50271 0.17711 -0.59303
v 0.47165 0.17711 -0.64683
v 0.47165 0.17711 -0.57509
v 0.44059 0.17711 -0.62889
v 0.44059 0.17711 -0.59303
v 0.40952 0.09956 -0.64683
v 0.40952 0.09956 -0.57509
v 0.43023 0.03 -0.63487
v 0.43023 0.03 -0.58705
v 0.47165 0.03 -0.56314
v 0.47165 0.09956 -0.53922
v 0.47165 0.03 -0.65878
v 0.47165 0.09956 -0.68269
v 0.51306 0.03 -0.63487
v 0.53377 0.09956 -0.64683
v 0.51306 0.03 -0.58705
v 0.53377 0.09956 -0.57509
v 0.35973 0.14156 -0.63169
v 0.35973 0.14156 -0.5924
v 0.3257 0.14156 -0.65133
v 0.3257 0.14156 -0.57276
v 0.29168 0.14156 -0.63169
v 0.29168 0.14156 -0.5924
v 0.25766 0.082749 -0.65133
v 0.25766 0.082749 -0.57276
v 0.28034 0.03 -0.63824
v 0.28034 0.03 -0.58585
v 0.3257 0.03 -0.55966
v 0.3257 0.082749 -0.53347
v 0.3257 0.03 -0.66443
v 0.3257 0.082749 -0.69062
v 0.37107 0.03 -0.63824
v 0.39375 0.082749 -0.65133
v 0.37107 0.03 -0.58585
v 0.39375 0.082749 -0.57276
vn 0 -1 0
vn 0.89443 -0.44721 0
vn 0.63246 -0.44721 0.63246
vn 1 0 0
vn 0.70711 0 0.70711
vn -0.89443 -0.44721 0
vn -1 0 0
vn -0.63246 -0.44721 0.63246
vn -0.70711 0 0.70711
vn 0 0 1
vn 0.70711 0 -0.70711
vn 0.63246 -0.44721 -0.63246
vn 0 -0.44721 0.89443
vn 0 -0.44721 -0.89443
vn 0 0 -1
vn -0.63246 -0.44721 -0.63246
vn -0.70711 0 -0.70711
vn 0.89443 0.44721 0
vn 0.63246 0.44721 0.63246
vn -0.63246 0.44721 -0.63246
vn 0 0.44721 -0.89443
vn 0.63246 0.44721 -0.63246
vn 0 0.44721 0.89443
vn -0.63246 0.44721 0.63246
vn -0.89443 0.44721 0
vn 0 1 0
vn 0.38268 0 0.92388
vn -1.4901e-08 0 1
vn 0.92388 0 0.38268
vn 1 0 1.4901e-08
vn 0.70711 -0.70711 1.0537e-08
vn -0.70711 -0.70711 -1.0537e-08
vn 0.70711 0.70711 1.0537e-08
vn -0.70711 0.70711 -1.0537e-08
vn -0.38268 -0.92388 -5.7024e-09
vn 0.38268 -0.92388 5.7024e-09
vn -0.92388 0.38268 -1.3767e-08
vn -0.92388 -0.38268 -1.3767e-08
vn -0.38268 0.92388 -5.7024e-09
vn 0.38268 0.92388 5.7024e-09
vn 0.92388 -0.38268 1.3767e-08
vn 0.92388 0.38268 1.3767e-08
vn -1 0 -1.4901e-08
vn 0.98079 0 -0.19509
vn -0.19509 0 -0.98079
vn 0.19509 0 -0.98079
vn -0.98079 0 -0.19509
vn 0.98079 0 0.19509
vn -0.98079 0 0.19509
vn -0.19509 0 0.98079
vn 0.19509 0 0.98079
vn -1 0 1.1921e-07
vn -8.4294e-08 -0.70711 -0.70711
vn 8.4294e-08 -0.70711 0.70711
vn -8.4294e-08 0.70711 -0.70711
vn 8.4294e-08 0.70711 0.70711
vn 4.5619e-08 -0.92388 0.38268
vn -4.5619e-08 -0.92388 -0.38268
vn 1.1013e-07 0.38268 0.92388
vn 1.1013e-07 -0.38268 0.92388
vn 4.5619e-08 0.92388 0.38268
vn -4.5619e-08 0.92388 -0.38268
vn -1.1013e-07 -0.38268 -0.92388
vn -1.1013e-07 0.38268 -0.92388
vn -1.1921e-07 0 -1
vn 1.1921e-07 0 1
vn -0.38268 0 -0.92388
vn -0.92388 0 -0.38268
vn -0.70711 -0.70711 0
vn 0.70711 -0.70711 0
vn -0.70711 0.70711 0
vn 0.70711 0.70711 0
vn 0.38268 -0.92388 0
vn -0.38268 -0.92388 0
vn 0.92388 0.38268 0
vn 0.92388 -0.38268 0
vn 0.38268 0.92388 0
vn -0.38268 0.92388 0
vn -0.92388 -0.38268 0
vn -0.92388 0.38268 0
vn 0.38268 0 -0.92388
vn -8.9984e-14 0 -1
vn 0.92388 0 -0.38268
vn 1 0 -8.9984e-14
vn 0.70711 -0.70711 -6.3628e-14
vn -0.70711 -0.70711 6.3628e-14
vn 0.70711 0.70711 -6.3628e-14
vn -0.70711 0.70711 6.3628e-14
vn -0.38268 -0.92388 3.4435e-14
vn 0.38268 -0.92388 -3.4435e-14
vn -0.92388 0.38268 8.3134e-14
vn -0.92388 -0.38268 8.3134e-14
vn -0.38268 0.92388 3.4435e-14
vn 0.38268 0.92388 -3.4435e-14
vn 0.92388 -0.38268 -8.3134e-14
vn 0.92388 0.38268 -8.3134e-14
vn -1 0 8.9984e-14
vn -1.9604e-13 0 -1
vn 0.70711 -0.70711 -1.3862e-13
vn -0.70711 -0.70711 1.3862e-13
vn 0.70711 0.70711 -1.3862e-13
vn -0.70711 0.70711 1.3862e-13
vn -0.38268 -0.92388 7.502e-14
vn 0.38268 -0.92388 -7.502e-14
vn -0.92388 0.38268 1.8112e-13
vn -0.92388 -0.38268 1.8112e-13
vn -0.38268 0.92388 7.502e-14
vn 0.38268 0.92388 -7.502e-14
vn 0.92388 -0.38268 -1.8112e-13
vn 0.92388 0.38268 -1.8112e-13
vn 1 0 -1.9604e-13
vn -1 0 1.9604e-13
vn 1.506e-13 0 1
vn -0.70711 -0.70711 1.0649e-13
vn 0.70711 -0.70711 -1.0649e-13
vn -0.70711 0.70711 1.0649e-13
vn 0.70711 0.70711 -1.0649e-13
vn 0.38268 -0.92388 -5.7633e-14
vn -0.38268 -0.92388 5.7633e-14
vn 0.92388 0.38268 -1.3914e-13
vn 0.92388 -0.38268 -1.3914e-13
vn 0.38268 0.92388 -5.7633e-14
vn -0.38268 0.92388 5.7633e-14
vn -0.92388 -0.38268 1.3914e-13
vn -0.92388 0.38268 1.3914e-13
vn -1 0 1.506e-13
vn 1 0 -1.506e-13
vn -0.38268 0 0.92388
vn -1.4901e-08 0 1
vn -0.92388 0 0.38268
vn -1 0 -1.4901e-08
vn -0.70711 -0.70711 -1.0537e-08
vn 0.70711 -0.70711 1.0537e-08
vn -0.70711 0.70711 -1.0537e-08
vn 0.70711 0.70711 1.0537e-08
vn 0.38268 -0.92388 5.7024e-09
vn -0.38268 -0.92388 -5.7024e-09
vn 0.92388 0.38268 1.3767e-08
vn 0.92388 -0.38268 1.3767e-08
vn 0.38268 0.92388 5.7024e-09
vn -0.38268 0.92388 -5.7024e-09
vn -0.92388 -0.38268 -1.3767e-08
vn -0.92388 0.38268 -1.3767e-08
vn 1 0 1.4901e-08
vn 1 0 1.1921e-07
vn -8.4294e-08 -0.70711 0.70711
vn 8.4294e-08 -0.70711 -0.70711
vn -8.4294e-08 0.70711 0.70711
vn 8.4294e-08 0.70711 -0.70711
vn 4.5619e-08 -0.92388 -0.38268
vn -4.5619e-08 -0.92388 0.38268
vn 1.1013e-07 0.38268 -0.92388
vn 1.1013e-07 -0.38268 -0.92388
vn 4.5619e-08 0.92388 -0.38268
vn -4.5619e-08 0.92388 0.38268
vn -1.1013e-07 -0.38268 0.92388
vn -1.1013e-07 0.38268 0.92388
vn -1.1921e-07 0 1
vn 1.1921e-07 0 -1
vn 1 0 -7.7299e-14
vn 0.92388 0.38268 -7.1415e-14
vn -0.38268 0.92388 2.9581e-14
vn 0.38268 0.92388 -2.9581e-14
vn -0.92388 0.38268 7.1415e-14
vn -1 0 7.7299e-14
vn 7.7299e-14 0 1
vn -0.70711 -0.70711 5.4659e-14
vn 0.70711 -0.70711 -5.4659e-14
vn -0.70711 0.70711 5.4659e-14
vn 0.70711 0.70711 -5.4659e-14
vn -7.7299e-14 0 -1
vn -0.36629 0.9305 0
vn -0.918 0.39659 0
vn -0.94919 0.31471 0
vn 0.94919 0.31471 0
vn -0.89371 0.44865 0
vn 0.89371 0.44865 0
vn 0.94919 0.31471 -2.1603e-14
vn -0.94919 0.31471 2.1603e-14
vn 2.276e-14 0 1
vn -0.70711 -0.70711 1.6093e-14
vn 0.70711 -0.70711 -1.6093e-14
vn 0.89371 0.44865 -2.034e-14
vn -0.89371 0.44865 2.034e-14
vn 1 0 -1.5557e-14
vn -1 0 -4.4409e-15
vn 1 0 4.4409e-15
vn -1 0 2.276e-14
vn 1 0 -2.276e-14
vn -0.19509 -0.58847 0.78463
vn 0 -0.6 0.8
vn 0 0.8 0.6
vn -0.98079 -0.11705 0.15607
vn -0.70711 -0.42426 0.56569
vn 0 -0.8 -0.6
vn 0.19509 -0.58847 0.78463
vn 1.2446e-14 -0.6 0.8
vn 9.3342e-15 0.8 0.6
vn 0.98079 -0.11705 0.15607
vn 0.70711 -0.42426 0.56569
vn -9.3342e-15 -0.8 -0.6
vn 0.19509 -0.58847 -0.78463
vn -1.2446e-14 -0.6 -0.8
vn -9.3342e-15 0.8 -0.6
vn 0.98079 -0.11705 -0.15607
vn 0.70711 -0.42426 -0.56569
vn 9.3342e-15 -0.8 0.6
vn -0.19509 -0.58847 -0.78463
vn 0 -0.6 -0.8
vn 0 0.8 -0.6
vn -0.98079 -0.11705 -0.15607
vn -0.70711 -0.42426 -0.56569
vn 0 -0.8 0.6
vn 0 0.24254 0.97014
vn 0.38268 0.22407 0.89629
vn 0 -0.24254 -0.97014
vn 0.19509 -0.23788 -0.9515
vn 0.70711 -0.1715 -0.68599
vn 0.98079 -0.047316 -0.18927
vn 0.92388 0.092814 0.37126
vn 0 -0.97014 0.24254
vn 0 0.97014 -0.24254
vn -0.38268 0.22407 0.89629
vn -0.19509 -0.23788 -0.9515
vn -0.70711 -0.1715 -0.68599
vn -0.98079 -0.047316 -0.18927
vn -0.92388 0.092814 0.37126
vn -1.0771e-15 0.97014 0.24254
vn -4.3083e-15 -0.24254 0.97014
vn 1.0771e-15 -0.97014 -0.24254
vn 4.3083e-15 0.24254 -0.97014
vn -0.38268 0.22407 -0.89629
vn -0.19509 -0.23788 0.9515
vn -0.70711 -0.1715 0.68599
vn -0.98079 -0.047316 0.18927
vn -0.92388 0.092814 -0.37126
vn 0.38268 0.22407 -0.89629
vn 0.19509 -0.23788 0.9515
vn 0.70711 -0.1715 0.68599
vn 0.98079 -0.047316 0.18927
vn 0.92388 0.092814 -0.37126
vn -0.59743 -0.80192 0
vn 0.97751 0 -0.21091
vn 0.98437 0 -0.17614
vn 0.59743 0.80192 0
vn -0.98437 0 -0.17614
vn -0.97751 0 -0.21091
vn -0.79206 0 -0.61044
vn -0.27236 0 -0.9622
vn -0.62924 0 -0.77721
vn -0.11845 0 -0.99296
vn 0.62924 0 -0.77721
vn 0.79206 0 -0.61044
vn -0.59743 0.80192 0
vn 0.59743 -0.80192 0
vn 0.27236 0 -0.9622
vn 0.11845 0 -0.99296
vn 1.8208e-14 -0.6 0.8
vn -1.3656e-14 -0.8 -0.6
vn 1.3656e-14 0.8 0.6
vn 0.59743 -0.80192 -1.3597e-14
vn -0.97751 0 0.21091
vn -0.98437 0 0.17614
vn -0.59743 0.80192 1.3597e-14
vn 0.98437 0 0.17614
vn 0.97751 0 0.21091
vn 0.79206 0 0.61044
vn 0.27236 0 0.9622
vn 0.62924 0 0.77721
vn 0.11845 0 0.99296
vn -0.62924 0 0.77721
vn -0.79206 0 0.61044
vn 0.59743 0.80192 -1.3597e-14
vn -0.59743 -0.80192 1.3597e-14
vn -0.27236 0 0.9622
vn -0.11845 0 0.99296
vn 0.58467 0.73771 -0.33756
vn 0.58467 0.73771 0.33756
vn 0 0.73771 -0.67512
vn 0 0.73771 0.67512
vn -0.58467 0.73771 -0.33756
vn -0.58467 0.73771 0.33756
vn -0.86522 0.043061 -0.49954
vn -0.86522 0.043061 0.49954
vn -0.81899 -0.32508 -0.47284
vn -0.81899 -0.32508 0.47284
vn 0 -0.32508 0.94569
vn 0 0.043061 0.99907
vn 0 -0.32508 -0.94569
vn 0 0.043061 -0.99907
vn 0.81899 -0.32508 -0.47284
vn 0.86522 0.043061 -0.49954
vn 0.81899 -0.32508 0.47284
vn 0.86522 0.043061 0.49954
vn 0.46349 0.84473 -0.2676
vn 0.46349 0.84473 0.2676
vn 0 0.84473 -0.53519
vn 0 0.84473 0.53519
vn -0.46349 0.84473 -0.2676
vn -0.46349 0.84473 0.2676
vn -0.86435 0.062137 -0.49903
vn -0.86435 0.062137 0.49903
vn -0.77567 -0.44472 -0.44783
vn -0.77567 -0.44472 0.44783
vn 0 -0.44472 0.89567
vn 0 0.062137 0.99807
vn 0 -0.44472 -0.89567
vn 0 0.062137 -0.99807
vn 0.77567 -0.44472 -0.44783
vn 0.86435 0.062137 -0.49903
vn 0.77567 -0.44472 0.44783
vn 0.86435 0.062137 0.49903
vt 0.09375 0.275
vt 0.09375 0.375
vt 0.09375 0.425
vt 0.09375 0.475
vt 0.09375 0.3
vt 0.09375 0.41
vt 0.09375 0.34
vt 0.09375 0.325
vt 0.09375 0.415
vt 0.09375 0.335
vt 0.09375 0.28643
vt 0.09375 0.30929
vt 0.09375 0.32071
vt 0.09375 0.34357
vt 0.09375 0.355
vt 0.09375 0.395
vt 0.09375 0.385
vt 0.09375 0.365
vt 0.09375 0.39722
vt 0.09375 0.32869
vt 0.09375 0.3812
vt 0.09375 0.31079
vt 0.09375 0.33019
vt 0.09375 0.40352
vt 0.46875 0.475
vt 0.46875 0.40153
vt 0.46875 0.46684
vt 0.46875 0.44131
vt 0.46875 0.395
vt 0.46875 0.3
vt 0.46875 0.325
vt 0.46875 0.335
vt 0.46875 0.415
vt 0.46875 0.425
vt 0.46875 0.34815
vt 0.46875 0.275
vt 0.46875 0.44815
vt 0.46875 0.40352
vt 0.46875 0.33019
vt 0.46875 0.31079
vt 0.09375 0.645
vt 0.09375 0.65022
vt 0.09375 0.725
vt 0.09375 0.65214
vt 0.09375 0.65676
vt 0.09375 0.65153
vt 0.09375 0.71684
vt 0.09375 0.64691
vt 0.09375 0.69805
vt 0.09375 0.66522
vt 0.09375 0.66851
vt 0.09375 0.67645
vt 0.09375 0.64949
vt 0.09375 0.72051
vt 0.09375 0.69355
vt 0.09375 0.69131
vt 0.09375 0.66986
vt 0.09375 0.65122
vt 0.09375 0.59815
vt 0.09375 0.60792
vt 0.09375 0.69815
vt 0.09375 0.63149
vt 0.09375 0.625
vt 0.09375 0.63476
vt 0.09375 0.65833
vt 0.71875 0.53643
vt 0.71875 0.59357
vt 0.71875 0.585
vt 0.71875 0.605
vt 0.71875 0.615
vt 0.71875 0.635
vt 0.71875 0.57869
vt 0.71875 0.6312
vt 0.59375 0.395
vt 0.21875 0.225
vt 0.21875 0.11957
vt 0.21875 0.025
vt 0.21875 0.275
vt 0.21875 0.335
vt 0.21875 0.41
vt 0.21875 0.355
vt 0.21875 0.365
vt 0.21875 0.385
usemtl colormap
f 3/1/1 2/1/1 1/1/1
f 2/1/1 3/1/1 4/1/1
f 7/3/4 6/2/3 5/2/2
f 6/2/3 7/3/4 8/3/5
f 11/2/8 10/3/7 9/2/6
f 10/3/7 11/2/8 12/3/9
f 6/2/5 14/1/10 13/1/5
f 14/1/10 6/2/5 15/2/10
f 7/3/4 17/2/12 16/3/11
f 17/2/12 7/3/4 5/2/2
f 18/3/10 11/2/8 15/2/13
f 11/2/8 18/3/10 12/3/9
f 20/3/15 17/2/12 19/2/14
f 17/2/12 20/3/15 16/3/11
f 22/3/17 19/2/14 21/2/16
f 19/2/14 22/3/17 20/3/15
f 24/4/19 7/3/4 23/4/18
f 7/3/4 24/4/19 8/3/5
f 15/2/10 25/1/9 14/1/10
f 25/1/9 15/2/10 11/2/9
f 21/2/17 27/1/15 26/1/17
f 27/1/15 21/2/17 19/2/15
f 28/1/7 21/2/17 26/1/17
f 21/2/17 28/1/7 9/2/7
f 8/3/5 15/2/13 6/2/3
f 15/2/13 8/3/5 18/3/10
f 29/4/20 20/3/15 22/3/17
f 20/3/15 29/4/20 30/4/21
f 31/4/22 7/3/4 16/3/11
f 7/3/4 31/4/22 23/4/18
f 30/4/21 16/3/11 20/3/15
f 16/3/11 30/4/21 31/4/22
f 21/2/16 10/3/7 22/3/17
f 10/3/7 21/2/16 9/2/6
f 32/4/23 12/3/9 18/3/10
f 12/3/9 32/4/23 33/4/24
f 10/3/7 29/4/20 22/3/17
f 29/4/20 10/3/7 34/4/25
f 31/4/26 24/4/26 23/4/26
f 24/4/26 31/4/26 30/4/26
f 24/4/26 30/4/26 32/4/26
f 32/4/26 30/4/26 29/4/26
f 32/4/26 29/4/26 33/4/26
f 33/4/26 29/4/26 34/4/26
f 5/2/4 35/1/11 17/2/11
f 35/1/11 5/2/4 36/1/4
f 19/2/15 35/1/11 27/1/15
f 35/1/11 19/2/15 17/2/11
f 10/3/7 33/4/24 34/4/25
f 33/4/24 10/3/7 12/3/9
f 6/2/5 36/1/4 5/2/4
f 36/1/4 6/2/5 13/1/5
f 24/4/19 18/3/10 8/3/5
f 18/3/10 24/4/19 32/4/23
f 25/1/9 9/2/7 28/1/7
f 9/2/7 25/1/9 11/2/9
f 39/1/1 38/1/1 37/1/1
f 38/1/1 39/1/1 40/1/1
f 38/1/1 40/1/1 41/1/1
f 44/5/26 43/5/26 42/5/26
f 43/5/26 44/5/26 45/5/26
f 45/5/26 44/5/26 46/5/26
f 46/5/26 44/5/26 47/5/26
f 47/5/26 44/5/26 48/5/26
f 44/5/27 37/1/28 38/1/27
f 37/1/28 44/5/27 42/5/28
f 40/1/30 48/5/29 41/1/29
f 48/5/29 40/1/30 47/5/30
f 41/1/29 44/5/27 38/1/27
f 44/5/27 41/1/29 48/5/29
f 51/6/32 50/6/31 49/6/31
f 50/6/31 51/6/32 52/6/32
f 54/7/33 50/6/31 53/7/33
f 50/6/31 54/7/33 49/6/31
f 55/7/34 54/7/33 53/7/33
f 54/7/33 55/7/34 56/7/34
f 51/6/32 55/7/34 52/6/32
f 55/7/34 51/6/32 56/7/34
f 59/8/36 58/8/35 57/8/35
f 58/8/35 59/8/36 60/8/36
f 63/9/37 62/10/38 61/9/37
f 62/10/38 63/9/37 64/10/38
f 67/3/39 66/3/40 65/3/39
f 66/3/40 67/3/39 68/3/40
f 71/10/41 70/9/42 69/10/41
f 70/9/42 71/10/41 72/9/42
f 62/10/38 57/8/35 58/8/35
f 57/8/35 62/10/38 64/10/38
f 59/8/36 69/10/41 60/8/36
f 69/10/41 59/8/36 71/10/41
f 65/3/39 61/9/37 67/3/39
f 61/9/37 65/3/39 63/9/37
f 72/9/42 68/3/40 70/9/42
f 68/3/40 72/9/42 66/3/40
f 69/10/28 58/8/28 60/8/28
f 58/8/28 69/10/28 62/10/28
f 62/10/28 69/10/28 55/7/28
f 55/7/28 69/10/28 70/9/28
f 53/7/28 62/10/28 55/7/28
f 55/7/28 70/9/28 52/6/28
f 62/10/28 53/7/28 61/9/28
f 52/6/28 70/9/28 50/6/28
f 61/9/28 53/7/28 50/6/28
f 61/9/28 50/6/28 70/9/28
f 61/9/28 70/9/28 68/3/28
f 61/9/28 68/3/28 67/3/28
f 75/11/33 74/12/30 73/11/33
f 74/12/30 75/11/33 76/13/30
f 77/14/31 76/13/30 75/11/33
f 76/13/30 77/14/31 78/14/31
f 81/14/32 80/13/43 79/14/32
f 80/13/43 81/14/32 82/12/43
f 83/11/34 82/12/43 81/14/32
f 82/12/43 83/11/34 84/11/34
f 81/14/32 78/14/31 77/14/31
f 78/14/31 81/14/32 79/14/32
f 84/11/34 75/11/33 73/11/33
f 75/11/33 84/11/34 83/11/34
f 80/13/28 85/15/28 79/14/28
f 79/14/28 85/15/28 78/14/28
f 86/15/28 78/14/28 85/15/28
f 86/15/28 76/13/28 78/14/28
f 74/12/28 80/13/28 76/13/28
f 86/15/28 74/12/28 76/13/28
f 80/13/28 74/12/28 82/12/28
f 82/12/28 85/15/28 80/13/28
f 86/15/28 73/11/28 74/12/28
f 87/1/28 73/11/28 86/15/28
f 84/11/28 85/15/28 82/12/28
f 73/11/28 87/1/28 84/11/28
f 84/11/28 88/1/28 85/15/28
f 88/1/28 84/11/28 87/1/28
f 91/4/4 90/1/44 89/4/44
f 90/1/44 91/4/4 92/1/4
f 95/4/45 94/1/46 93/1/45
f 94/1/46 95/4/45 96/4/46
f 94/1/46 98/4/11 97/1/11
f 98/4/11 94/1/46 96/4/46
f 89/4/44 97/1/11 98/4/11
f 97/1/11 89/4/44 90/1/44
f 101/1/7 100/4/47 99/1/47
f 100/4/47 101/1/7 102/4/7
f 99/1/47 104/4/17 103/1/17
f 104/4/17 99/1/47 100/4/47
f 104/4/17 93/1/45 103/1/17
f 93/1/45 104/4/17 95/4/45
f 101/1/1 90/1/1 92/1/1
f 90/1/1 101/1/1 97/1/1
f 97/1/1 101/1/1 94/1/1
f 94/1/1 101/1/1 93/1/1
f 93/1/1 101/1/1 103/1/1
f 103/1/1 101/1/1 99/1/1
f 102/4/26 104/4/26 100/4/26
f 105/4/26 104/4/26 102/4/26
f 106/4/26 104/4/26 105/4/26
f 107/4/26 104/4/26 106/4/26
f 107/4/26 95/4/26 104/4/26
f 108/4/26 95/4/26 107/4/26
f 109/4/26 95/4/26 108/4/26
f 109/4/26 96/4/26 95/4/26
f 110/4/26 96/4/26 109/4/26
f 110/4/26 98/4/26 96/4/26
f 98/4/26 110/4/26 111/4/26
f 112/4/26 98/4/26 111/4/26
f 91/4/26 98/4/26 112/4/26
f 98/4/26 91/4/26 89/4/26
f 106/4/48 113/16/5 107/4/5
f 113/16/5 106/4/48 114/16/48
f 105/4/4 114/16/48 106/4/48
f 114/16/48 105/4/4 115/16/4
f 117/16/7 111/4/49 116/16/49
f 111/4/49 117/16/7 112/4/7
f 116/16/49 110/4/9 118/16/9
f 110/4/9 116/16/49 111/4/49
f 110/4/9 119/16/50 118/16/9
f 119/16/50 110/4/9 109/4/50
f 109/4/50 120/16/51 119/16/50
f 120/16/51 109/4/50 108/4/51
f 108/4/51 113/16/5 120/16/51
f 113/16/5 108/4/51 107/4/5
f 147/3/52 148/3/52 141/9/52
f 148/3/52 150/9/52 141/9/52
f 150/9/52 130/6/52 141/9/52
f 130/6/52 133/7/52 141/9/52
f 130/6/52 150/9/52 132/6/52
f 141/9/52 133/7/52 142/10/52
f 132/6/52 150/9/52 135/7/52
f 135/7/52 142/10/52 133/7/52
f 150/9/52 149/10/52 135/7/52
f 135/7/52 149/10/52 142/10/52
f 142/10/52 149/10/52 138/8/52
f 140/8/52 138/8/52 149/10/52
f 152/9/64 150/9/64 146/3/62
f 148/3/62 146/3/62 150/9/64
f 143/9/59 145/3/61 141/9/59
f 147/3/61 141/9/59 145/3/61
f 151/10/63 139/8/58 149/10/63
f 140/8/58 149/10/63 139/8/58
f 144/10/60 142/10/60 137/8/57
f 138/8/57 137/8/57 142/10/60
f 152/9/64 151/10/63 150/9/64
f 149/10/63 150/9/64 151/10/63
f 148/3/62 147/3/61 146/3/62
f 145/3/61 146/3/62 147/3/61
f 144/10/60 143/9/59 142/10/60
f 141/9/59 142/10/60 143/9/59
f 140/8/58 139/8/58 138/8/57
f 137/8/57 138/8/57 139/8/58
f 136/7/56 131/6/54 135/7/56
f 132/6/54 135/7/56 131/6/54
f 136/7/56 135/7/56 134/7/55
f 133/7/55 134/7/55 135/7/56
f 129/6/53 134/7/55 130/6/53
f 133/7/55 130/6/53 134/7/55
f 132/6/54 131/6/54 130/6/53
f 129/6/53 130/6/53 131/6/54
f 125/5/52 127/5/52 121/1/52
f 122/1/52 121/1/52 127/5/52
f 128/5/26 127/5/26 126/5/26
f 125/5/26 126/5/26 127/5/26
f 124/1/1 123/1/1 122/1/1
f 121/1/1 122/1/1 123/1/1
f 167/1/52 164/11/52 168/1/52
f 165/15/52 168/1/52 164/11/52
f 164/11/52 167/1/52 153/11/52
f 162/12/52 165/15/52 164/11/52
f 166/15/52 153/11/52 167/1/52
f 154/12/52 153/11/52 166/15/52
f 160/13/52 165/15/52 162/12/52
f 162/12/52 154/12/52 160/13/52
f 156/13/52 154/12/52 166/15/52
f 156/13/52 160/13/52 154/12/52
f 158/14/52 156/13/52 166/15/52
f 165/15/52 158/14/52 166/15/52
f 158/14/52 165/15/52 159/14/52
f 159/14/52 165/15/52 160/13/52
f 163/11/56 164/11/56 155/11/55
f 153/11/55 155/11/55 164/11/56
f 159/14/54 161/14/54 158/14/53
f 157/14/53 158/14/53 161/14/54
f 164/11/56 163/11/56 162/12/66
f 161/14/54 162/12/66 163/11/56
f 162/12/66 161/14/54 160/13/66
f 159/14/54 160/13/66 161/14/54
f 158/14/53 157/14/53 156/13/65
f 155/11/55 156/13/65 157/14/53
f 156/13/65 155/11/55 154/12/65
f 153/11/55 154/12/65 155/11/55
f 171/1/1 170/1/1 169/1/1
f 170/1/1 171/1/1 172/1/1
f 170/1/1 172/1/1 173/1/1
f 176/5/26 175/5/26 174/5/26
f 175/5/26 176/5/26 177/5/26
f 177/5/26 176/5/26 178/5/26
f 178/5/26 176/5/26 179/5/26
f 179/5/26 176/5/26 180/5/26
f 176/5/67 169/1/15 170/1/67
f 169/1/15 176/5/67 174/5/15
f 172/1/7 180/5/68 173/1/68
f 180/5/68 172/1/7 179/5/7
f 173/1/68 176/5/67 170/1/67
f 176/5/67 173/1/68 180/5/68
f 183/6/70 182/6/69 181/6/69
f 182/6/69 183/6/70 184/6/70
f 186/7/71 182/6/69 185/7/71
f 182/6/69 186/7/71 181/6/69
f 187/7/72 186/7/71 185/7/71
f 186/7/71 187/7/72 188/7/72
f 183/6/70 187/7/72 184/6/70
f 187/7/72 183/6/70 188/7/72
f 191/8/74 190/8/73 189/8/73
f 190/8/73 191/8/74 192/8/74
f 195/9/75 194/10/76 193/9/75
f 194/10/76 195/9/75 196/10/76
f 199/3/77 198/3/78 197/3/77
f 198/3/78 199/3/77 200/3/78
f 203/10/79 202/9/80 201/10/79
f 202/9/80 203/10/79 204/9/80
f 194/10/76 189/8/73 190/8/73
f 189/8/73 194/10/76 196/10/76
f 191/8/74 201/10/79 192/8/74
f 201/10/79 191/8/74 203/10/79
f 197/3/77 193/9/75 199/3/77
f 193/9/75 197/3/77 195/9/75
f 204/9/80 200/3/78 202/9/80
f 200/3/78 204/9/80 198/3/78
f 201/10/15 190/8/15 192/8/15
f 190/8/15 201/10/15 194/10/15
f 194/10/15 201/10/15 187/7/15
f 187/7/15 201/10/15 202/9/15
f 185/7/15 194/10/15 187/7/15
f 187/7/15 202/9/15 184/6/15
f 194/10/15 185/7/15 193/9/15
f 184/6/15 202/9/15 182/6/15
f 193/9/15 185/7/15 182/6/15
f 193/9/15 182/6/15 202/9/15
f 193/9/15 202/9/15 200/3/15
f 193/9/15 200/3/15 199/3/15
f 207/11/71 206/12/7 205/11/71
f 206/12/7 207/11/71 208/13/7
f 209/14/69 208/13/7 207/11/71
f 208/13/7 209/14/69 210/14/69
f 213/14/70 212/13/4 211/14/70
f 212/13/4 213/14/70 214/12/4
f 215/11/72 214/12/4 213/14/70
f 214/12/4 215/11/72 216/11/72
f 213/14/70 210/14/69 209/14/69
f 210/14/69 213/14/70 211/14/70
f 216/11/72 207/11/71 205/11/71
f 207/11/71 216/11/72 215/11/72
f 212/13/15 217/15/15 211/14/15
f 211/14/15 217/15/15 210/14/15
f 218/15/15 210/14/15 217/15/15
f 218/15/15 208/13/15 210/14/15
f 206/12/15 212/13/15 208/13/15
f 218/15/15 206/12/15 208/13/15
f 212/13/15 206/12/15 214/12/15
f 214/12/15 217/15/15 212/13/15
f 218/15/15 205/11/15 206/12/15
f 219/1/15 205/11/15 218/15/15
f 216/11/15 217/15/15 214/12/15
f 205/11/15 219/1/15 216/11/15
f 216/11/15 220/1/15 217/15/15
f 220/1/15 216/11/15 219/1/15
f 223/5/7 222/9/80 221/5/7
f 222/9/80 223/5/7 224/9/80
f 225/5/26 223/5/26 221/5/26
f 223/5/26 225/5/26 226/5/26
f 229/5/26 228/5/26 227/5/26
f 228/5/26 229/5/26 230/5/26
f 233/1/1 232/1/1 231/1/1
f 234/1/1 232/1/1 233/1/1
f 235/1/1 232/1/1 234/1/1
f 232/1/1 235/1/1 236/1/1
f 237/1/1 236/1/1 235/1/1
f 236/1/1 237/1/1 238/1/1
f 241/3/78 240/3/77 239/3/77
f 240/3/77 241/3/78 242/3/78
f 244/9/75 229/5/4 243/9/75
f 229/5/4 244/9/75 230/5/4
f 224/9/80 241/3/78 222/9/80
f 241/3/78 224/9/80 242/3/78
f 240/3/77 243/9/75 239/3/77
f 243/9/75 240/3/77 244/9/75
f 225/5/15 233/1/15 231/1/15
f 233/1/15 225/5/15 221/5/15
f 233/1/15 221/5/15 245/6/15
f 245/6/15 221/5/15 222/9/15
f 245/6/15 222/9/15 246/6/15
f 243/9/15 246/6/15 222/9/15
f 243/9/15 222/9/15 241/3/15
f 243/9/15 241/3/15 239/3/15
f 229/5/15 246/6/15 243/9/15
f 246/6/15 229/5/15 237/1/15
f 227/5/15 237/1/15 229/5/15
f 237/1/15 227/5/15 238/1/15
f 248/6/1 246/6/1 247/6/1
f 246/6/1 248/6/1 245/6/1
f 235/1/7 246/6/7 237/1/7
f 246/6/7 235/1/7 247/6/7
f 248/6/4 233/1/4 245/6/4
f 233/1/4 248/6/4 234/1/4
f 251/15/70 250/10/72 249/15/70
f 250/10/72 251/15/70 252/10/72
f 255/10/71 254/15/69 253/10/71
f 254/15/69 255/10/71 256/15/69
f 250/10/72 255/10/71 253/10/71
f 255/10/71 250/10/72 252/10/72
f 251/15/70 254/15/69 256/15/69
f 254/15/69 251/15/70 249/15/70
f 259/17/70 258/18/72 257/17/70
f 258/18/72 259/17/70 260/18/72
f 263/18/71 262/17/69 261/18/71
f 262/17/69 263/18/71 264/17/69
f 258/18/72 263/18/71 261/18/71
f 263/18/71 258/18/72 260/18/72
f 259/17/70 262/17/69 264/17/69
f 262/17/69 259/17/70 257/17/70
f 267/1/69 266/1/70 265/1/70
f 266/1/70 267/1/69 268/1/69
f 270/4/72 266/1/70 269/4/72
f 266/1/70 270/4/72 265/1/70
f 267/1/69 271/4/71 268/1/69
f 271/4/71 267/1/69 272/4/71
f 271/4/71 270/4/72 269/4/72
f 270/4/72 271/4/71 272/4/71
f 271/4/15 266/1/15 268/1/15
f 266/1/15 271/4/15 269/4/15
f 275/8/10 274/3/10 273/8/10
f 274/3/10 275/8/10 276/3/10
f 279/3/17 278/8/11 277/8/17
f 278/8/11 279/3/17 280/3/11
f 273/8/7 279/3/17 277/8/17
f 279/3/17 273/8/7 274/3/7
f 279/3/26 276/3/26 280/3/26
f 276/3/26 279/3/26 274/3/26
f 273/8/1 278/8/1 275/8/1
f 278/8/1 273/8/1 277/8/1
f 276/3/4 278/8/11 280/3/11
f 278/8/11 276/3/4 275/8/4
f 311/3/82 312/3/82 305/9/82
f 312/3/82 314/9/82 305/9/82
f 314/9/82 294/6/82 305/9/82
f 294/6/82 297/7/82 305/9/82
f 294/6/82 314/9/82 296/6/82
f 305/9/82 297/7/82 306/10/82
f 296/6/82 314/9/82 299/7/82
f 299/7/82 306/10/82 297/7/82
f 314/9/82 313/10/82 299/7/82
f 299/7/82 313/10/82 306/10/82
f 306/10/82 313/10/82 302/8/82
f 304/8/82 302/8/82 313/10/82
f 310/3/94 316/9/96 312/3/94
f 314/9/96 312/3/94 316/9/96
f 307/9/91 309/3/93 305/9/91
f 311/3/93 305/9/91 309/3/93
f 315/10/95 303/8/90 313/10/95
f 304/8/90 313/10/95 303/8/90
f 308/10/92 306/10/92 301/8/89
f 302/8/89 301/8/89 306/10/92
f 316/9/96 315/10/95 314/9/96
f 313/10/95 314/9/96 315/10/95
f 312/3/94 311/3/93 310/3/94
f 309/3/93 310/3/94 311/3/93
f 308/10/92 307/9/91 306/10/92
f 305/9/91 306/10/92 307/9/91
f 304/8/90 303/8/90 302/8/89
f 301/8/89 302/8/89 303/8/90
f 300/7/88 295/6/86 299/7/88
f 296/6/86 299/7/88 295/6/86
f 300/7/88 299/7/88 298/7/87
f 297/7/87 298/7/87 299/7/88
f 293/6/85 298/7/87 294/6/85
f 297/7/87 294/6/85 298/7/87
f 296/6/86 295/6/86 294/6/85
f 293/6/85 294/6/85 295/6/86
f 292/5/83 285/1/83 288/5/81
f 282/1/81 288/5/81 285/1/83
f 291/5/84 284/1/84 292/5/83
f 285/1/83 292/5/83 284/1/84
f 286/5/82 288/5/81 281/1/82
f 282/1/81 281/1/82 288/5/81
f 292/5/26 288/5/26 291/5/26
f 291/5/26 288/5/26 290/5/26
f 290/5/26 288/5/26 289/5/26
f 289/5/26 288/5/26 287/5/26
f 286/5/26 287/5/26 288/5/26
f 285/1/1 284/1/1 282/1/1
f 284/1/1 283/1/1 282/1/1
f 281/1/1 282/1/1 283/1/1
f 331/1/82 328/11/82 332/1/82
f 329/15/82 332/1/82 328/11/82
f 328/11/82 331/1/82 317/11/82
f 326/12/82 329/15/82 328/11/82
f 330/15/82 317/11/82 331/1/82
f 318/12/82 317/11/82 330/15/82
f 324/13/82 329/15/82 326/12/82
f 326/12/82 318/12/82 324/13/82
f 320/13/82 318/12/82 330/15/82
f 320/13/82 324/13/82 318/12/82
f 322/14/82 320/13/82 330/15/82
f 329/15/82 322/14/82 330/15/82
f 322/14/82 329/15/82 323/14/82
f 323/14/82 329/15/82 324/13/82
f 327/11/88 328/11/88 319/11/87
f 317/11/87 319/11/87 328/11/88
f 323/14/86 325/14/86 322/14/85
f 321/14/85 322/14/85 325/14/86
f 328/11/88 327/11/88 326/12/97
f 325/14/86 326/12/97 327/11/88
f 326/12/97 325/14/86 324/13/97
f 323/14/86 324/13/97 325/14/86
f 322/14/85 321/14/85 320/13/84
f 319/11/87 320/13/84 321/14/85
f 320/13/84 319/11/87 318/12/84
f 317/11/87 318/12/84 319/11/87
f 359/3/98 360/3/98 353/9/98
f 360/3/98 362/9/98 353/9/98
f 362/9/98 342/6/98 353/9/98
f 342/6/98 345/7/98 353/9/98
f 342/6/98 362/9/98 344/6/98
f 353/9/98 345/7/98 354/10/98
f 344/6/98 362/9/98 347/7/98
f 347/7/98 354/10/98 345/7/98
f 362/9/98 361/10/98 347/7/98
f 347/7/98 361/10/98 354/10/98
f 354/10/98 361/10/98 350/8/98
f 352/8/98 350/8/98 361/10/98
f 364/9/110 362/9/110 358/3/108
f 360/3/108 358/3/108 362/9/110
f 355/9/105 357/3/107 353/9/105
f 359/3/107 353/9/105 357/3/107
f 363/10/109 351/8/104 361/10/109
f 352/8/104 361/10/109 351/8/104
f 356/10/106 354/10/106 349/8/103
f 350/8/103 349/8/103 354/10/106
f 364/9/110 363/10/109 362/9/110
f 361/10/109 362/9/110 363/10/109
f 360/3/108 359/3/107 358/3/108
f 357/3/107 358/3/108 359/3/107
f 356/10/106 355/9/105 354/10/106
f 353/9/105 354/10/106 355/9/105
f 352/8/104 351/8/104 350/8/103
f 349/8/103 350/8/103 351/8/104
f 348/7/102 343/6/100 347/7/102
f 344/6/100 347/7/102 343/6/100
f 348/7/102 347/7/102 346/7/101
f 345/7/101 346/7/101 347/7/102
f 341/6/99 346/7/101 342/6/99
f 345/7/101 342/6/99 346/7/101
f 344/6/100 343/6/100 342/6/99
f 341/6/99 342/6/99 343/6/100
f 337/5/98 339/5/98 333/1/98
f 334/1/98 333/1/98 339/5/98
f 340/5/26 339/5/26 338/5/26
f 337/5/26 338/5/26 339/5/26
f 336/1/1 335/1/1 334/1/1
f 333/1/1 334/1/1 335/1/1
f 379/1/98 376/11/98 380/1/98
f 377/15/98 380/1/98 376/11/98
f 376/11/98 379/1/98 365/11/98
f 374/12/98 377/15/98 376/11/98
f 378/15/98 365/11/98 379/1/98
f 366/12/98 365/11/98 378/15/98
f 372/13/98 377/15/98 374/12/98
f 374/12/98 366/12/98 372/13/98
f 368/13/98 366/12/98 378/15/98
f 368/13/98 372/13/98 366/12/98
f 370/14/98 368/13/98 378/15/98
f 377/15/98 370/14/98 378/15/98
f 370/14/98 377/15/98 371/14/98
f 371/14/98 377/15/98 372/13/98
f 375/11/102 376/11/102 367/11/101
f 365/11/101 367/11/101 376/11/102
f 371/14/100 373/14/100 370/14/99
f 369/14/99 370/14/99 373/14/100
f 376/11/102 375/11/102 374/12/112
f 373/14/100 374/12/112 375/11/102
f 374/12/112 373/14/100 372/13/112
f 371/14/100 372/13/112 373/14/100
f 370/14/99 369/14/99 368/13/111
f 367/11/101 368/13/111 369/14/99
f 368/13/111 367/11/101 366/12/111
f 365/11/101 366/12/111 367/11/101
f 407/3/113 408/3/113 401/9/113
f 408/3/113 410/9/113 401/9/113
f 410/9/113 390/6/113 401/9/113
f 390/6/113 393/7/113 401/9/113
f 390/6/113 410/9/113 392/6/113
f 401/9/113 393/7/113 402/10/113
f 392/6/113 410/9/113 395/7/113
f 395/7/113 402/10/113 393/7/113
f 410/9/113 409/10/113 395/7/113
f 395/7/113 409/10/113 402/10/113
f 402/10/113 409/10/113 398/8/113
f 400/8/113 398/8/113 409/10/113
f 412/9/125 410/9/125 406/3/123
f 408/3/123 406/3/123 410/9/125
f 403/9/120 405/3/122 401/9/120
f 407/3/122 401/9/120 405/3/122
f 411/10/124 399/8/119 409/10/124
f 400/8/119 409/10/124 399/8/119
f 404/10/121 402/10/121 397/8/118
f 398/8/118 397/8/118 402/10/121
f 412/9/125 411/10/124 410/9/125
f 409/10/124 410/9/125 411/10/124
f 408/3/123 407/3/122 406/3/123
f 405/3/122 406/3/123 407/3/122
f 404/10/121 403/9/120 402/10/121
f 401/9/120 402/10/121 403/9/120
f 400/8/119 399/8/119 398/8/118
f 397/8/118 398/8/118 399/8/119
f 396/7/117 391/6/115 395/7/117
f 392/6/115 395/7/117 391/6/115
f 396/7/117 395/7/117 394/7/116
f 393/7/116 394/7/116 395/7/117
f 389/6/114 394/7/116 390/6/114
f 393/7/116 390/6/114 394/7/116
f 392/6/115 391/6/115 390/6/114
f 389/6/114 390/6/114 391/6/115
f 385/5/113 387/5/113 381/1/113
f 382/1/113 381/1/113 387/5/113
f 388/5/26 387/5/26 386/5/26
f 385/5/26 386/5/26 387/5/26
f 384/1/1 383/1/1 382/1/1
f 381/1/1 382/1/1 383/1/1
f 427/1/113 424/11/113 428/1/113
f 425/15/113 428/1/113 424/11/113
f 424/11/113 427/1/113 413/11/113
f 422/12/113 425/15/113 424/11/113
f 426/15/113 413/11/113 427/1/113
f 414/12/113 413/11/113 426/15/113
f 420/13/113 425/15/113 422/12/113
f 422/12/113 414/12/113 420/13/113
f 416/13/113 414/12/113 426/15/113
f 416/13/113 420/13/113 414/12/113
f 418/14/113 416/13/113 426/15/113
f 425/15/113 418/14/113 426/15/113
f 418/14/113 425/15/113 419/14/113
f 419/14/113 425/15/113 420/13/113
f 423/11/117 424/11/117 415/11/116
f 413/11/116 415/11/116 424/11/117
f 419/14/115 421/14/115 418/14/114
f 417/14/114 418/14/114 421/14/115
f 424/11/117 423/11/117 422/12/127
f 421/14/115 422/12/127 423/11/117
f 422/12/127 421/14/115 420/13/127
f 419/14/115 420/13/127 421/14/115
f 418/14/114 417/14/114 416/13/126
f 415/11/116 416/13/126 417/14/114
f 416/13/126 415/11/116 414/12/126
f 413/11/116 414/12/126 415/11/116
f 431/1/1 430/1/1 429/1/1
f 430/1/1 431/1/1 432/1/1
f 430/1/1 432/1/1 433/1/1
f 436/5/26 435/5/26 434/5/26
f 435/5/26 436/5/26 437/5/26
f 437/5/26 436/5/26 438/5/26
f 438/5/26 436/5/26 439/5/26
f 439/5/26 436/5/26 440/5/26
f 436/5/27 429/1/28 430/1/27
f 429/1/28 436/5/27 434/5/28
f 432/1/30 440/5/29 433/1/29
f 440/5/29 432/1/30 439/5/30
f 433/1/29 436/5/27 430/1/27
f 436/5/27 433/1/29 440/5/29
f 443/6/32 442/6/31 441/6/31
f 442/6/31 443/6/32 444/6/32
f 446/7/33 442/6/31 445/7/33
f 442/6/31 446/7/33 441/6/31
f 447/7/34 446/7/33 445/7/33
f 446/7/33 447/7/34 448/7/34
f 443/6/32 447/7/34 444/6/32
f 447/7/34 443/6/32 448/7/34
f 451/8/36 450/8/35 449/8/35
f 450/8/35 451/8/36 452/8/36
f 455/9/37 454/10/38 453/9/37
f 454/10/38 455/9/37 456/10/38
f 459/3/39 458/3/40 457/3/39
f 458/3/40 459/3/39 460/3/40
f 463/10/41 462/9/42 461/10/41
f 462/9/42 463/10/41 464/9/42
f 454/10/38 449/8/35 450/8/35
f 449/8/35 454/10/38 456/10/38
f 451/8/36 461/10/41 452/8/36
f 461/10/41 451/8/36 463/10/41
f 457/3/39 453/9/37 459/3/39
f 453/9/37 457/3/39 455/9/37
f 464/9/42 460/3/40 462/9/42
f 460/3/40 464/9/42 458/3/40
f 461/10/28 450/8/28 452/8/28
f 450/8/28 461/10/28 454/10/28
f 454/10/28 461/10/28 447/7/28
f 447/7/28 461/10/28 462/9/28
f 445/7/28 454/10/28 447/7/28
f 447/7/28 462/9/28 444/6/28
f 454/10/28 445/7/28 453/9/28
f 444/6/28 462/9/28 442/6/28
f 453/9/28 445/7/28 442/6/28
f 453/9/28 442/6/28 462/9/28
f 453/9/28 462/9/28 460/3/28
f 453/9/28 460/3/28 459/3/28
f 467/11/33 466/12/30 465/11/33
f 466/12/30 467/11/33 468/13/30
f 469/14/31 468/13/30 467/11/33
f 468/13/30 469/14/31 470/14/31
f 473/14/32 472/13/43 471/14/32
f 472/13/43 473/14/32 474/12/43
f 475/11/34 474/12/43 473/14/32
f 474/12/43 475/11/34 476/11/34
f 473/14/32 470/14/31 469/14/31
f 470/14/31 473/14/32 471/14/32
f 476/11/34 467/11/33 465/11/33
f 467/11/33 476/11/34 475/11/34
f 472/13/28 477/15/28 471/14/28
f 471/14/28 477/15/28 470/14/28
f 478/15/28 470/14/28 477/15/28
f 478/15/28 468/13/28 470/14/28
f 466/12/28 472/13/28 468/13/28
f 478/15/28 466/12/28 468/13/28
f 472/13/28 466/12/28 474/12/28
f 474/12/28 477/15/28 472/13/28
f 478/15/28 465/11/28 466/12/28
f 479/1/28 465/11/28 478/15/28
f 476/11/28 477/15/28 474/12/28
f 465/11/28 479/1/28 476/11/28
f 476/11/28 480/1/28 477/15/28
f 480/1/28 476/11/28 479/1/28
f 511/3/129 512/3/129 505/9/129
f 512/3/129 514/9/129 505/9/129
f 514/9/129 494/6/129 505/9/129
f 494/6/129 497/7/129 505/9/129
f 494/6/129 514/9/129 496/6/129
f 505/9/129 497/7/129 506/10/129
f 496/6/129 514/9/129 499/7/129
f 499/7/129 506/10/129 497/7/129
f 514/9/129 513/10/129 499/7/129
f 499/7/129 513/10/129 506/10/129
f 506/10/129 513/10/129 502/8/129
f 504/8/129 502/8/129 513/10/129
f 510/3/141 516/9/143 512/3/141
f 514/9/143 512/3/141 516/9/143
f 507/9/138 509/3/140 505/9/138
f 511/3/140 505/9/138 509/3/140
f 515/10/142 503/8/137 513/10/142
f 504/8/137 513/10/142 503/8/137
f 508/10/139 506/10/139 501/8/136
f 502/8/136 501/8/136 506/10/139
f 516/9/143 515/10/142 514/9/143
f 513/10/142 514/9/143 515/10/142
f 512/3/141 511/3/140 510/3/141
f 509/3/140 510/3/141 511/3/140
f 508/10/139 507/9/138 506/10/139
f 505/9/138 506/10/139 507/9/138
f 504/8/137 503/8/137 502/8/136
f 501/8/136 502/8/136 503/8/137
f 500/7/135 495/6/133 499/7/135
f 496/6/133 499/7/135 495/6/133
f 500/7/135 499/7/135 498/7/134
f 497/7/134 498/7/134 499/7/135
f 493/6/132 498/7/134 494/6/132
f 497/7/134 494/6/132 498/7/134
f 496/6/133 495/6/133 494/6/132
f 493/6/132 494/6/132 495/6/133
f 492/5/130 485/1/130 488/5/128
f 482/1/128 488/5/128 485/1/130
f 491/5/131 484/1/131 492/5/130
f 485/1/130 492/5/130 484/1/131
f 486/5/129 488/5/128 481/1/129
f 482/1/128 481/1/129 488/5/128
f 492/5/26 488/5/26 491/5/26
f 491/5/26 488/5/26 490/5/26
f 490/5/26 488/5/26 489/5/26
f 489/5/26 488/5/26 487/5/26
f 486/5/26 487/5/26 488/5/26
f 485/1/1 484/1/1 482/1/1
f 484/1/1 483/1/1 482/1/1
f 481/1/1 482/1/1 483/1/1
f 531/1/129 528/11/129 532/1/129
f 529/15/129 532/1/129 528/11/129
f 528/11/129 531/1/129 517/11/129
f 526/12/129 529/15/129 528/11/129
f 530/15/129 517/11/129 531/1/129
f 518/12/129 517/11/129 530/15/129
f 524/13/129 529/15/129 526/12/129
f 526/12/129 518/12/129 524/13/129
f 520/13/129 518/12/129 530/15/129
f 520/13/129 524/13/129 518/12/129
f 522/14/129 520/13/129 530/15/129
f 529/15/129 522/14/129 530/15/129
f 522/14/129 529/15/129 523/14/129
f 523/14/129 529/15/129 524/13/129
f 527/11/135 528/11/135 519/11/134
f 517/11/134 519/11/134 528/11/135
f 523/14/133 525/14/133 522/14/132
f 521/14/132 522/14/132 525/14/133
f 528/11/135 527/11/135 526/12/144
f 525/14/133 526/12/144 527/11/135
f 526/12/144 525/14/133 524/13/144
f 523/14/133 524/13/144 525/14/133
f 522/14/132 521/14/132 520/13/131
f 519/11/134 520/13/131 521/14/132
f 520/13/131 519/11/134 518/12/131
f 517/11/134 518/12/131 519/11/134
f 563/3/82 564/3/82 557/9/82
f 564/3/82 566/9/82 557/9/82
f 566/9/82 546/6/82 557/9/82
f 546/6/82 549/7/82 557/9/82
f 546/6/82 566/9/82 548/6/82
f 557/9/82 549/7/82 558/10/82
f 548/6/82 566/9/82 551/7/82
f 551/7/82 558/10/82 549/7/82
f 566/9/82 565/10/82 551/7/82
f 551/7/82 565/10/82 558/10/82
f 558/10/82 565/10/82 554/8/82
f 556/8/82 554/8/82 565/10/82
f 562/3/94 568/9/96 564/3/94
f 566/9/96 564/3/94 568/9/96
f 559/9/91 561/3/93 557/9/91
f 563/3/93 557/9/91 561/3/93
f 567/10/95 555/8/90 565/10/95
f 556/8/90 565/10/95 555/8/90
f 560/10/92 558/10/92 553/8/89
f 554/8/89 553/8/89 558/10/92
f 568/9/96 567/10/95 566/9/96
f 565/10/95 566/9/96 567/10/95
f 564/3/94 563/3/93 562/3/94
f 561/3/93 562/3/94 563/3/93
f 560/10/92 559/9/91 558/10/92
f 557/9/91 558/10/92 559/9/91
f 556/8/90 555/8/90 554/8/89
f 553/8/89 554/8/89 555/8/90
f 552/7/88 547/6/86 551/7/88
f 548/6/86 551/7/88 547/6/86
f 552/7/88 551/7/88 550/7/87
f 549/7/87 550/7/87 551/7/88
f 545/6/85 550/7/87 546/6/85
f 549/7/87 546/6/85 550/7/87
f 548/6/86 547/6/86 546/6/85
f 545/6/85 546/6/85 547/6/86
f 544/5/83 537/1/83 540/5/81
f 534/1/81 540/5/81 537/1/83
f 543/5/84 536/1/84 544/5/83
f 537/1/83 544/5/83 536/1/84
f 538/5/82 540/5/81 533/1/82
f 534/1/81 533/1/82 540/5/81
f 544/5/26 540/5/26 543/5/26
f 543/5/26 540/5/26 542/5/26
f 542/5/26 540/5/26 541/5/26
f 541/5/26 540/5/26 539/5/26
f 538/5/26 539/5/26 540/5/26
f 537/1/1 536/1/1 534/1/1
f 536/1/1 535/1/1 534/1/1
f 533/1/1 534/1/1 535/1/1
f 583/1/82 580/11/82 584/1/82
f 581/15/82 584/1/82 580/11/82
f 580/11/82 583/1/82 569/11/82
f 578/12/82 581/15/82 580/11/82
f 582/15/82 569/11/82 583/1/82
f 570/12/82 569/11/82 582/15/82
f 576/13/82 581/15/82 578/12/82
f 578/12/82 570/12/82 576/13/82
f 572/13/82 570/12/82 582/15/82
f 572/13/82 576/13/82 570/12/82
f 574/14/82 572/13/82 582/15/82
f 581/15/82 574/14/82 582/15/82
f 574/14/82 581/15/82 575/14/82
f 575/14/82 581/15/82 576/13/82
f 579/11/88 580/11/88 571/11/87
f 569/11/87 571/11/87 580/11/88
f 575/14/86 577/14/86 574/14/85
f 573/14/85 574/14/85 577/14/86
f 580/11/88 579/11/88 578/12/97
f 577/14/86 578/12/97 579/11/88
f 578/12/97 577/14/86 576/13/97
f 575/14/86 576/13/97 577/14/86
f 574/14/85 573/14/85 572/13/84
f 571/11/87 572/13/84 573/14/85
f 572/13/84 571/11/87 570/12/84
f 569/11/87 570/12/84 571/11/87
f 483/1/1 586/1/1 585/1/1
f 586/1/1 483/1/1 484/1/1
f 586/1/1 484/1/1 587/1/1
f 590/5/26 589/5/26 588/5/26
f 589/5/26 590/5/26 591/5/26
f 591/5/26 590/5/26 490/5/26
f 490/5/26 590/5/26 491/5/26
f 491/5/26 590/5/26 592/5/26
f 590/5/67 585/1/15 586/1/67
f 585/1/15 590/5/67 588/5/15
f 484/1/7 592/5/68 587/1/68
f 592/5/68 484/1/7 491/5/7
f 587/1/68 590/5/67 586/1/67
f 590/5/67 587/1/68 592/5/68
f 595/6/70 594/6/69 593/6/69
f 594/6/69 595/6/70 596/6/70
f 598/7/71 594/6/69 597/7/71
f 594/6/69 598/7/71 593/6/69
f 599/7/72 598/7/71 597/7/71
f 598/7/71 599/7/72 600/7/72
f 595/6/70 599/7/72 596/6/70
f 599/7/72 595/6/70 600/7/72
f 603/8/74 602/8/73 601/8/73
f 602/8/73 603/8/74 604/8/74
f 607/9/75 606/10/76 605/9/75
f 606/10/76 607/9/75 608/10/76
f 611/3/77 610/3/78 609/3/77
f 610/3/78 611/3/77 612/3/78
f 615/10/79 614/9/80 613/10/79
f 614/9/80 615/10/79 616/9/80
f 606/10/76 601/8/73 602/8/73
f 601/8/73 606/10/76 608/10/76
f 603/8/74 613/10/79 604/8/74
f 613/10/79 603/8/74 615/10/79
f 609/3/77 605/9/75 611/3/77
f 605/9/75 609/3/77 607/9/75
f 616/9/80 612/3/78 614/9/80
f 612/3/78 616/9/80 610/3/78
f 613/10/15 602/8/15 604/8/15
f 602/8/15 613/10/15 606/10/15
f 606/10/15 613/10/15 599/7/15
f 599/7/15 613/10/15 614/9/15
f 597/7/15 606/10/15 599/7/15
f 599/7/15 614/9/15 596/6/15
f 606/10/15 597/7/15 605/9/15
f 596/6/15 614/9/15 594/6/15
f 605/9/15 597/7/15 594/6/15
f 605/9/15 594/6/15 614/9/15
f 605/9/15 614/9/15 612/3/15
f 605/9/15 612/3/15 611/3/15
f 619/11/71 618/12/7 617/11/71
f 618/12/7 619/11/71 620/13/7
f 621/14/69 620/13/7 619/11/71
f 620/13/7 621/14/69 622/14/69
f 625/14/70 624/13/4 623/14/70
f 624/13/4 625/14/70 626/12/4
f 627/11/72 626/12/4 625/14/70
f 626/12/4 627/11/72 628/11/72
f 625/14/70 622/14/69 621/14/69
f 622/14/69 625/14/70 623/14/70
f 628/11/72 619/11/71 617/11/71
f 619/11/71 628/11/72 627/11/72
f 624/13/15 629/15/15 623/14/15
f 623/14/15 629/15/15 622/14/15
f 630/15/15 622/14/15 629/15/15
f 630/15/15 620/13/15 622/14/15
f 618/12/15 624/13/15 620/13/15
f 630/15/15 618/12/15 620/13/15
f 624/13/15 618/12/15 626/12/15
f 626/12/15 629/15/15 624/13/15
f 630/15/15 617/11/15 618/12/15
f 631/1/15 617/11/15 630/15/15
f 628/11/15 629/15/15 626/12/15
f 617/11/15 631/1/15 628/11/15
f 628/11/15 632/1/15 629/15/15
f 632/1/15 628/11/15 631/1/15
f 659/3/145 660/3/145 653/9/145
f 660/3/145 662/9/145 653/9/145
f 662/9/145 642/6/145 653/9/145
f 642/6/145 645/7/145 653/9/145
f 642/6/145 662/9/145 644/6/145
f 653/9/145 645/7/145 654/10/145
f 644/6/145 662/9/145 647/7/145
f 647/7/145 654/10/145 645/7/145
f 662/9/145 661/10/145 647/7/145
f 647/7/145 661/10/145 654/10/145
f 654/10/145 661/10/145 650/8/145
f 652/8/145 650/8/145 661/10/145
f 664/9/157 662/9/157 658/3/155
f 660/3/155 658/3/155 662/9/157
f 655/9/152 657/3/154 653/9/152
f 659/3/154 653/9/152 657/3/154
f 663/10/156 651/8/151 661/10/156
f 652/8/151 661/10/156 651/8/151
f 656/10/153 654/10/153 649/8/150
f 650/8/150 649/8/150 654/10/153
f 664/9/157 663/10/156 662/9/157
f 661/10/156 662/9/157 663/10/156
f 660/3/155 659/3/154 658/3/155
f 657/3/154 658/3/155 659/3/154
f 656/10/153 655/9/152 654/10/153
f 653/9/152 654/10/153 655/9/152
f 652/8/151 651/8/151 650/8/150
f 649/8/150 650/8/150 651/8/151
f 648/7/149 643/6/147 647/7/149
f 644/6/147 647/7/149 643/6/147
f 648/7/149 647/7/149 646/7/148
f 645/7/148 646/7/148 647/7/149
f 641/6/146 646/7/148 642/6/146
f 645/7/148 642/6/146 646/7/148
f 644/6/147 643/6/147 642/6/146
f 641/6/146 642/6/146 643/6/147
f 637/5/145 639/5/145 633/1/145
f 634/1/145 633/1/145 639/5/145
f 640/5/26 639/5/26 638/5/26
f 637/5/26 638/5/26 639/5/26
f 636/1/1 635/1/1 634/1/1
f 633/1/1 634/1/1 635/1/1
f 679/1/145 676/11/145 680/1/145
f 677/15/145 680/1/145 676/11/145
f 676/11/145 679/1/145 665/11/145
f 674/12/145 677/15/145 676/11/145
f 678/15/145 665/11/145 679/1/145
f 666/12/145 665/11/145 678/15/145
f 672/13/145 677/15/145 674/12/145
f 674/12/145 666/12/145 672/13/145
f 668/13/145 666/12/145 678/15/145
f 668/13/145 672/13/145 666/12/145
f 670/14/145 668/13/145 678/15/145
f 677/15/145 670/14/145 678/15/145
f 670/14/145 677/15/145 671/14/145
f 671/14/145 677/15/145 672/13/145
f 675/11/149 676/11/149 667/11/148
f 665/11/148 667/11/148 676/11/149
f 671/14/147 673/14/147 670/14/146
f 669/14/146 670/14/146 673/14/147
f 676/11/149 675/11/149 674/12/159
f 673/14/147 674/12/159 675/11/149
f 674/12/159 673/14/147 672/13/159
f 671/14/147 672/13/159 673/14/147
f 670/14/146 669/14/146 668/13/158
f 667/11/148 668/13/158 669/14/146
f 668/13/158 667/11/148 666/12/158
f 665/11/148 666/12/158 667/11/148
f 711/3/129 712/3/129 705/9/129
f 712/3/129 714/9/129 705/9/129
f 714/9/129 694/6/129 705/9/129
f 694/6/129 697/7/129 705/9/129
f 694/6/129 714/9/129 696/6/129
f 705/9/129 697/7/129 706/10/129
f 696/6/129 714/9/129 699/7/129
f 699/7/129 706/10/129 697/7/129
f 714/9/129 713/10/129 699/7/129
f 699/7/129 713/10/129 706/10/129
f 706/10/129 713/10/129 702/8/129
f 704/8/129 702/8/129 713/10/129
f 710/3/141 716/9/143 712/3/141
f 714/9/143 712/3/141 716/9/143
f 707/9/138 709/3/140 705/9/138
f 711/3/140 705/9/138 709/3/140
f 715/10/142 703/8/137 713/10/142
f 704/8/137 713/10/142 703/8/137
f 708/10/139 706/10/139 701/8/136
f 702/8/136 701/8/136 706/10/139
f 716/9/143 715/10/142 714/9/143
f 713/10/142 714/9/143 715/10/142
f 712/3/141 711/3/140 710/3/141
f 709/3/140 710/3/141 711/3/140
f 708/10/139 707/9/138 706/10/139
f 705/9/138 706/10/139 707/9/138
f 704/8/137 703/8/137 702/8/136
f 701/8/136 702/8/136 703/8/137
f 700/7/135 695/6/133 699/7/135
f 696/6/133 699/7/135 695/6/133
f 700/7/135 699/7/135 698/7/134
f 697/7/134 698/7/134 699/7/135
f 693/6/132 698/7/134 694/6/132
f 697/7/134 694/6/132 698/7/134
f 696/6/133 695/6/133 694/6/132
f 693/6/132 694/6/132 695/6/133
f 692/5/130 685/1/130 688/5/128
f 682/1/128 688/5/128 685/1/130
f 691/5/131 684/1/131 692/5/130
f 685/1/130 692/5/130 684/1/131
f 686/5/129 688/5/128 681/1/129
f 682/1/128 681/1/129 688/5/128
f 692/5/26 688/5/26 691/5/26
f 691/5/26 688/5/26 690/5/26
f 690/5/26 688/5/26 689/5/26
f 689/5/26 688/5/26 687/5/26
f 686/5/26 687/5/26 688/5/26
f 685/1/1 684/1/1 682/1/1
f 684/1/1 683/1/1 682/1/1
f 681/1/1 682/1/1 683/1/1
f 731/1/129 728/11/129 732/1/129
f 729/15/129 732/1/129 728/11/129
f 728/11/129 731/1/129 717/11/129
f 726/12/129 729/15/129 728/11/129
f 730/15/129 717/11/129 731/1/129
f 718/12/129 717/11/129 730/15/129
f 724/13/129 729/15/129 726/12/129
f 726/12/129 718/12/129 724/13/129
f 720/13/129 718/12/129 730/15/129
f 720/13/129 724/13/129 718/12/129
f 722/14/129 720/13/129 730/15/129
f 729/15/129 722/14/129 730/15/129
f 722/14/129 729/15/129 723/14/129
f 723/14/129 729/15/129 724/13/129
f 727/11/135 728/11/135 719/11/134
f 717/11/134 719/11/134 728/11/135
f 723/14/133 725/14/133 722/14/132
f 721/14/132 722/14/132 725/14/133
f 728/11/135 727/11/135 726/12/144
f 725/14/133 726/12/144 727/11/135
f 726/12/144 725/14/133 724/13/144
f 723/14/133 724/13/144 725/14/133
f 722/14/132 721/14/132 720/13/131
f 719/11/134 720/13/131 721/14/132
f 720/13/131 719/11/134 718/12/131
f 717/11/134 718/12/131 719/11/134
f 735/5/160 734/9/161 733/5/160
f 734/9/161 735/5/160 736/9/161
f 737/5/26 735/5/26 733/5/26
f 735/5/26 737/5/26 738/5/26
f 741/5/26 740/5/26 739/5/26
f 740/5/26 741/5/26 742/5/26
f 745/1/1 744/1/1 743/1/1
f 744/1/1 745/1/1 746/1/1
f 747/1/1 744/1/1 746/1/1
f 746/1/1 745/1/1 748/1/1
f 748/1/1 745/1/1 749/1/1
f 749/1/1 745/1/1 750/1/1
f 753/3/162 752/3/163 751/3/162
f 752/3/163 753/3/162 754/3/163
f 756/9/164 741/5/165 755/9/164
f 741/5/165 756/9/164 742/5/165
f 736/9/161 754/3/163 734/9/161
f 754/3/163 736/9/161 752/3/163
f 753/3/162 756/9/164 755/9/164
f 756/9/164 753/3/162 751/3/162
f 737/5/166 749/1/166 750/1/166
f 749/1/166 737/5/166 733/5/166
f 749/1/166 733/5/166 757/6/166
f 757/6/166 733/5/166 734/9/166
f 757/6/166 734/9/166 758/6/166
f 755/9/166 758/6/166 734/9/166
f 755/9/166 734/9/166 754/3/166
f 755/9/166 754/3/166 753/3/166
f 741/5/166 758/6/166 755/9/166
f 758/6/166 741/5/166 747/1/166
f 739/5/166 747/1/166 741/5/166
f 747/1/166 739/5/166 744/1/166
f 760/6/1 758/6/1 759/6/1
f 758/6/1 760/6/1 757/6/1
f 746/1/160 758/6/160 747/1/160
f 758/6/160 746/1/160 759/6/160
f 760/6/165 749/1/165 757/6/165
f 749/1/165 760/6/165 748/1/165
f 763/1/168 762/1/167 761/1/167
f 762/1/167 763/1/168 764/1/168
f 766/4/169 762/1/167 765/4/169
f 762/1/167 766/4/169 761/1/167
f 763/1/168 767/4/170 764/1/168
f 767/4/170 763/1/168 768/4/170
f 767/4/170 766/4/169 765/4/169
f 766/4/169 767/4/170 768/4/170
f 767/4/166 762/1/166 764/1/166
f 762/1/166 767/4/166 765/4/166
f 771/8/171 770/3/171 769/8/171
f 770/3/171 771/8/171 772/3/171
f 775/3/5 774/8/9 773/8/5
f 774/8/9 775/3/5 776/3/9
f 769/8/160 775/3/5 773/8/5
f 775/3/5 769/8/160 770/3/160
f 775/3/26 772/3/26 776/3/26
f 772/3/26 775/3/26 770/3/26
f 769/8/1 774/8/1 771/8/1
f 774/8/1 769/8/1 773/8/1
f 772/3/165 774/8/9 776/3/9
f 774/8/9 772/3/165 771/8/165
f 779/4/4 778/1/44 777/4/44
f 778/1/44 779/4/4 780/1/4
f 783/4/45 782/1/46 781/1/45
f 782/1/46 783/4/45 784/4/46
f 782/1/46 786/4/11 785/1/11
f 786/4/11 782/1/46 784/4/46
f 777/4/44 785/1/11 786/4/11
f 785/1/11 777/4/44 778/1/44
f 789/1/7 788/4/47 787/1/47
f 788/4/47 789/1/7 790/4/7
f 787/1/47 792/4/17 791/1/17
f 792/4/17 787/1/47 788/4/47
f 792/4/17 781/1/45 791/1/17
f 781/1/45 792/4/17 783/4/45
f 789/1/1 778/1/1 780/1/1
f 778/1/1 789/1/1 785/1/1
f 785/1/1 789/1/1 782/1/1
f 782/1/1 789/1/1 781/1/1
f 781/1/1 789/1/1 791/1/1
f 791/1/1 789/1/1 787/1/1
f 790/4/26 792/4/26 788/4/26
f 793/4/26 792/4/26 790/4/26
f 794/4/26 792/4/26 793/4/26
f 795/4/26 792/4/26 794/4/26
f 795/4/26 783/4/26 792/4/26
f 796/4/26 783/4/26 795/4/26
f 797/4/26 783/4/26 796/4/26
f 797/4/26 784/4/26 783/4/26
f 798/4/26 784/4/26 797/4/26
f 798/4/26 786/4/26 784/4/26
f 786/4/26 798/4/26 799/4/26
f 800/4/26 786/4/26 799/4/26
f 779/4/26 786/4/26 800/4/26
f 786/4/26 779/4/26 777/4/26
f 794/4/48 801/16/5 795/4/5
f 801/16/5 794/4/48 802/16/48
f 793/4/4 802/16/48 794/4/48
f 802/16/48 793/4/4 803/16/4
f 805/16/7 799/4/49 804/16/49
f 799/4/49 805/16/7 800/4/7
f 804/16/49 798/4/9 806/16/9
f 798/4/9 804/16/49 799/4/49
f 798/4/9 807/16/50 806/16/9
f 807/16/50 798/4/9 797/4/50
f 797/4/50 808/16/51 807/16/50
f 808/16/51 797/4/50 796/4/51
f 796/4/51 801/16/5 808/16/51
f 801/16/5 796/4/51 795/4/5
f 811/8/17 810/3/15 809/3/17
f 810/3/15 811/8/17 812/8/15
f 815/8/5 814/3/4 813/8/4
f 814/3/4 815/8/5 816/3/5
f 812/8/15 817/3/11 810/3/15
f 817/3/11 812/8/15 818/8/11
f 813/8/4 817/3/11 818/8/11
f 817/3/11 813/8/4 814/3/4
f 815/8/5 819/3/10 816/3/5
f 819/3/10 815/8/5 820/8/10
f 820/8/10 821/3/9 819/3/10
f 821/3/9 820/8/10 822/8/9
f 821/3/9 824/8/7 823/3/7
f 824/8/7 821/3/9 822/8/9
f 823/3/7 811/8/17 809/3/17
f 811/8/17 823/3/7 824/8/7
f 816/3/1 817/3/1 814/3/1
f 817/3/1 816/3/1 819/3/1
f 817/3/1 819/3/1 810/3/1
f 810/3/1 819/3/1 821/3/1
f 810/3/1 821/3/1 809/3/1
f 809/3/1 821/3/1 823/3/1
f 827/8/1 826/8/1 825/8/1
f 826/8/1 827/8/1 828/8/1
f 831/3/172 830/3/26 829/3/26
f 830/3/26 831/3/172 832/3/172
f 830/3/10 827/8/10 825/8/10
f 827/8/10 830/3/10 833/19/10
f 833/19/10 830/3/10 832/3/10
f 830/3/4 826/8/4 829/3/4
f 826/8/4 830/3/4 825/8/4
f 834/19/15 826/8/15 828/8/15
f 826/8/15 834/19/15 829/3/15
f 829/3/15 834/19/15 831/3/15
f 827/8/7 834/19/173 828/8/7
f 834/19/173 827/8/7 833/19/173
f 833/19/173 831/3/172 834/19/173
f 831/3/172 833/19/173 832/3/172
f 837/8/7 836/3/17 835/8/17
f 836/3/17 837/8/7 838/3/7
f 836/3/17 839/8/15 835/8/17
f 839/8/15 836/3/17 840/3/15
f 843/3/5 842/8/4 841/3/4
f 842/8/4 843/3/5 844/8/5
f 841/3/4 846/8/11 845/3/11
f 846/8/11 841/3/4 842/8/4
f 847/8/9 838/3/7 837/8/7
f 838/3/7 847/8/9 848/3/9
f 850/3/10 847/8/9 849/8/10
f 847/8/9 850/3/10 848/3/9
f 840/3/15 846/8/11 839/8/15
f 846/8/11 840/3/15 845/3/11
f 843/3/5 849/8/10 844/8/5
f 849/8/10 843/3/5 850/3/10
f 845/3/26 843/3/26 841/3/26
f 843/3/26 845/3/26 840/3/26
f 843/3/26 840/3/26 850/3/26
f 850/3/26 840/3/26 836/3/26
f 850/3/26 836/3/26 848/3/26
f 848/3/26 836/3/26 838/3/26
f 844/8/1 846/8/1 842/8/1
f 846/8/1 844/8/1 849/8/1
f 846/8/1 849/8/1 839/8/1
f 839/8/1 849/8/1 847/8/1
f 839/8/1 847/8/1 835/8/1
f 835/8/1 847/8/1 837/8/1
f 853/8/7 852/3/17 851/8/17
f 852/3/17 853/8/7 854/3/7
f 852/3/17 855/8/15 851/8/17
f 855/8/15 852/3/17 856/3/15
f 859/3/5 858/8/4 857/3/4
f 858/8/4 859/3/5 860/8/5
f 857/3/4 862/8/11 861/3/11
f 862/8/11 857/3/4 858/8/4
f 863/8/9 854/3/7 853/8/7
f 854/3/7 863/8/9 864/3/9
f 866/3/10 863/8/9 865/8/10
f 863/8/9 866/3/10 864/3/9
f 856/3/15 862/8/11 855/8/15
f 862/8/11 856/3/15 861/3/11
f 859/3/5 865/8/10 860/8/5
f 865/8/10 859/3/5 866/3/10
f 861/3/26 859/3/26 857/3/26
f 859/3/26 861/3/26 856/3/26
f 859/3/26 856/3/26 866/3/26
f 866/3/26 856/3/26 852/3/26
f 866/3/26 852/3/26 864/3/26
f 864/3/26 852/3/26 854/3/26
f 860/8/1 862/8/1 858/8/1
f 862/8/1 860/8/1 865/8/1
f 862/8/1 865/8/1 855/8/1
f 855/8/1 865/8/1 863/8/1
f 855/8/1 863/8/1 851/8/1
f 851/8/1 863/8/1 853/8/1
f 869/8/7 868/3/17 867/8/17
f 868/3/17 869/8/7 870/3/7
f 868/3/17 871/8/15 867/8/17
f 871/8/15 868/3/17 872/3/15
f 875/3/5 874/8/4 873/3/4
f 874/8/4 875/3/5 876/8/5
f 873/3/4 878/8/11 877/3/11
f 878/8/11 873/3/4 874/8/4
f 879/8/9 870/3/7 869/8/7
f 870/3/7 879/8/9 880/3/9
f 882/3/10 879/8/9 881/8/10
f 879/8/9 882/3/10 880/3/9
f 872/3/15 878/8/11 871/8/15
f 878/8/11 872/3/15 877/3/11
f 875/3/5 881/8/10 876/8/5
f 881/8/10 875/3/5 882/3/10
f 877/3/26 875/3/26 873/3/26
f 875/3/26 877/3/26 872/3/26
f 875/3/26 872/3/26 882/3/26
f 882/3/26 872/3/26 868/3/26
f 882/3/26 868/3/26 880/3/26
f 880/3/26 868/3/26 870/3/26
f 876/8/1 878/8/1 874/8/1
f 878/8/1 876/8/1 881/8/1
f 878/8/1 881/8/1 871/8/1
f 871/8/1 881/8/1 879/8/1
f 871/8/1 879/8/1 867/8/1
f 867/8/1 879/8/1 869/8/1
f 885/21/1 884/20/174 883/20/174
f 884/20/174 885/21/1 886/21/1
f 887/20/175 883/20/174 884/20/174
f 883/20/174 887/20/175 888/20/175
f 888/20/175 886/21/1 885/21/1
f 886/21/1 888/20/175 887/20/175
f 891/23/15 890/22/15 889/22/15
f 890/22/15 891/23/15 887/20/15
f 884/20/15 890/22/15 887/20/15
f 890/22/15 884/20/15 892/23/15
f 887/20/15 891/23/15 886/21/15
f 892/23/15 884/20/15 886/21/15
f 886/21/15 891/23/15 893/24/15
f 892/23/15 886/21/15 893/24/15
f 895/22/69 890/22/70 894/22/70
f 890/22/70 895/22/69 889/22/69
f 889/22/69 896/23/176 891/23/176
f 896/23/176 889/22/69 895/22/69
f 891/23/176 897/24/26 893/24/26
f 897/24/26 891/23/176 896/23/176
f 893/24/26 898/23/177 892/23/177
f 898/23/177 893/24/26 897/24/26
f 892/23/177 894/22/70 890/22/70
f 894/22/70 892/23/177 898/23/177
f 901/21/1 900/20/178 899/20/178
f 900/20/178 901/21/1 902/21/1
f 903/20/179 899/20/178 900/20/178
f 899/20/178 903/20/179 904/20/179
f 904/20/179 902/21/1 901/21/1
f 902/21/1 904/20/179 903/20/179
f 907/23/180 906/22/180 905/22/180
f 906/22/180 907/23/180 903/20/180
f 900/20/180 906/22/180 903/20/180
f 906/22/180 900/20/180 908/23/180
f 903/20/180 907/23/180 902/21/180
f 908/23/180 900/20/180 902/21/180
f 902/21/180 907/23/180 909/24/180
f 908/23/180 902/21/180 909/24/180
f 911/22/182 906/22/181 910/22/181
f 906/22/181 911/22/182 905/22/182
f 905/22/182 912/23/183 907/23/183
f 912/23/183 905/22/182 911/22/182
f 907/23/183 913/24/26 909/24/26
f 913/24/26 907/23/183 912/23/183
f 909/24/26 914/23/184 908/23/184
f 914/23/184 909/24/26 913/24/26
f 908/23/184 910/22/181 906/22/181
f 910/22/181 908/23/184 914/23/184
f 917/25/26 916/25/26 915/25/26
f 916/25/26 917/25/26 918/25/26
f 919/26/7 920/26/7 921/27/7
f 924/27/185 923/26/185 922/26/185
f 922/26/185 925/26/185 924/27/185
f 921/27/7 926/26/7 919/26/7
f 929/29/4 928/29/4 927/28/4
f 930/28/7 931/29/7 932/29/7
f 934/29/186 933/29/186 489/28/186
f 935/28/187 936/29/187 937/29/187
f 46/30/30 938/25/30 45/30/30
f 938/25/30 46/30/30 939/25/30
f 940/31/28 59/31/28 57/31/28
f 64/32/28 940/31/28 57/31/28
f 941/25/28 940/31/28 64/32/28
f 941/25/28 64/32/28 63/33/28
f 940/31/28 43/30/28 59/31/28
f 43/30/28 940/31/28 941/25/28
f 941/25/28 63/33/28 942/34/28
f 941/25/28 942/34/28 938/25/28
f 942/34/28 63/33/28 65/34/28
f 65/34/28 938/25/28 942/34/28
f 66/34/28 938/25/28 65/34/28
f 59/31/28 43/30/28 943/31/28
f 45/30/28 943/31/28 43/30/28
f 943/31/28 45/30/28 938/25/28
f 71/32/28 59/31/28 943/31/28
f 943/31/28 938/25/28 71/32/28
f 71/32/28 938/25/28 72/33/28
f 944/34/28 938/25/28 66/34/28
f 72/33/28 938/25/28 944/34/28
f 66/34/28 72/33/28 944/34/28
f 950/34/52 152/33/52 146/34/52
f 146/34/52 947/25/52 950/34/52
f 950/34/52 947/25/52 152/33/52
f 145/34/52 947/25/52 146/34/52
f 949/34/52 947/25/52 145/34/52
f 145/34/52 143/33/52 949/34/52
f 947/25/52 949/34/52 948/25/52
f 949/34/52 143/33/52 948/25/52
f 947/25/52 128/30/52 946/31/52
f 126/30/52 946/31/52 128/30/52
f 948/25/52 945/31/52 126/30/52
f 946/31/52 126/30/52 945/31/52
f 143/33/52 144/32/52 948/25/52
f 144/32/52 945/31/52 948/25/52
f 152/33/52 947/25/52 151/32/52
f 151/32/52 947/25/52 946/31/52
f 946/31/52 139/31/52 151/32/52
f 139/31/52 946/31/52 945/31/52
f 137/31/52 945/31/52 144/32/52
f 137/31/52 139/31/52 945/31/52
f 178/30/7 951/25/7 177/30/7
f 951/25/7 178/30/7 952/25/7
f 953/31/15 191/31/15 189/31/15
f 196/32/15 953/31/15 189/31/15
f 954/25/15 953/31/15 196/32/15
f 954/25/15 196/32/15 195/33/15
f 953/31/15 175/30/15 191/31/15
f 175/30/15 953/31/15 954/25/15
f 954/25/15 195/33/15 955/34/15
f 954/25/15 955/34/15 951/25/15
f 955/34/15 195/33/15 197/34/15
f 197/34/15 951/25/15 955/34/15
f 198/34/15 951/25/15 197/34/15
f 191/31/15 175/30/15 956/31/15
f 177/30/15 956/31/15 175/30/15
f 956/31/15 177/30/15 951/25/15
f 203/32/15 191/31/15 956/31/15
f 956/31/15 951/25/15 203/32/15
f 203/32/15 951/25/15 204/33/15
f 957/34/15 951/25/15 198/34/15
f 204/33/15 951/25/15 957/34/15
f 198/34/15 204/33/15 957/34/15
f 958/25/15 223/30/15 226/30/15
f 223/30/15 958/25/15 224/33/15
f 224/33/15 958/25/15 242/34/15
f 242/34/15 958/25/15 240/34/15
f 959/25/15 240/34/15 958/25/15
f 959/25/15 244/33/15 240/34/15
f 228/30/15 244/33/15 959/25/15
f 244/33/15 228/30/15 230/30/15
f 966/34/82 316/33/82 310/34/82
f 966/34/82 960/25/82 316/33/82
f 310/34/82 960/25/82 966/34/82
f 316/33/82 960/25/82 315/32/82
f 315/32/82 960/25/82 965/31/82
f 965/31/82 303/31/82 315/32/82
f 960/25/82 289/30/82 965/31/82
f 287/30/82 965/31/82 289/30/82
f 965/31/82 287/30/82 303/31/82
f 309/34/82 960/25/82 310/34/82
f 964/34/82 960/25/82 309/34/82
f 309/34/82 307/33/82 964/34/82
f 960/25/82 964/34/82 963/25/82
f 964/34/82 307/33/82 963/25/82
f 963/25/82 962/31/82 287/30/82
f 303/31/82 287/30/82 962/31/82
f 307/33/82 308/32/82 963/25/82
f 308/32/82 962/31/82 963/25/82
f 301/31/82 962/31/82 308/32/82
f 301/31/82 303/31/82 962/31/82
f 961/25/84 290/30/84 960/25/84
f 289/30/84 960/25/84 290/30/84
f 972/34/98 364/33/98 358/34/98
f 358/34/98 969/25/98 972/34/98
f 972/34/98 969/25/98 364/33/98
f 357/34/98 969/25/98 358/34/98
f 971/34/98 969/25/98 357/34/98
f 357/34/98 355/33/98 971/34/98
f 969/25/98 971/34/98 970/25/98
f 971/34/98 355/33/98 970/25/98
f 969/25/98 340/30/98 968/31/98
f 338/30/98 968/31/98 340/30/98
f 970/25/98 967/31/98 338/30/98
f 968/31/98 338/30/98 967/31/98
f 355/33/98 356/32/98 970/25/98
f 356/32/98 967/31/98 970/25/98
f 364/33/98 969/25/98 363/32/98
f 363/32/98 969/25/98 968/31/98
f 968/31/98 351/31/98 363/32/98
f 351/31/98 968/31/98 967/31/98
f 349/31/98 967/31/98 356/32/98
f 349/31/98 351/31/98 967/31/98
f 978/34/113 412/33/113 406/34/113
f 406/34/113 975/25/113 978/34/113
f 978/34/113 975/25/113 412/33/113
f 405/34/113 975/25/113 406/34/113
f 977/34/113 975/25/113 405/34/113
f 405/34/113 403/33/113 977/34/113
f 975/25/113 977/34/113 976/25/113
f 977/34/113 403/33/113 976/25/113
f 975/25/113 388/30/113 974/31/113
f 386/30/113 974/31/113 388/30/113
f 976/25/113 973/31/113 386/30/113
f 974/31/113 386/30/113 973/31/113
f 403/33/113 404/32/113 976/25/113
f 404/32/113 973/31/113 976/25/113
f 412/33/113 975/25/113 411/32/113
f 411/32/113 975/25/113 974/31/113
f 974/31/113 399/31/113 411/32/113
f 399/31/113 974/31/113 973/31/113
f 397/31/113 973/31/113 404/32/113
f 397/31/113 399/31/113 973/31/113
f 438/30/30 979/25/30 437/30/30
f 979/25/30 438/30/30 980/25/30
f 981/31/28 451/31/28 449/31/28
f 456/32/28 981/31/28 449/31/28
f 982/25/28 981/31/28 456/32/28
f 982/25/28 456/32/28 455/33/28
f 981/31/28 435/30/28 451/31/28
f 435/30/28 981/31/28 982/25/28
f 982/25/28 455/33/28 983/34/28
f 982/25/28 983/34/28 979/25/28
f 983/34/28 455/33/28 457/34/28
f 457/34/28 979/25/28 983/34/28
f 458/34/28 979/25/28 457/34/28
f 451/31/28 435/30/28 984/31/28
f 437/30/28 984/31/28 435/30/28
f 984/31/28 437/30/28 979/25/28
f 463/32/28 451/31/28 984/31/28
f 984/31/28 979/25/28 463/32/28
f 463/32/28 979/25/28 464/33/28
f 985/34/28 979/25/28 458/34/28
f 464/33/28 979/25/28 985/34/28
f 458/34/28 464/33/28 985/34/28
f 992/34/129 516/33/129 510/34/129
f 992/34/129 986/25/129 516/33/129
f 510/34/129 986/25/129 992/34/129
f 516/33/129 986/25/129 515/32/129
f 515/32/129 986/25/129 991/31/129
f 991/31/129 503/31/129 515/32/129
f 986/25/129 489/30/129 991/31/129
f 487/30/129 991/31/129 489/30/129
f 991/31/129 487/30/129 503/31/129
f 509/34/129 986/25/129 510/34/129
f 990/34/129 986/25/129 509/34/129
f 509/34/129 507/33/129 990/34/129
f 986/25/129 990/34/129 989/25/129
f 990/34/129 507/33/129 989/25/129
f 989/25/129 988/31/129 487/30/129
f 503/31/129 487/30/129 988/31/129
f 507/33/129 508/32/129 989/25/129
f 508/32/129 988/31/129 989/25/129
f 501/31/129 988/31/129 508/32/129
f 501/31/129 503/31/129 988/31/129
f 987/25/131 490/30/131 986/25/131
f 489/30/131 986/25/131 490/30/131
f 999/34/82 568/33/82 562/34/82
f 999/34/82 993/25/82 568/33/82
f 562/34/82 993/25/82 999/34/82
f 568/33/82 993/25/82 567/32/82
f 567/32/82 993/25/82 998/31/82
f 998/31/82 555/31/82 567/32/82
f 993/25/82 541/30/82 998/31/82
f 539/30/82 998/31/82 541/30/82
f 998/31/82 539/30/82 555/31/82
f 561/34/82 993/25/82 562/34/82
f 997/34/82 993/25/82 561/34/82
f 561/34/82 559/33/82 997/34/82
f 993/25/82 997/34/82 996/25/82
f 997/34/82 559/33/82 996/25/82
f 996/25/82 995/31/82 539/30/82
f 555/31/82 539/30/82 995/31/82
f 559/33/82 560/32/82 996/25/82
f 560/32/82 995/31/82 996/25/82
f 553/31/82 995/31/82 560/32/82
f 553/31/82 555/31/82 995/31/82
f 994/25/84 542/30/84 993/25/84
f 541/30/84 993/25/84 542/30/84
f 490/30/7 1000/25/7 591/30/7
f 1000/25/7 490/30/7 987/25/7
f 1001/31/15 603/31/15 601/31/15
f 608/32/15 1001/31/15 601/31/15
f 1002/25/15 1001/31/15 608/32/15
f 1002/25/15 608/32/15 607/33/15
f 1001/31/15 589/30/15 603/31/15
f 589/30/15 1001/31/15 1002/25/15
f 1002/25/15 607/33/15 1003/34/15
f 1002/25/15 1003/34/15 1000/25/15
f 1003/34/15 607/33/15 609/34/15
f 609/34/15 1000/25/15 1003/34/15
f 610/34/15 1000/25/15 609/34/15
f 603/31/15 589/30/15 1004/31/15
f 591/30/15 1004/31/15 589/30/15
f 1004/31/15 591/30/15 1000/25/15
f 615/32/15 603/31/15 1004/31/15
f 1004/31/15 1000/25/15 615/32/15
f 615/32/15 1000/25/15 616/33/15
f 1005/34/15 1000/25/15 610/34/15
f 616/33/15 1000/25/15 1005/34/15
f 610/34/15 616/33/15 1005/34/15
f 1011/34/145 664/33/145 658/34/145
f 658/34/145 1008/25/145 1011/34/145
f 1011/34/145 1008/25/145 664/33/145
f 657/34/145 1008/25/145 658/34/145
f 1010/34/145 1008/25/145 657/34/145
f 657/34/145 655/33/145 1010/34/145
f 1008/25/145 1010/34/145 1009/25/145
f 1010/34/145 655/33/145 1009/25/145
f 1008/25/145 640/30/145 1007/31/145
f 638/30/145 1007/31/145 640/30/145
f 1009/25/145 1006/31/145 638/30/145
f 1007/31/145 638/30/145 1006/31/145
f 655/33/145 656/32/145 1009/25/145
f 656/32/145 1006/31/145 1009/25/145
f 664/33/145 1008/25/145 663/32/145
f 663/32/145 1008/25/145 1007/31/145
f 1007/31/145 651/31/145 663/32/145
f 651/31/145 1007/31/145 1006/31/145
f 649/31/145 1006/31/145 656/32/145
f 649/31/145 651/31/145 1006/31/145
f 1017/34/129 716/33/129 710/34/129
f 1017/34/129 933/25/129 716/33/129
f 710/34/129 933/25/129 1017/34/129
f 716/33/129 933/25/129 715/32/129
f 715/32/129 933/25/129 1016/31/129
f 1016/31/129 703/31/129 715/32/129
f 933/25/129 689/30/129 1016/31/129
f 687/30/129 1016/31/129 689/30/129
f 1016/31/129 687/30/129 703/31/129
f 709/34/129 933/25/129 710/34/129
f 1015/34/129 933/25/129 709/34/129
f 709/34/129 707/33/129 1015/34/129
f 933/25/129 1015/34/129 1014/25/129
f 1015/34/129 707/33/129 1014/25/129
f 1014/25/129 1013/31/129 687/30/129
f 703/31/129 687/30/129 1013/31/129
f 707/33/129 708/32/129 1014/25/129
f 708/32/129 1013/31/129 1014/25/129
f 701/31/129 1013/31/129 708/32/129
f 701/31/129 703/31/129 1013/31/129
f 1012/25/131 690/30/131 933/25/131
f 689/30/131 933/25/131 690/30/131
f 1018/25/166 735/30/166 738/30/166
f 735/30/166 1018/25/166 736/33/166
f 736/33/166 1018/25/166 752/34/166
f 752/34/166 1018/25/166 751/34/166
f 1019/25/166 751/34/166 1018/25/166
f 1019/25/166 756/33/166 751/34/166
f 740/30/166 756/33/166 1019/25/166
f 756/33/166 740/30/166 742/30/166
f 1022/35/4 1021/36/4 1020/35/4
f 1025/35/7 1024/35/7 1023/36/7
f 897/38/15 1024/35/15 1026/37/15
f 1020/35/15 897/38/15 1026/37/15
f 896/39/15 1024/35/15 897/38/15
f 1020/35/15 898/39/15 897/38/15
f 1020/35/15 894/40/15 898/39/15
f 1021/36/15 894/40/15 1020/35/15
f 895/40/15 1024/35/15 896/39/15
f 894/40/15 1021/36/15 895/40/15
f 895/40/15 1023/36/15 1024/35/15
f 1023/36/15 895/40/15 1021/36/15
f 1029/35/188 1028/36/188 1027/35/188
f 1032/35/189 1031/35/189 1030/36/189
f 913/38/180 1031/35/180 1033/37/180
f 1027/35/180 913/38/180 1033/37/180
f 912/39/180 1031/35/180 913/38/180
f 1027/35/180 914/39/180 913/38/180
f 1027/35/180 910/40/180 914/39/180
f 1028/36/180 910/40/180 1027/35/180
f 911/40/180 1031/35/180 912/39/180
f 910/40/180 1028/36/180 911/40/180
f 911/40/180 1030/36/180 1031/35/180
f 1030/36/180 911/40/180 1028/36/180
f 1042/46/195 1043/47/195 1044/48/195
f 1044/48/195 1043/47/195 1034/41/195
f 1043/47/195 921/47/195 1034/41/195
f 1034/41/195 921/47/195 1035/41/195
f 1045/47/195 1035/41/195 921/47/195
f 1042/46/193 1044/48/194 1041/45/193
f 1040/44/194 1041/45/193 1044/48/194
f 1040/44/194 1044/48/194 1036/42/190
f 1034/41/190 1036/42/190 1044/48/194
f 1043/47/7 1042/46/193 1039/43/7
f 1041/45/193 1039/43/7 1042/46/193
f 1041/45/192 1040/44/192 1039/43/192
f 1040/44/192 1036/42/192 1039/43/192
f 1039/43/192 1036/42/192 1038/43/192
f 1037/42/192 1038/43/192 1036/42/192
f 1037/42/191 1036/42/190 1035/41/191
f 1034/41/190 1035/41/191 1036/42/190
f 1048/42/196 1047/41/197 1046/41/196
f 1047/41/197 1048/42/196 1049/42/197
f 1048/42/198 1050/43/198 1049/42/198
f 1050/43/198 1048/42/198 1051/43/198
f 1051/43/198 1048/42/198 1052/44/198
f 1051/43/198 1052/44/198 1053/45/198
f 1054/46/199 1051/43/185 1053/45/199
f 1051/43/185 1054/46/199 1055/47/185
f 1056/48/200 1048/42/196 1046/41/196
f 1048/42/196 1056/48/200 1052/44/200
f 1056/48/200 1053/45/199 1052/44/200
f 1053/45/199 1056/48/200 1054/46/199
f 924/47/201 1047/41/201 1057/47/201
f 1047/41/201 924/47/201 1046/41/201
f 1046/41/201 924/47/201 1055/47/201
f 1046/41/201 1055/47/201 1056/48/201
f 1056/48/201 1055/47/201 1054/46/201
f 1064/46/207 1055/47/207 1065/48/207
f 1065/48/207 1055/47/207 1058/41/207
f 1055/47/207 924/47/207 1058/41/207
f 1058/41/207 924/47/207 1059/41/207
f 1057/47/207 1059/41/207 924/47/207
f 1064/46/205 1065/48/206 1063/45/205
f 1062/44/206 1063/45/205 1065/48/206
f 1062/44/206 1065/48/206 1060/42/202
f 1058/41/202 1060/42/202 1065/48/206
f 1055/47/185 1064/46/205 1051/43/185
f 1063/45/205 1051/43/185 1064/46/205
f 1063/45/204 1062/44/204 1051/43/204
f 1062/44/204 1060/42/204 1051/43/204
f 1051/43/204 1060/42/204 1050/43/204
f 1061/42/204 1050/43/204 1060/42/204
f 1061/42/203 1060/42/202 1059/41/203
f 1058/41/202 1059/41/203 1060/42/202
f 1068/42/208 1067/41/209 1066/41/208
f 1067/41/209 1068/42/208 1069/42/209
f 1068/42/210 1038/43/210 1069/42/210
f 1038/43/210 1068/42/210 1039/43/210
f 1039/43/210 1068/42/210 1070/44/210
f 1039/43/210 1070/44/210 1071/45/210
f 1072/46/211 1039/43/7 1071/45/211
f 1039/43/7 1072/46/211 1043/47/7
f 1073/48/212 1068/42/208 1066/41/208
f 1068/42/208 1073/48/212 1070/44/212
f 1073/48/212 1071/45/211 1070/44/212
f 1071/45/211 1073/48/212 1072/46/211
f 921/47/213 1067/41/213 1045/47/213
f 1067/41/213 921/47/213 1066/41/213
f 1066/41/213 921/47/213 1043/47/213
f 1066/41/213 1043/47/213 1073/48/213
f 1073/48/213 1043/47/213 1072/46/213
f 1076/49/215 1075/43/214 1074/49/214
f 1075/43/214 1076/49/215 1077/43/215
f 1080/50/216 1079/41/217 1078/41/216
f 1079/41/217 1080/50/216 1081/50/217
f 1084/52/219 1083/41/218 1082/51/218
f 1083/41/218 1084/52/219 1085/53/219
f 1081/50/217 1083/41/218 1079/41/217
f 1083/41/218 1081/50/217 1082/51/218
f 1086/54/220 1085/53/219 1084/52/219
f 1085/53/219 1086/54/220 1087/55/220
f 1077/43/215 1087/55/220 1086/54/220
f 1087/55/220 1077/43/215 1076/49/215
f 1076/49/221 1085/53/221 1087/55/221
f 1085/53/221 1076/49/221 1083/41/221
f 1083/41/221 1076/49/221 1079/41/221
f 1079/41/221 1076/49/221 1074/49/221
f 1079/41/221 1074/49/221 1078/41/221
f 1078/41/221 1074/49/221 1088/56/221
f 1078/41/221 1088/56/221 1089/41/221
f 1082/51/222 1086/54/222 1084/52/222
f 1086/54/222 1082/51/222 1077/43/222
f 1077/43/222 1082/51/222 1081/50/222
f 1077/43/222 1081/50/222 1075/43/222
f 1075/43/222 1081/50/222 1080/50/222
f 1096/50/222 1097/50/222 1091/43/222
f 1091/43/222 1097/50/222 1093/43/222
f 1097/50/222 1098/51/222 1093/43/222
f 1093/43/222 1098/51/222 1102/54/222
f 1100/52/222 1102/54/222 1098/51/222
f 1105/41/221 1104/56/221 1094/41/221
f 1104/56/221 1090/49/221 1094/41/221
f 1094/41/221 1090/49/221 1095/41/221
f 1090/49/221 1092/49/221 1095/41/221
f 1095/41/221 1092/49/221 1099/41/221
f 1099/41/221 1092/49/221 1101/53/221
f 1103/55/221 1101/53/221 1092/49/221
f 1092/49/223 1093/43/223 1103/55/227
f 1102/54/227 1103/55/227 1093/43/223
f 1103/55/227 1102/54/227 1101/53/226
f 1100/52/226 1101/53/226 1102/54/227
f 1098/51/225 1097/50/224 1099/41/225
f 1095/41/224 1099/41/225 1097/50/224
f 1101/53/226 1100/52/226 1099/41/225
f 1098/51/225 1099/41/225 1100/52/226
f 1097/50/224 1096/50/216 1095/41/224
f 1094/41/216 1095/41/224 1096/50/216
f 1093/43/223 1092/49/223 1091/43/214
f 1090/49/214 1091/43/214 1092/49/223
f 1108/57/222 1107/43/222 1106/57/222
f 1107/43/222 1108/57/222 1109/43/222
f 1108/57/216 1111/41/216 1110/41/216
f 1111/41/216 1108/57/216 1106/57/216
f 1113/58/221 1111/41/221 1112/58/221
f 1111/41/221 1113/58/221 1110/41/221
f 1116/57/228 1115/43/228 1114/57/228
f 1115/43/228 1116/57/228 1117/43/228
f 1116/57/229 1119/41/229 1118/41/229
f 1119/41/229 1116/57/229 1114/57/229
f 1121/58/230 1119/41/230 1120/58/230
f 1119/41/230 1121/58/230 1118/41/230
f 1124/49/232 1123/43/231 1122/49/231
f 1123/43/231 1124/49/232 1125/43/232
f 1128/50/229 1127/41/233 1126/41/229
f 1127/41/233 1128/50/229 1129/50/233
f 1132/52/235 1131/41/234 1130/51/234
f 1131/41/234 1132/52/235 1133/53/235
f 1129/50/233 1131/41/234 1127/41/233
f 1131/41/234 1129/50/233 1130/51/234
f 1134/54/236 1133/53/235 1132/52/235
f 1133/53/235 1134/54/236 1135/55/236
f 1125/43/232 1135/55/236 1134/54/236
f 1135/55/236 1125/43/232 1124/49/232
f 1124/49/230 1133/53/230 1135/55/230
f 1133/53/230 1124/49/230 1131/41/230
f 1131/41/230 1124/49/230 1127/41/230
f 1127/41/230 1124/49/230 1122/49/230
f 1127/41/230 1122/49/230 1126/41/230
f 1126/41/230 1122/49/230 1136/56/230
f 1126/41/230 1136/56/230 1137/41/230
f 1130/51/228 1134/54/228 1132/52/228
f 1134/54/228 1130/51/228 1125/43/228
f 1125/43/228 1130/51/228 1129/50/228
f 1125/43/228 1129/50/228 1123/43/228
f 1123/43/228 1129/50/228 1128/50/228
f 1144/50/228 1145/50/228 1139/43/228
f 1139/43/228 1145/50/228 1141/43/228
f 1145/50/228 1146/51/228 1141/43/228
f 1141/43/228 1146/51/228 1150/54/228
f 1148/52/228 1150/54/228 1146/51/228
f 1153/41/230 1152/56/230 1142/41/230
f 1152/56/230 1138/49/230 1142/41/230
f 1142/41/230 1138/49/230 1143/41/230
f 1138/49/230 1140/49/230 1143/41/230
f 1143/41/230 1140/49/230 1147/41/230
f 1147/41/230 1140/49/230 1149/53/230
f 1151/55/230 1149/53/230 1140/49/230
f 1140/49/237 1141/43/237 1151/55/241
f 1150/54/241 1151/55/241 1141/43/237
f 1151/55/241 1150/54/241 1149/53/240
f 1148/52/240 1149/53/240 1150/54/241
f 1146/51/239 1145/50/238 1147/41/239
f 1143/41/238 1147/41/239 1145/50/238
f 1149/53/240 1148/52/240 1147/41/239
f 1146/51/239 1147/41/239 1148/52/240
f 1145/50/238 1144/50/229 1143/41/238
f 1142/41/229 1143/41/238 1144/50/229
f 1141/43/237 1140/49/237 1139/43/231
f 1138/49/231 1139/43/231 1140/49/237
f 1156/42/209 1155/41/209 1154/41/209
f 1155/41/209 1156/42/209 1157/42/209
f 1159/46/213 1155/41/213 1158/46/213
f 1155/41/213 1159/46/213 1154/41/213
f 1156/42/210 1160/43/210 1157/42/210
f 1160/43/210 1156/42/210 1161/43/210
f 1026/61/242 1162/60/242 1020/59/242
f 1162/60/242 1026/61/242 1163/62/242
f 1163/62/242 1026/61/242 1164/61/242
f 1166/63/4 1020/59/244 1165/63/243
f 1020/59/244 1166/63/4 1022/59/4
f 1167/64/245 1166/63/245 1165/63/245
f 1166/63/245 1167/64/245 1168/43/245
f 1168/43/245 1167/64/245 1169/65/245
f 1168/43/245 1169/65/245 1170/43/245
f 1025/59/7 1171/63/247 1024/59/246
f 1171/63/247 1025/59/7 1172/63/7
f 1175/64/250 1174/62/249 1173/60/248
f 1174/62/249 1175/64/250 1176/65/251
f 1165/63/243 1162/60/253 1167/64/252
f 1162/60/253 1165/63/243 1020/59/244
f 1176/65/254 1168/43/254 1170/43/254
f 1168/43/254 1176/65/254 1172/63/254
f 1172/63/254 1176/65/254 1175/64/254
f 1172/63/254 1175/64/254 1171/63/254
f 1024/59/255 1164/61/255 1026/61/255
f 1164/61/255 1024/59/255 1174/62/255
f 1174/62/255 1024/59/255 1173/60/255
f 1163/62/256 1167/64/252 1162/60/253
f 1167/64/252 1163/62/256 1169/65/257
f 1176/65/251 1164/61/15 1174/62/249
f 1164/61/15 1176/65/251 1170/43/15
f 1169/65/257 1164/61/15 1170/43/15
f 1164/61/15 1169/65/257 1163/62/256
f 1024/59/246 1175/64/250 1173/60/248
f 1175/64/250 1024/59/246 1171/63/247
f 1179/42/258 1178/41/258 1177/41/258
f 1178/41/258 1179/42/258 1180/42/258
f 1182/46/259 1178/41/259 1181/46/259
f 1178/41/259 1182/46/259 1177/41/259
f 1179/42/260 1161/43/260 1180/42/260
f 1161/43/260 1179/42/260 1160/43/260
f 1033/61/261 1183/60/261 1027/59/261
f 1183/60/261 1033/61/261 1184/62/261
f 1184/62/261 1033/61/261 1185/61/261
f 1187/63/188 1027/59/263 1186/63/262
f 1027/59/263 1187/63/188 1029/59/188
f 1188/64/264 1187/63/264 1186/63/264
f 1187/63/264 1188/64/264 1189/43/264
f 1189/43/264 1188/64/264 1190/65/264
f 1189/43/264 1190/65/264 1191/43/264
f 1032/59/189 1192/63/266 1031/59/265
f 1192/63/266 1032/59/189 1193/63/189
f 1196/64/269 1195/62/268 1194/60/267
f 1195/62/268 1196/64/269 1197/65/270
f 1186/63/262 1183/60/272 1188/64/271
f 1183/60/272 1186/63/262 1027/59/263
f 1197/65/273 1189/43/273 1191/43/273
f 1189/43/273 1197/65/273 1193/63/273
f 1193/63/273 1197/65/273 1196/64/273
f 1193/63/273 1196/64/273 1192/63/273
f 1031/59/274 1185/61/274 1033/61/274
f 1185/61/274 1031/59/274 1195/62/274
f 1195/62/274 1031/59/274 1194/60/274
f 1184/62/275 1188/64/271 1183/60/272
f 1188/64/271 1184/62/275 1190/65/276
f 1197/65/270 1185/61/180 1195/62/268
f 1185/61/180 1197/65/270 1191/43/180
f 1190/65/276 1185/61/180 1191/43/180
f 1185/61/180 1190/65/276 1184/62/275
f 1031/59/265 1196/64/269 1194/60/267
f 1196/64/269 1031/59/265 1192/63/266
f 81/67/28 75/66/28 83/66/28
f 75/66/28 81/67/28 77/67/28
f 157/67/52 161/67/52 155/66/52
f 163/66/52 155/66/52 161/67/52
f 213/67/15 207/66/15 215/66/15
f 207/66/15 213/67/15 209/67/15
f 251/69/15 255/68/15 252/68/15
f 255/68/15 251/69/15 256/69/15
f 259/71/15 263/70/15 260/70/15
f 263/70/15 259/71/15 264/71/15
f 321/67/82 325/67/82 319/66/82
f 327/66/82 319/66/82 325/67/82
f 369/67/98 373/67/98 367/66/98
f 375/66/98 367/66/98 373/67/98
f 417/67/113 421/67/113 415/66/113
f 423/66/113 415/66/113 421/67/113
f 473/67/28 467/66/28 475/66/28
f 467/66/28 473/67/28 469/67/28
f 521/67/129 525/67/129 519/66/129
f 527/66/129 519/66/129 525/67/129
f 573/67/82 577/67/82 571/66/82
f 579/66/82 571/66/82 577/67/82
f 625/67/15 619/66/15 627/66/15
f 619/66/15 625/67/15 621/67/15
f 669/67/145 673/67/145 667/66/145
f 675/66/145 667/66/145 673/67/145
f 721/67/129 725/67/129 719/66/129
f 727/66/129 719/66/129 725/67/129
f 885/73/15 883/72/15 888/72/15
f 901/73/180 899/72/180 904/72/180
f 118/74/26 117/74/26 116/74/26
f 117/74/26 118/74/26 115/74/26
f 115/74/26 118/74/26 119/74/26
f 115/74/26 119/74/26 120/74/26
f 115/74/26 120/74/26 113/74/26
f 115/74/26 113/74/26 114/74/26
f 806/74/26 805/74/26 804/74/26
f 805/74/26 806/74/26 803/74/26
f 803/74/26 806/74/26 807/74/26
f 803/74/26 807/74/26 808/74/26
f 803/74/26 808/74/26 801/74/26
f 803/74/26 801/74/26 802/74/26
f 1200/75/279 1199/75/278 1198/75/277
f 1199/75/278 1200/75/279 1201/75/280
f 1201/75/280 1200/75/279 1202/75/281
f 1201/75/280 1202/75/281 1203/75/282
f 1206/77/285 1205/76/284 1204/76/283
f 1205/76/284 1206/77/285 1207/77/286
f 1209/76/288 1207/77/286 1208/77/287
f 1207/77/286 1209/76/288 1205/76/284
f 1204/76/283 1210/77/289 1206/77/285
f 1210/77/289 1204/76/283 1211/76/290
f 1211/76/290 1212/77/291 1210/77/289
f 1212/77/291 1211/76/290 1213/76/292
f 1215/76/294 1208/77/287 1214/77/293
f 1208/77/287 1215/76/294 1209/76/288
f 1215/76/294 1212/77/291 1213/76/292
f 1212/77/291 1215/76/294 1214/77/293
f 1205/76/284 1202/75/281 1204/76/283
f 1202/75/281 1205/76/284 1203/75/282
f 1199/75/278 1209/76/288 1215/76/294
f 1209/76/288 1199/75/278 1201/75/280
f 1198/75/277 1215/76/294 1213/76/292
f 1215/76/294 1198/75/277 1199/75/278
f 1201/75/280 1205/76/284 1209/76/288
f 1205/76/284 1201/75/280 1203/75/282
f 1200/75/279 1213/76/292 1211/76/290
f 1213/76/292 1200/75/279 1198/75/277
f 1202/75/281 1211/76/290 1204/76/283
f 1211/76/290 1202/75/281 1200/75/279
f 1218/75/297 1217/75/296 1216/75/295
f 1217/75/296 1218/75/297 1219/75/298
f 1219/75/298 1218/75/297 1220/75/299
f 1219/75/298 1220/75/299 1221/75/300
f 1224/77/303 1223/76/302 1222/76/301
f 1223/76/302 1224/77/303 1225/77/304
f 1227/76/306 1225/77/304 1226/77/305
f 1225/77/304 1227/76/306 1223/76/302
f 1222/76/301 1228/77/307 1224/77/303
f 1228/77/307 1222/76/301 1229/76/308
f 1229/76/308 1230/77/309 1228/77/307
f 1230/77/309 1229/76/308 1231/76/310
f 1233/76/312 1226/77/305 1232/77/311
f 1226/77/305 1233/76/312 1227/76/306
f 1233/76/312 1230/77/309 1231/76/310
f 1230/77/309 1233/76/312 1232/77/311
f 1223/76/302 1220/75/299 1222/76/301
f 1220/75/299 1223/76/302 1221/75/300
f 1217/75/296 1227/76/306 1233/76/312
f 1227/76/306 1217/75/296 1219/75/298
f 1216/75/295 1233/76/312 1231/76/310
f 1233/76/312 1216/75/295 1217/75/296
f 1219/75/298 1223/76/302 1227/76/306
f 1223/76/302 1219/75/298 1221/75/300
f 1218/75/297 1231/76/310 1229/76/308
f 1231/76/310 1218/75/297 1216/75/295
f 1220/75/299 1229/76/308 1222/76/301
f 1229/76/308 1220/75/299 1218/75/297
f 1236/75/279 1235/75/278 1234/75/277
f 1235/75/278 1236/75/279 1237/75/280
f 1237/75/280 1236/75/279 1238/75/281
f 1237/75/280 1238/75/281 1239/75/282
f 1242/77/285 1241/76/284 1240/76/283
f 1241/76/284 1242/77/285 1243/77/286
f 1245/76/288 1243/77/286 1244/77/287
f 1243/77/286 1245/76/288 1241/76/284
f 1240/76/283 1246/77/289 1242/77/285
f 1246/77/289 1240/76/283 1247/76/290
f 1247/76/290 1248/77/291 1246/77/289
f 1248/77/291 1247/76/290 1249/76/292
f 1251/76/294 1244/77/287 1250/77/293
f 1244/77/287 1251/76/294 1245/76/288
f 1251/76/294 1248/77/291 1249/76/292
f 1248/77/291 1251/76/294 1250/77/293
f 1241/76/284 1238/75/281 1240/76/283
f 1238/75/281 1241/76/284 1239/75/282
f 1235/75/278 1245/76/288 1251/76/294
f 1245/76/288 1235/75/278 1237/75/280
f 1234/75/277 1251/76/294 1249/76/292
f 1251/76/294 1234/75/277 1235/75/278
f 1237/75/280 1241/76/284 1245/76/288
f 1241/76/284 1237/75/280 1239/75/282
f 1236/75/279 1249/76/292 1247/76/290
f 1249/76/292 1236/75/279 1234/75/277
f 1238/75/281 1247/76/290 1240/76/283
f 1247/76/290 1238/75/281 1236/75/279
f 1254/75/297 1253/75/296 1252/75/295
f 1253/75/296 1254/75/297 1255/75/298
f 1255/75/298 1254/75/297 1256/75/299
f 1255/75/298 1256/75/299 1257/75/300
f 1260/77/303 1259/76/302 1258/76/301
f 1259/76/302 1260/77/303 1261/77/304
f 1263/76/306 1261/77/304 1262/77/305
f 1261/77/304 1263/76/306 1259/76/302
f 1258/76/301 1264/77/307 1260/77/303
f 1264/77/307 1258/76/301 1265/76/308
f 1265/76/308 1266/77/309 1264/77/307
f 1266/77/309 1265/76/308 1267/76/310
f 1269/76/312 1262/77/305 1268/77/311
f 1262/77/305 1269/76/312 1263/76/306
f 1269/76/312 1266/77/309 1267/76/310
f 1266/77/309 1269/76/312 1268/77/311
f 1259/76/302 1256/75/299 1258/76/301
f 1256/75/299 1259/76/302 1257/75/300
f 1253/75/296 1263/76/306 1269/76/312
f 1263/76/306 1253/75/296 1255/75/298
f 1252/75/295 1269/76/312 1267/76/310
f 1269/76/312 1252/75/295 1253/75/296
f 1255/75/298 1259/76/302 1263/76/306
f 1259/76/302 1255/75/298 1257/75/300
f 1254/75/297 1267/76/310 1265/76/308
f 1267/76/310 1254/75/297 1252/75/295
f 1256/75/299 1265/76/308 1258/76/301
f 1265/76/308 1256/75/299 1254/75/297
f 234/78/15 250/79/15 235/78/15
f 250/79/15 234/78/15 248/80/15
f 253/79/15 235/78/15 250/79/15
f 235/78/15 253/79/15 247/80/15
f 250/79/15 248/80/15 249/81/15
f 247/80/15 253/79/15 254/81/15
f 249/81/15 258/82/15 254/81/15
f 249/81/15 248/80/15 258/82/15
f 261/82/15 254/81/15 258/82/15
f 247/80/15 254/81/15 261/82/15
f 258/82/15 248/80/15 257/83/15
f 247/80/15 261/82/15 262/83/15
f 257/83/15 248/80/15 262/83/15
f 247/80/15 262/83/15 248/80/15
f 760/80/166 746/78/166 748/78/166
f 746/78/166 760/80/166 759/80/166
g building-type-t
usemtl colormap
f 3/1/1 2/1/1 1/1/1
f 2/1/1 3/1/1 4/1/1
f 7/3/4 6/2/3 5/2/2
f 6/2/3 7/3/4 8/3/5
f 11/2/8 10/3/7 9/2/6
f 10/3/7 11/2/8 12/3/9
f 6/2/5 14/1/10 13/1/5
f 14/1/10 6/2/5 15/2/10
f 7/3/4 17/2/12 16/3/11
f 17/2/12 7/3/4 5/2/2
f 18/3/10 11/2/8 15/2/13
f 11/2/8 18/3/10 12/3/9
f 20/3/15 17/2/12 19/2/14
f 17/2/12 20/3/15 16/3/11
f 22/3/17 19/2/14 21/2/16
f 19/2/14 22/3/17 20/3/15
f 24/4/19 7/3/4 23/4/18
f 7/3/4 24/4/19 8/3/5
f 15/2/10 25/1/9 14/1/10
f 25/1/9 15/2/10 11/2/9
f 21/2/17 27/1/15 26/1/17
f 27/1/15 21/2/17 19/2/15
f 28/1/7 21/2/17 26/1/17
f 21/2/17 28/1/7 9/2/7
f 8/3/5 15/2/13 6/2/3
f 15/2/13 8/3/5 18/3/10
f 29/4/20 20/3/15 22/3/17
f 20/3/15 29/4/20 30/4/21
f 31/4/22 7/3/4 16/3/11
f 7/3/4 31/4/22 23/4/18
f 30/4/21 16/3/11 20/3/15
f 16/3/11 30/4/21 31/4/22
f 21/2/16 10/3/7 22/3/17
f 10/3/7 21/2/16 9/2/6
f 32/4/23 12/3/9 18/3/10
f 12/3/9 32/4/23 33/4/24
f 10/3/7 29/4/20 22/3/17
f 29/4/20 10/3/7 34/4/25
f 31/4/26 24/4/26 23/4/26
f 24/4/26 31/4/26 30/4/26
f 24/4/26 30/4/26 32/4/26
f 32/4/26 30/4/26 29/4/26
f 32/4/26 29/4/26 33/4/26
f 33/4/26 29/4/26 34/4/26
f 5/2/4 35/1/11 17/2/11
f 35/1/11 5/2/4 36/1/4
f 19/2/15 35/1/11 27/1/15
f 35/1/11 19/2/15 17/2/11
f 10/3/7 33/4/24 34/4/25
f 33/4/24 10/3/7 12/3/9
f 6/2/5 36/1/4 5/2/4
f 36/1/4 6/2/5 13/1/5
f 24/4/19 18/3/10 8/3/5
f 18/3/10 24/4/19 32/4/23
f 25/1/9 9/2/7 28/1/7
f 9/2/7 25/1/9 11/2/9
f 39/1/1 38/1/1 37/1/1
f 38/1/1 39/1/1 40/1/1
f 38/1/1 40/1/1 41/1/1
f 44/5/26 43/5/26 42/5/26
f 43/5/26 44/5/26 45/5/26
f 45/5/26 44/5/26 46/5/26
f 46/5/26 44/5/26 47/5/26
f 47/5/26 44/5/26 48/5/26
f 44/5/27 37/1/28 38/1/27
f 37/1/28 44/5/27 42/5/28
f 40/1/30 48/5/29 41/1/29
f 48/5/29 40/1/30 47/5/30
f 41/1/29 44/5/27 38/1/27
f 44/5/27 41/1/29 48/5/29
f 51/6/32 50/6/31 49/6/31
f 50/6/31 51/6/32 52/6/32
f 54/7/33 50/6/31 53/7/33
f 50/6/31 54/7/33 49/6/31
f 55/7/34 54/7/33 53/7/33
f 54/7/33 55/7/34 56/7/34
f 51/6/32 55/7/34 52/6/32
f 55/7/34 51/6/32 56/7/34
f 59/8/36 58/8/35 57/8/35
f 58/8/35 59/8/36 60/8/36
f 63/9/37 62/10/38 61/9/37
f 62/10/38 63/9/37 64/10/38
f 67/3/39 66/3/40 65/3/39
f 66/3/40 67/3/39 68/3/40
f 71/10/41 70/9/42 69/10/41
f 70/9/42 71/10/41 72/9/42
f 62/10/38 57/8/35 58/8/35
f 57/8/35 62/10/38 64/10/38
f 59/8/36 69/10/41 60/8/36
f 69/10/41 59/8/36 71/10/41
f 65/3/39 61/9/37 67/3/39
f 61/9/37 65/3/39 63/9/37
f 72/9/42 68/3/40 70/9/42
f 68/3/40 72/9/42 66/3/40
f 69/10/28 58/8/28 60/8/28
f 58/8/28 69/10/28 62/10/28
f 62/10/28 69/10/28 55/7/28
f 55/7/28 69/10/28 70/9/28
f 53/7/28 62/10/28 55/7/28
f 55/7/28 70/9/28 52/6/28
f 62/10/28 53/7/28 61/9/28
f 52/6/28 70/9/28 50/6/28
f 61/9/28 53/7/28 50/6/28
f 61/9/28 50/6/28 70/9/28
f 61/9/28 70/9/28 68/3/28
f 61/9/28 68/3/28 67/3/28
f 75/11/33 74/12/30 73/11/33
f 74/12/30 75/11/33 76/13/30
f 77/14/31 76/13/30 75/11/33
f 76/13/30 77/14/31 78/14/31
f 81/14/32 80/13/43 79/14/32
f 80/13/43 81/14/32 82/12/43
f 83/11/34 82/12/43 81/14/32
f 82/12/43 83/11/34 84/11/34
f 81/14/32 78/14/31 77/14/31
f 78/14/31 81/14/32 79/14/32
f 84/11/34 75/11/33 73/11/33
f 75/11/33 84/11/34 83/11/34
f 80/13/28 85/15/28 79/14/28
f 79/14/28 85/15/28 78/14/28
f 86/15/28 78/14/28 85/15/28
f 86/15/28 76/13/28 78/14/28
f 74/12/28 80/13/28 76/13/28
f 86/15/28 74/12/28 76/13/28
f 80/13/28 74/12/28 82/12/28
f 82/12/28 85/15/28 80/13/28
f 86/15/28 73/11/28 74/12/28
f 87/1/28 73/11/28 86/15/28
f 84/11/28 85/15/28 82/12/28
f 73/11/28 87/1/28 84/11/28
f 84/11/28 88/1/28 85/15/28
f 88/1/28 84/11/28 87/1/28
f 91/4/4 90/1/44 89/4/44
f 90/1/44 91/4/4 92/1/4
f 95/4/45 94/1/46 93/1/45
f 94/1/46 95/4/45 96/4/46
f 94/1/46 98/4/11 97/1/11
f 98/4/11 94/1/46 96/4/46
f 89/4/44 97/1/11 98/4/11
f 97/1/11 89/4/44 90/1/44
f 101/1/7 100/4/47 99/1/47
f 100/4/47 101/1/7 102/4/7
f 99/1/47 104/4/17 103/1/17
f 104/4/17 99/1/47 100/4/47
f 104/4/17 93/1/45 103/1/17
f 93/1/45 104/4/17 95/4/45
f 101/1/1 90/1/1 92/1/1
f 90/1/1 101/1/1 97/1/1
f 97/1/1 101/1/1 94/1/1
f 94/1/1 101/1/1 93/1/1
f 93/1/1 101/1/1 103/1/1
f 103/1/1 101/1/1 99/1/1
f 102/4/26 104/4/26 100/4/26
f 105/4/26 104/4/26 102/4/26
f 106/4/26 104/4/26 105/4/26
f 107/4/26 104/4/26 106/4/26
f 107/4/26 95/4/26 104/4/26
f 108/4/26 95/4/26 107/4/26
f 109/4/26 95/4/26 108/4/26
f 109/4/26 96/4/26 95/4/26
f 110/4/26 96/4/26 109/4/26
f 110/4/26 98/4/26 96/4/26
f 98/4/26 110/4/26 111/4/26
f 112/4/26 98/4/26 111/4/26
f 91/4/26 98/4/26 112/4/26
f 98/4/26 91/4/26 89/4/26
f 106/4/48 113/16/5 107/4/5
f 113/16/5 106/4/48 114/16/48
f 105/4/4 114/16/48 106/4/48
f 114/16/48 105/4/4 115/16/4
f 117/16/7 111/4/49 116/16/49
f 111/4/49 117/16/7 112/4/7
f 116/16/49 110/4/9 118/16/9
f 110/4/9 116/16/49 111/4/49
f 110/4/9 119/16/50 118/16/9
f 119/16/50 110/4/9 109/4/50
f 109/4/50 120/16/51 119/16/50
f 120/16/51 109/4/50 108/4/51
f 108/4/51 113/16/5 120/16/51
f 113/16/5 108/4/51 107/4/5
f 147/3/52 148/3/52 141/9/52
f 148/3/52 150/9/52 141/9/52
f 150/9/52 130/6/52 141/9/52
f 130/6/52 133/7/52 141/9/52
f 130/6/52 150/9/52 132/6/52
f 141/9/52 133/7/52 142/10/52
f 132/6/52 150/9/52 135/7/52
f 135/7/52 142/10/52 133/7/52
f 150/9/52 149/10/52 135/7/52
f 135/7/52 149/10/52 142/10/52
f 142/10/52 149/10/52 138/8/52
f 140/8/52 138/8/52 149/10/52
f 152/9/64 150/9/64 146/3/62
f 148/3/62 146/3/62 150/9/64
f 143/9/59 145/3/61 141/9/59
f 147/3/61 141/9/59 145/3/61
f 151/10/63 139/8/58 149/10/63
f 140/8/58 149/10/63 139/8/58
f 144/10/60 142/10/60 137/8/57
f 138/8/57 137/8/57 142/10/60
f 152/9/64 151/10/63 150/9/64
f 149/10/63 150/9/64 151/10/63
f 148/3/62 147/3/61 146/3/62
f 145/3/61 146/3/62 147/3/61
f 144/10/60 143/9/59 142/10/60
f 141/9/59 142/10/60 143/9/59
f 140/8/58 139/8/58 138/8/57
f 137/8/57 138/8/57 139/8/58
f 136/7/56 131/6/54 135/7/56
f 132/6/54 135/7/56 131/6/54
f 136/7/56 135/7/56 134/7/55
f 133/7/55 134/7/55 135/7/56
f 129/6/53 134/7/55 130/6/53
f 133/7/55 130/6/53 134/7/55
f 132/6/54 131/6/54 130/6/53
f 129/6/53 130/6/53 131/6/54
f 125/5/52 127/5/52 121/1/52
f 122/1/52 121/1/52 127/5/52
f 128/5/26 127/5/26 126/5/26
f 125/5/26 126/5/26 127/5/26
f 124/1/1 123/1/1 122/1/1
f 121/1/1 122/1/1 123/1/1
f 167/1/52 164/11/52 168/1/52
f 165/15/52 168/1/52 164/11/52
f 164/11/52 167/1/52 153/11/52
f 162/12/52 165/15/52 164/11/52
f 166/15/52 153/11/52 167/1/52
f 154/12/52 153/11/52 166/15/52
f 160/13/52 165/15/52 162/12/52
f 162/12/52 154/12/52 160/13/52
f 156/13/52 154/12/52 166/15/52
f 156/13/52 160/13/52 154/12/52
f 158/14/52 156/13/52 166/15/52
f 165/15/52 158/14/52 166/15/52
f 158/14/52 165/15/52 159/14/52
f 159/14/52 165/15/52 160/13/52
f 163/11/56 164/11/56 155/11/55
f 153/11/55 155/11/55 164/11/56
f 159/14/54 161/14/54 158/14/53
f 157/14/53 158/14/53 161/14/54
f 164/11/56 163/11/56 162/12/66
f 161/14/54 162/12/66 163/11/56
f 162/12/66 161/14/54 160/13/66
f 159/14/54 160/13/66 161/14/54
f 158/14/53 157/14/53 156/13/65
f 155/11/55 156/13/65 157/14/53
f 156/13/65 155/11/55 154/12/65
f 153/11/55 154/12/65 155/11/55
f 171/1/1 170/1/1 169/1/1
f 170/1/1 171/1/1 172/1/1
f 170/1/1 172/1/1 173/1/1
f 176/5/26 175/5/26 174/5/26
f 175/5/26 176/5/26 177/5/26
f 177/5/26 176/5/26 178/5/26
f 178/5/26 176/5/26 179/5/26
f 179/5/26 176/5/26 180/5/26
f 176/5/67 169/1/15 170/1/67
f 169/1/15 176/5/67 174/5/15
f 172/1/7 180/5/68 173/1/68
f 180/5/68 172/1/7 179/5/7
f 173/1/68 176/5/67 170/1/67
f 176/5/67 173/1/68 180/5/68
f 183/6/70 182/6/69 181/6/69
f 182/6/69 183/6/70 184/6/70
f 186/7/71 182/6/69 185/7/71
f 182/6/69 186/7/71 181/6/69
f 187/7/72 186/7/71 185/7/71
f 186/7/71 187/7/72 188/7/72
f 183/6/70 187/7/72 184/6/70
f 187/7/72 183/6/70 188/7/72
f 191/8/74 190/8/73 189/8/73
f 190/8/73 191/8/74 192/8/74
f 195/9/75 194/10/76 193/9/75
f 194/10/76 195/9/75 196/10/76
f 199/3/77 198/3/78 197/3/77
f 198/3/78 199/3/77 200/3/78
f 203/10/79 202/9/80 201/10/79
f 202/9/80 203/10/79 204/9/80
f 194/10/76 189/8/73 190/8/73
f 189/8/73 194/10/76 196/10/76
f 191/8/74 201/10/79 192/8/74
f 201/10/79 191/8/74 203/10/79
f 197/3/77 193/9/75 199/3/77
f 193/9/75 197/3/77 195/9/75
f 204/9/80 200/3/78 202/9/80
f 200/3/78 204/9/80 198/3/78
f 201/10/15 190/8/15 192/8/15
f 190/8/15 201/10/15 194/10/15
f 194/10/15 201/10/15 187/7/15
f 187/7/15 201/10/15 202/9/15
f 185/7/15 194/10/15 187/7/15
f 187/7/15 202/9/15 184/6/15
f 194/10/15 185/7/15 193/9/15
f 184/6/15 202/9/15 182/6/15
f 193/9/15 185/7/15 182/6/15
f 193/9/15 182/6/15 202/9/15
f 193/9/15 202/9/15 200/3/15
f 193/9/15 200/3/15 199/3/15
f 207/11/71 206/12/7 205/11/71
f 206/12/7 207/11/71 208/13/7
f 209/14/69 208/13/7 207/11/71
f 208/13/7 209/14/69 210/14/69
f 213/14/70 212/13/4 211/14/70
f 212/13/4 213/14/70 214/12/4
f 215/11/72 214/12/4 213/14/70
f 214/12/4 215/11/72 216/11/72
f 213/14/70 210/14/69 209/14/69
f 210/14/69 213/14/70 211/14/70
f 216/11/72 207/11/71 205/11/71
f 207/11/71 216/11/72 215/11/72
f 212/13/15 217/15/15 211/14/15
f 211/14/15 217/15/15 210/14/15
f 218/15/15 210/14/15 217/15/15
f 218/15/15 208/13/15 210/14/15
f 206/12/15 212/13/15 208/13/15
f 218/15/15 206/12/15 208/13/15
f 212/13/15 206/12/15 214/12/15
f 214/12/15 217/15/15 212/13/15
f 218/15/15 205/11/15 206/12/15
f 219/1/15 205/11/15 218/15/15
f 216/11/15 217/15/15 214/12/15
f 205/11/15 219/1/15 216/11/15
f 216/11/15 220/1/15 217/15/15
f 220/1/15 216/11/15 219/1/15
f 223/5/7 222/9/80 221/5/7
f 222/9/80 223/5/7 224/9/80
f 225/5/26 223/5/26 221/5/26
f 223/5/26 225/5/26 226/5/26
f 229/5/26 228/5/26 227/5/26
f 228/5/26 229/5/26 230/5/26
f 233/1/1 232/1/1 231/1/1
f 234/1/1 232/1/1 233/1/1
f 235/1/1 232/1/1 234/1/1
f 232/1/1 235/1/1 236/1/1
f 237/1/1 236/1/1 235/1/1
f 236/1/1 237/1/1 238/1/1
f 241/3/78 240/3/77 239/3/77
f 240/3/77 241/3/78 242/3/78
f 244/9/75 229/5/4 243/9/75
f 229/5/4 244/9/75 230/5/4
f 224/9/80 241/3/78 222/9/80
f 241/3/78 224/9/80 242/3/78
f 240/3/77 243/9/75 239/3/77
f 243/9/75 240/3/77 244/9/75
f 225/5/15 233/1/15 231/1/15
f 233/1/15 225/5/15 221/5/15
f 233/1/15 221/5/15 245/6/15
f 245/6/15 221/5/15 222/9/15
f 245/6/15 222/9/15 246/6/15
f 243/9/15 246/6/15 222/9/15
f 243/9/15 222/9/15 241/3/15
f 243/9/15 241/3/15 239/3/15
f 229/5/15 246/6/15 243/9/15
f 246/6/15 229/5/15 237/1/15
f 227/5/15 237/1/15 229/5/15
f 237/1/15 227/5/15 238/1/15
f 248/6/1 246/6/1 247/6/1
f 246/6/1 248/6/1 245/6/1
f 235/1/7 246/6/7 237/1/7
f 246/6/7 235/1/7 247/6/7
f 248/6/4 233/1/4 245/6/4
f 233/1/4 248/6/4 234/1/4
f 251/15/70 250/10/72 249/15/70
f 250/10/72 251/15/70 252/10/72
f 255/10/71 254/15/69 253/10/71
f 254/15/69 255/10/71 256/15/69
f 250/10/72 255/10/71 253/10/71
f 255/10/71 250/10/72 252/10/72
f 251/15/70 254/15/69 256/15/69
f 254/15/69 251/15/70 249/15/70
f 259/17/70 258/18/72 257/17/70
f 258/18/72 259/17/70 260/18/72
f 263/18/71 262/17/69 261/18/71
f 262/17/69 263/18/71 264/17/69
f 258/18/72 263/18/71 261/18/71
f 263/18/71 258/18/72 260/18/72
f 259/17/70 262/17/69 264/17/69
f 262/17/69 259/17/70 257/17/70
f 267/1/69 266/1/70 265/1/70
f 266/1/70 267/1/69 268/1/69
f 270/4/72 266/1/70 269/4/72
f 266/1/70 270/4/72 265/1/70
f 267/1/69 271/4/71 268/1/69
f 271/4/71 267/1/69 272/4/71
f 271/4/71 270/4/72 269/4/72
f 270/4/72 271/4/71 272/4/71
f 271/4/15 266/1/15 268/1/15
f 266/1/15 271/4/15 269/4/15
f 275/8/10 274/3/10 273/8/10
f 274/3/10 275/8/10 276/3/10
f 279/3/17 278/8/11 277/8/17
f 278/8/11 279/3/17 280/3/11
f 273/8/7 279/3/17 277/8/17
f 279/3/17 273/8/7 274/3/7
f 279/3/26 276/3/26 280/3/26
f 276/3/26 279/3/26 274/3/26
f 273/8/1 278/8/1 275/8/1
f 278/8/1 273/8/1 277/8/1
f 276/3/4 278/8/11 280/3/11
f 278/8/11 276/3/4 275/8/4
f 311/3/82 312/3/82 305/9/82
f 312/3/82 314/9/82 305/9/82
f 314/9/82 294/6/82 305/9/82
f 294/6/82 297/7/82 305/9/82
f 294/6/82 314/9/82 296/6/82
f 305/9/82 297/7/82 306/10/82
f 296/6/82 314/9/82 299/7/82
f 299/7/82 306/10/82 297/7/82
f 314/9/82 313/10/82 299/7/82
f 299/7/82 313/10/82 306/10/82
f 306/10/82 313/10/82 302/8/82
f 304/8/82 302/8/82 313/10/82
f 310/3/94 316/9/96 312/3/94
f 314/9/96 312/3/94 316/9/96
f 307/9/91 309/3/93 305/9/91
f 311/3/93 305/9/91 309/3/93
f 315/10/95 303/8/90 313/10/95
f 304/8/90 313/10/95 303/8/90
f 308/10/92 306/10/92 301/8/89
f 302/8/89 301/8/89 306/10/92
f 316/9/96 315/10/95 314/9/96
f 313/10/95 314/9/96 315/10/95
f 312/3/94 311/3/93 310/3/94
f 309/3/93 310/3/94 311/3/93
f 308/10/92 307/9/91 306/10/92
f 305/9/91 306/10/92 307/9/91
f 304/8/90 303/8/90 302/8/89
f 301/8/89 302/8/89 303/8/90
f 300/7/88 295/6/86 299/7/88
f 296/6/86 299/7/88 295/6/86
f 300/7/88 299/7/88 298/7/87
f 297/7/87 298/7/87 299/7/88
f 293/6/85 298/7/87 294/6/85
f 297/7/87 294/6/85 298/7/87
f 296/6/86 295/6/86 294/6/85
f 293/6/85 294/6/85 295/6/86
f 292/5/83 285/1/83 288/5/81
f 282/1/81 288/5/81 285/1/83
f 291/5/84 284/1/84 292/5/83
f 285/1/83 292/5/83 284/1/84
f 286/5/82 288/5/81 281/1/82
f 282/1/81 281/1/82 288/5/81
f 292/5/26 288/5/26 291/5/26
f 291/5/26 288/5/26 290/5/26
f 290/5/26 288/5/26 289/5/26
f 289/5/26 288/5/26 287/5/26
f 286/5/26 287/5/26 288/5/26
f 285/1/1 284/1/1 282/1/1
f 284/1/1 283/1/1 282/1/1
f 281/1/1 282/1/1 283/1/1
f 331/1/82 328/11/82 332/1/82
f 329/15/82 332/1/82 328/11/82
f 328/11/82 331/1/82 317/11/82
f 326/12/82 329/15/82 328/11/82
f 330/15/82 317/11/82 331/1/82
f 318/12/82 317/11/82 330/15/82
f 324/13/82 329/15/82 326/12/82
f 326/12/82 318/12/82 324/13/82
f 320/13/82 318/12/82 330/15/82
f 320/13/82 324/13/82 318/12/82
f 322/14/82 320/13/82 330/15/82
f 329/15/82 322/14/82 330/15/82
f 322/14/82 329/15/82 323/14/82
f 323/14/82 329/15/82 324/13/82
f 327/11/88 328/11/88 319/11/87
f 317/11/87 319/11/87 328/11/88
f 323/14/86 325/14/86 322/14/85
f 321/14/85 322/14/85 325/14/86
f 328/11/88 327/11/88 326/12/97
f 325/14/86 326/12/97 327/11/88
f 326/12/97 325/14/86 324/13/97
f 323/14/86 324/13/97 325/14/86
f 322/14/85 321/14/85 320/13/84
f 319/11/87 320/13/84 321/14/85
f 320/13/84 319/11/87 318/12/84
f 317/11/87 318/12/84 319/11/87
f 359/3/98 360/3/98 353/9/98
f 360/3/98 362/9/98 353/9/98
f 362/9/98 342/6/98 353/9/98
f 342/6/98 345/7/98 353/9/98
f 342/6/98 362/9/98 344/6/98
f 353/9/98 345/7/98 354/10/98
f 344/6/98 362/9/98 347/7/98
f 347/7/98 354/10/98 345/7/98
f 362/9/98 361/10/98 347/7/98
f 347/7/98 361/10/98 354/10/98
f 354/10/98 361/10/98 350/8/98
f 352/8/98 350/8/98 361/10/98
f 364/9/110 362/9/110 358/3/108
f 360/3/108 358/3/108 362/9/110
f 355/9/105 357/3/107 353/9/105
f 359/3/107 353/9/105 357/3/107
f 363/10/109 351/8/104 361/10/109
f 352/8/104 361/10/109 351/8/104
f 356/10/106 354/10/106 349/8/103
f 350/8/103 349/8/103 354/10/106
f 364/9/110 363/10/109 362/9/110
f 361/10/109 362/9/110 363/10/109
f 360/3/108 359/3/107 358/3/108
f 357/3/107 358/3/108 359/3/107
f 356/10/106 355/9/105 354/10/106
f 353/9/105 354/10/106 355/9/105
f 352/8/104 351/8/104 350/8/103
f 349/8/103 350/8/103 351/8/104
f 348/7/102 343/6/100 347/7/102
f 344/6/100 347/7/102 343/6/100
f 348/7/102 347/7/102 346/7/101
f 345/7/101 346/7/101 347/7/102
f 341/6/99 346/7/101 342/6/99
f 345/7/101 342/6/99 346/7/101
f 344/6/100 343/6/100 342/6/99
f 341/6/99 342/6/99 343/6/100
f 337/5/98 339/5/98 333/1/98
f 334/1/98 333/1/98 339/5/98
f 340/5/26 339/5/26 338/5/26
f 337/5/26 338/5/26 339/5/26
f 336/1/1 335/1/1 334/1/1
f 333/1/1 334/1/1 335/1/1
f 379/1/98 376/11/98 380/1/98
f 377/15/98 380/1/98 376/11/98
f 376/11/98 379/1/98 365/11/98
f 374/12/98 377/15/98 376/11/98
f 378/15/98 365/11/98 379/1/98
f 366/12/98 365/11/98 378/15/98
f 372/13/98 377/15/98 374/12/98
f 374/12/98 366/12/98 372/13/98
f 368/13/98 366/12/98 378/15/98
f 368/13/98 372/13/98 366/12/98
f 370/14/98 368/13/98 378/15/98
f 377/15/98 370/14/98 378/15/98
f 370/14/98 377/15/98 371/14/98
f 371/14/98 377/15/98 372/13/98
f 375/11/102 376/11/102 367/11/101
f 365/11/101 367/11/101 376/11/102
f 371/14/100 373/14/100 370/14/99
f 369/14/99 370/14/99 373/14/100
f 376/11/102 375/11/102 374/12/112
f 373/14/100 374/12/112 375/11/102
f 374/12/112 373/14/100 372/13/112
f 371/14/100 372/13/112 373/14/100
f 370/14/99 369/14/99 368/13/111
f 367/11/101 368/13/111 369/14/99
f 368/13/111 367/11/101 366/12/111
f 365/11/101 366/12/111 367/11/101
f 407/3/113 408/3/113 401/9/113
f 408/3/113 410/9/113 401/9/113
f 410/9/113 390/6/113 401/9/113
f 390/6/113 393/7/113 401/9/113
f 390/6/113 410/9/113 392/6/113
f 401/9/113 393/7/113 402/10/113
f 392/6/113 410/9/113 395/7/113
f 395/7/113 402/10/113 393/7/113
f 410/9/113 409/10/113 395/7/113
f 395/7/113 409/10/113 402/10/113
f 402/10/113 409/10/113 398/8/113
f 400/8/113 398/8/113 409/10/113
f 412/9/125 410/9/125 406/3/123
f 408/3/123 406/3/123 410/9/125
f 403/9/120 405/3/122 401/9/120
f 407/3/122 401/9/120 405/3/122
f 411/10/124 399/8/119 409/10/124
f 400/8/119 409/10/124 399/8/119
f 404/10/121 402/10/121 397/8/118
f 398/8/118 397/8/118 402/10/121
f 412/9/125 411/10/124 410/9/125
f 409/10/124 410/9/125 411/10/124
f 408/3/123 407/3/122 406/3/123
f 405/3/122 406/3/123 407/3/122
f 404/10/121 403/9/120 402/10/121
f 401/9/120 402/10/121 403/9/120
f 400/8/119 399/8/119 398/8/118
f 397/8/118 398/8/118 399/8/119
f 396/7/117 391/6/115 395/7/117
f 392/6/115 395/7/117 391/6/115
f 396/7/117 395/7/117 394/7/116
f 393/7/116 394/7/116 395/7/117
f 389/6/114 394/7/116 390/6/114
f 393/7/116 390/6/114 394/7/116
f 392/6/115 391/6/115 390/6/114
f 389/6/114 390/6/114 391/6/115
f 385/5/113 387/5/113 381/1/113
f 382/1/113 381/1/113 387/5/113
f 388/5/26 387/5/26 386/5/26
f 385/5/26 386/5/26 387/5/26
f 384/1/1 383/1/1 382/1/1
f 381/1/1 382/1/1 383/1/1
f 427/1/113 424/11/113 428/1/113
f 425/15/113 428/1/113 424/11/113
f 424/11/113 427/1/113 413/11/113
f 422/12/113 425/15/113 424/11/113
f 426/15/113 413/11/113 427/1/113
f 414/12/113 413/11/113 426/15/113
f 420/13/113 425/15/113 422/12/113
f 422/12/113 414/12/113 420/13/113
f 416/13/113 414/12/113 426/15/113
f 416/13/113 420/13/113 414/12/113
f 418/14/113 416/13/113 426/15/113
f 425/15/113 418/14/113 426/15/113
f 418/14/113 425/15/113 419/14/113
f 419/14/113 425/15/113 420/13/113
f 423/11/117 424/11/117 415/11/116
f 413/11/116 415/11/116 424/11/117
f 419/14/115 421/14/115 418/14/114
f 417/14/114 418/14/114 421/14/115
f 424/11/117 423/11/117 422/12/127
f 421/14/115 422/12/127 423/11/117
f 422/12/127 421/14/115 420/13/127
f 419/14/115 420/13/127 421/14/115
f 418/14/114 417/14/114 416/13/126
f 415/11/116 416/13/126 417/14/114
f 416/13/126 415/11/116 414/12/126
f 413/11/116 414/12/126 415/11/116
f 431/1/1 430/1/1 429/1/1
f 430/1/1 431/1/1 432/1/1
f 430/1/1 432/1/1 433/1/1
f 436/5/26 435/5/26 434/5/26
f 435/5/26 436/5/26 437/5/26
f 437/5/26 436/5/26 438/5/26
f 438/5/26 436/5/26 439/5/26
f 439/5/26 436/5/26 440/5/26
f 436/5/27 429/1/28 430/1/27
f 429/1/28 436/5/27 434/5/28
f 432/1/30 440/5/29 433/1/29
f 440/5/29 432/1/30 439/5/30
f 433/1/29 436/5/27 430/1/27
f 436/5/27 433/1/29 440/5/29
f 443/6/32 442/6/31 441/6/31
f 442/6/31 443/6/32 444/6/32
f 446/7/33 442/6/31 445/7/33
f 442/6/31 446/7/33 441/6/31
f 447/7/34 446/7/33 445/7/33
f 446/7/33 447/7/34 448/7/34
f 443/6/32 447/7/34 444/6/32
f 447/7/34 443/6/32 448/7/34
f 451/8/36 450/8/35 449/8/35
f 450/8/35 451/8/36 452/8/36
f 455/9/37 454/10/38 453/9/37
f 454/10/38 455/9/37 456/10/38
f 459/3/39 458/3/40 457/3/39
f 458/3/40 459/3/39 460/3/40
f 463/10/41 462/9/42 461/10/41
f 462/9/42 463/10/41 464/9/42
f 454/10/38 449/8/35 450/8/35
f 449/8/35 454/10/38 456/10/38
f 451/8/36 461/10/41 452/8/36
f 461/10/41 451/8/36 463/10/41
f 457/3/39 453/9/37 459/3/39
f 453/9/37 457/3/39 455/9/37
f 464/9/42 460/3/40 462/9/42
f 460/3/40 464/9/42 458/3/40
f 461/10/28 450/8/28 452/8/28
f 450/8/28 461/10/28 454/10/28
f 454/10/28 461/10/28 447/7/28
f 447/7/28 461/10/28 462/9/28
f 445/7/28 454/10/28 447/7/28
f 447/7/28 462/9/28 444/6/28
f 454/10/28 445/7/28 453/9/28
f 444/6/28 462/9/28 442/6/28
f 453/9/28 445/7/28 442/6/28
f 453/9/28 442/6/28 462/9/28
f 453/9/28 462/9/28 460/3/28
f 453/9/28 460/3/28 459/3/28
f 467/11/33 466/12/30 465/11/33
f 466/12/30 467/11/33 468/13/30
f 469/14/31 468/13/30 467/11/33
f 468/13/30 469/14/31 470/14/31
f 473/14/32 472/13/43 471/14/32
f 472/13/43 473/14/32 474/12/43
f 475/11/34 474/12/43 473/14/32
f 474/12/43 475/11/34 476/11/34
f 473/14/32 470/14/31 469/14/31
f 470/14/31 473/14/32 471/14/32
f 476/11/34 467/11/33 465/11/33
f 467/11/33 476/11/34 475/11/34
f 472/13/28 477/15/28 471/14/28
f 471/14/28 477/15/28 470/14/28
f 478/15/28 470/14/28 477/15/28
f 478/15/28 468/13/28 470/14/28
f 466/12/28 472/13/28 468/13/28
f 478/15/28 466/12/28 468/13/28
f 472/13/28 466/12/28 474/12/28
f 474/12/28 477/15/28 472/13/28
f 478/15/28 465/11/28 466/12/28
f 479/1/28 465/11/28 478/15/28
f 476/11/28 477/15/28 474/12/28
f 465/11/28 479/1/28 476/11/28
f 476/11/28 480/1/28 477/15/28
f 480/1/28 476/11/28 479/1/28
f 511/3/129 512/3/129 505/9/129
f 512/3/129 514/9/129 505/9/129
f 514/9/129 494/6/129 505/9/129
f 494/6/129 497/7/129 505/9/129
f 494/6/129 514/9/129 496/6/129
f 505/9/129 497/7/129 506/10/129
f 496/6/129 514/9/129 499/7/129
f 499/7/129 506/10/129 497/7/129
f 514/9/129 513/10/129 499/7/129
f 499/7/129 513/10/129 506/10/129
f 506/10/129 513/10/129 502/8/129
f 504/8/129 502/8/129 513/10/129
f 510/3/141 516/9/143 512/3/141
f 514/9/143 512/3/141 516/9/143
f 507/9/138 509/3/140 505/9/138
f 511/3/140 505/9/138 509/3/140
f 515/10/142 503/8/137 513/10/142
f 504/8/137 513/10/142 503/8/137
f 508/10/139 506/10/139 501/8/136
f 502/8/136 501/8/136 506/10/139
f 516/9/143 515/10/142 514/9/143
f 513/10/142 514/9/143 515/10/142
f 512/3/141 511/3/140 510/3/141
f 509/3/140 510/3/141 511/3/140
f 508/10/139 507/9/138 506/10/139
f 505/9/138 506/10/139 507/9/138
f 504/8/137 503/8/137 502/8/136
f 501/8/136 502/8/136 503/8/137
f 500/7/135 495/6/133 499/7/135
f 496/6/133 499/7/135 495/6/133
f 500/7/135 499/7/135 498/7/134
f 497/7/134 498/7/134 499/7/135
f 493/6/132 498/7/134 494/6/132
f 497/7/134 494/6/132 498/7/134
f 496/6/133 495/6/133 494/6/132
f 493/6/132 494/6/132 495/6/133
f 492/5/130 485/1/130 488/5/128
f 482/1/128 488/5/128 485/1/130
f 491/5/131 484/1/131 492/5/130
f 485/1/130 492/5/130 484/1/131
f 486/5/129 488/5/128 481/1/129
f 482/1/128 481/1/129 488/5/128
f 492/5/26 488/5/26 491/5/26
f 491/5/26 488/5/26 490/5/26
f 490/5/26 488/5/26 489/5/26
f 489/5/26 488/5/26 487/5/26
f 486/5/26 487/5/26 488/5/26
f 485/1/1 484/1/1 482/1/1
f 484/1/1 483/1/1 482/1/1
f 481/1/1 482/1/1 483/1/1
f 531/1/129 528/11/129 532/1/129
f 529/15/129 532/1/129 528/11/129
f 528/11/129 531/1/129 517/11/129
f 526/12/129 529/15/129 528/11/129
f 530/15/129 517/11/129 531/1/129
f 518/12/129 517/11/129 530/15/129
f 524/13/129 529/15/129 526/12/129
f 526/12/129 518/12/129 524/13/129
f 520/13/129 518/12/129 530/15/129
f 520/13/129 524/13/129 518/12/129
f 522/14/129 520/13/129 530/15/129
f 529/15/129 522/14/129 530/15/129
f 522/14/129 529/15/129 523/14/129
f 523/14/129 529/15/129 524/13/129
f 527/11/135 528/11/135 519/11/134
f 517/11/134 519/11/134 528/11/135
f 523/14/133 525/14/133 522/14/132
f 521/14/132 522/14/132 525/14/133
f 528/11/135 527/11/135 526/12/144
f 525/14/133 526/12/144 527/11/135
f 526/12/144 525/14/133 524/13/144
f 523/14/133 524/13/144 525/14/133
f 522/14/132 521/14/132 520/13/131
f 519/11/134 520/13/131 521/14/132
f 520/13/131 519/11/134 518/12/131
f 517/11/134 518/12/131 519/11/134
f 563/3/82 564/3/82 557/9/82
f 564/3/82 566/9/82 557/9/82
f 566/9/82 546/6/82 557/9/82
f 546/6/82 549/7/82 557/9/82
f 546/6/82 566/9/82 548/6/82
f 557/9/82 549/7/82 558/10/82
f 548/6/82 566/9/82 551/7/82
f 551/7/82 558/10/82 549/7/82
f 566/9/82 565/10/82 551/7/82
f 551/7/82 565/10/82 558/10/82
f 558/10/82 565/10/82 554/8/82
f 556/8/82 554/8/82 565/10/82
f 562/3/94 568/9/96 564/3/94
f 566/9/96 564/3/94 568/9/96
f 559/9/91 561/3/93 557/9/91
f 563/3/93 557/9/91 561/3/93
f 567/10/95 555/8/90 565/10/95
f 556/8/90 565/10/95 555/8/90
f 560/10/92 558/10/92 553/8/89
f 554/8/89 553/8/89 558/10/92
f 568/9/96 567/10/95 566/9/96
f 565/10/95 566/9/96 567/10/95
f 564/3/94 563/3/93 562/3/94
f 561/3/93 562/3/94 563/3/93
f 560/10/92 559/9/91 558/10/92
f 557/9/91 558/10/92 559/9/91
f 556/8/90 555/8/90 554/8/89
f 553/8/89 554/8/89 555/8/90
f 552/7/88 547/6/86 551/7/88
f 548/6/86 551/7/88 547/6/86
f 552/7/88 551/7/88 550/7/87
f 549/7/87 550/7/87 551/7/88
f 545/6/85 550/7/87 546/6/85
f 549/7/87 546/6/85 550/7/87
f 548/6/86 547/6/86 546/6/85
f 545/6/85 546/6/85 547/6/86
f 544/5/83 537/1/83 540/5/81
f 534/1/81 540/5/81 537/1/83
f 543/5/84 536/1/84 544/5/83
f 537/1/83 544/5/83 536/1/84
f 538/5/82 540/5/81 533/1/82
f 534/1/81 533/1/82 540/5/81
f 544/5/26 540/5/26 543/5/26
f 543/5/26 540/5/26 542/5/26
f 542/5/26 540/5/26 541/5/26
f 541/5/26 540/5/26 539/5/26
f 538/5/26 539/5/26 540/5/26
f 537/1/1 536/1/1 534/1/1
f 536/1/1 535/1/1 534/1/1
f 533/1/1 534/1/1 535/1/1
f 583/1/82 580/11/82 584/1/82
f 581/15/82 584/1/82 580/11/82
f 580/11/82 583/1/82 569/11/82
f 578/12/82 581/15/82 580/11/82
f 582/15/82 569/11/82 583/1/82
f 570/12/82 569/11/82 582/15/82
f 576/13/82 581/15/82 578/12/82
f 578/12/82 570/12/82 576/13/82
f 572/13/82 570/12/82 582/15/82
f 572/13/82 576/13/82 570/12/82
f 574/14/82 572/13/82 582/15/82
f 581/15/82 574/14/82 582/15/82
f 574/14/82 581/15/82 575/14/82
f 575/14/82 581/15/82 576/13/82
f 579/11/88 580/11/88 571/11/87
f 569/11/87 571/11/87 580/11/88
f 575/14/86 577/14/86 574/14/85
f 573/14/85 574/14/85 577/14/86
f 580/11/88 579/11/88 578/12/97
f 577/14/86 578/12/97 579/11/88
f 578/12/97 577/14/86 576/13/97
f 575/14/86 576/13/97 577/14/86
f 574/14/85 573/14/85 572/13/84
f 571/11/87 572/13/84 573/14/85
f 572/13/84 571/11/87 570/12/84
f 569/11/87 570/12/84 571/11/87
f 483/1/1 586/1/1 585/1/1
f 586/1/1 483/1/1 484/1/1
f 586/1/1 484/1/1 587/1/1
f 590/5/26 589/5/26 588/5/26
f 589/5/26 590/5/26 591/5/26
f 591/5/26 590/5/26 490/5/26
f 490/5/26 590/5/26 491/5/26
f 491/5/26 590/5/26 592/5/26
f 590/5/67 585/1/15 586/1/67
f 585/1/15 590/5/67 588/5/15
f 484/1/7 592/5/68 587/1/68
f 592/5/68 484/1/7 491/5/7
f 587/1/68 590/5/67 586/1/67
f 590/5/67 587/1/68 592/5/68
f 595/6/70 594/6/69 593/6/69
f 594/6/69 595/6/70 596/6/70
f 598/7/71 594/6/69 597/7/71
f 594/6/69 598/7/71 593/6/69
f 599/7/72 598/7/71 597/7/71
f 598/7/71 599/7/72 600/7/72
f 595/6/70 599/7/72 596/6/70
f 599/7/72 595/6/70 600/7/72
f 603/8/74 602/8/73 601/8/73
f 602/8/73 603/8/74 604/8/74
f 607/9/75 606/10/76 605/9/75
f 606/10/76 607/9/75 608/10/76
f 611/3/77 610/3/78 609/3/77
f 610/3/78 611/3/77 612/3/78
f 615/10/79 614/9/80 613/10/79
f 614/9/80 615/10/79 616/9/80
f 606/10/76 601/8/73 602/8/73
f 601/8/73 606/10/76 608/10/76
f 603/8/74 613/10/79 604/8/74
f 613/10/79 603/8/74 615/10/79
f 609/3/77 605/9/75 611/3/77
f 605/9/75 609/3/77 607/9/75
f 616/9/80 612/3/78 614/9/80
f 612/3/78 616/9/80 610/3/78
f 613/10/15 602/8/15 604/8/15
f 602/8/15 613/10/15 606/10/15
f 606/10/15 613/10/15 599/7/15
f 599/7/15 613/10/15 614/9/15
f 597/7/15 606/10/15 599/7/15
f 599/7/15 614/9/15 596/6/15
f 606/10/15 597/7/15 605/9/15
f 596/6/15 614/9/15 594/6/15
f 605/9/15 597/7/15 594/6/15
f 605/9/15 594/6/15 614/9/15
f 605/9/15 614/9/15 612/3/15
f 605/9/15 612/3/15 611/3/15
f 619/11/71 618/12/7 617/11/71
f 618/12/7 619/11/71 620/13/7
f 621/14/69 620/13/7 619/11/71
f 620/13/7 621/14/69 622/14/69
f 625/14/70 624/13/4 623/14/70
f 624/13/4 625/14/70 626/12/4
f 627/11/72 626/12/4 625/14/70
f 626/12/4 627/11/72 628/11/72
f 625/14/70 622/14/69 621/14/69
f 622/14/69 625/14/70 623/14/70
f 628/11/72 619/11/71 617/11/71
f 619/11/71 628/11/72 627/11/72
f 624/13/15 629/15/15 623/14/15
f 623/14/15 629/15/15 622/14/15
f 630/15/15 622/14/15 629/15/15
f 630/15/15 620/13/15 622/14/15
f 618/12/15 624/13/15 620/13/15
f 630/15/15 618/12/15 620/13/15
f 624/13/15 618/12/15 626/12/15
f 626/12/15 629/15/15 624/13/15
f 630/15/15 617/11/15 618/12/15
f 631/1/15 617/11/15 630/15/15
f 628/11/15 629/15/15 626/12/15
f 617/11/15 631/1/15 628/11/15
f 628/11/15 632/1/15 629/15/15
f 632/1/15 628/11/15 631/1/15
f 659/3/145 660/3/145 653/9/145
f 660/3/145 662/9/145 653/9/145
f 662/9/145 642/6/145 653/9/145
f 642/6/145 645/7/145 653/9/145
f 642/6/145 662/9/145 644/6/145
f 653/9/145 645/7/145 654/10/145
f 644/6/145 662/9/145 647/7/145
f 647/7/145 654/10/145 645/7/145
f 662/9/145 661/10/145 647/7/145
f 647/7/145 661/10/145 654/10/145
f 654/10/145 661/10/145 650/8/145
f 652/8/145 650/8/145 661/10/145
f 664/9/157 662/9/157 658/3/155
f 660/3/155 658/3/155 662/9/157
f 655/9/152 657/3/154 653/9/152
f 659/3/154 653/9/152 657/3/154
f 663/10/156 651/8/151 661/10/156
f 652/8/151 661/10/156 651/8/151
f 656/10/153 654/10/153 649/8/150
f 650/8/150 649/8/150 654/10/153
f 664/9/157 663/10/156 662/9/157
f 661/10/156 662/9/157 663/10/156
f 660/3/155 659/3/154 658/3/155
f 657/3/154 658/3/155 659/3/154
f 656/10/153 655/9/152 654/10/153
f 653/9/152 654/10/153 655/9/152
f 652/8/151 651/8/151 650/8/150
f 649/8/150 650/8/150 651/8/151
f 648/7/149 643/6/147 647/7/149
f 644/6/147 647/7/149 643/6/147
f 648/7/149 647/7/149 646/7/148
f 645/7/148 646/7/148 647/7/149
f 641/6/146 646/7/148 642/6/146
f 645/7/148 642/6/146 646/7/148
f 644/6/147 643/6/147 642/6/146
f 641/6/146 642/6/146 643/6/147
f 637/5/145 639/5/145 633/1/145
f 634/1/145 633/1/145 639/5/145
f 640/5/26 639/5/26 638/5/26
f 637/5/26 638/5/26 639/5/26
f 636/1/1 635/1/1 634/1/1
f 633/1/1 634/1/1 635/1/1
f 679/1/145 676/11/145 680/1/145
f 677/15/145 680/1/145 676/11/145
f 676/11/145 679/1/145 665/11/145
f 674/12/145 677/15/145 676/11/145
f 678/15/145 665/11/145 679/1/145
f 666/12/145 665/11/145 678/15/145
f 672/13/145 677/15/145 674/12/145
f 674/12/145 666/12/145 672/13/145
f 668/13/145 666/12/145 678/15/145
f 668/13/145 672/13/145 666/12/145
f 670/14/145 668/13/145 678/15/145
f 677/15/145 670/14/145 678/15/145
f 670/14/145 677/15/145 671/14/145
f 671/14/145 677/15/145 672/13/145
f 675/11/149 676/11/149 667/11/148
f 665/11/148 667/11/148 676/11/149
f 671/14/147 673/14/147 670/14/146
f 669/14/146 670/14/146 673/14/147
f 676/11/149 675/11/149 674/12/159
f 673/14/147 674/12/159 675/11/149
f 674/12/159 673/14/147 672/13/159
f 671/14/147 672/13/159 673/14/147
f 670/14/146 669/14/146 668/13/158
f 667/11/148 668/13/158 669/14/146
f 668/13/158 667/11/148 666/12/158
f 665/11/148 666/12/158 667/11/148
f 711/3/129 712/3/129 705/9/129
f 712/3/129 714/9/129 705/9/129
f 714/9/129 694/6/129 705/9/129
f 694/6/129 697/7/129 705/9/129
f 694/6/129 714/9/129 696/6/129
f 705/9/129 697/7/129 706/10/129
f 696/6/129 714/9/129 699/7/129
f 699/7/129 706/10/129 697/7/129
f 714/9/129 713/10/129 699/7/129
f 699/7/129 713/10/129 706/10/129
f 706/10/129 713/10/129 702/8/129
f 704/8/129 702/8/129 713/10/129
f 710/3/141 716/9/143 712/3/141
f 714/9/143 712/3/141 716/9/143
f 707/9/138 709/3/140 705/9/138
f 711/3/140 705/9/138 709/3/140
f 715/10/142 703/8/137 713/10/142
f 704/8/137 713/10/142 703/8/137
f 708/10/139 706/10/139 701/8/136
f 702/8/136 701/8/136 706/10/139
f 716/9/143 715/10/142 714/9/143
f 713/10/142 714/9/143 715/10/142
f 712/3/141 711/3/140 710/3/141
f 709/3/140 710/3/141 711/3/140
f 708/10/139 707/9/138 706/10/139
f 705/9/138 706/10/139 707/9/138
f 704/8/137 703/8/137 702/8/136
f 701/8/136 702/8/136 703/8/137
f 700/7/135 695/6/133 699/7/135
f 696/6/133 699/7/135 695/6/133
f 700/7/135 699/7/135 698/7/134
f 697/7/134 698/7/134 699/7/135
f 693/6/132 698/7/134 694/6/132
f 697/7/134 694/6/132 698/7/134
f 696/6/133 695/6/133 694/6/132
f 693/6/132 694/6/132 695/6/133
f 692/5/130 685/1/130 688/5/128
f 682/1/128 688/5/128 685/1/130
f 691/5/131 684/1/131 692/5/130
f 685/1/130 692/5/130 684/1/131
f 686/5/129 688/5/128 681/1/129
f 682/1/128 681/1/129 688/5/128
f 692/5/26 688/5/26 691/5/26
f 691/5/26 688/5/26 690/5/26
f 690/5/26 688/5/26 689/5/26
f 689/5/26 688/5/26 687/5/26
f 686/5/26 687/5/26 688/5/26
f 685/1/1 684/1/1 682/1/1
f 684/1/1 683/1/1 682/1/1
f 681/1/1 682/1/1 683/1/1
f 731/1/129 728/11/129 732/1/129
f 729/15/129 732/1/129 728/11/129
f 728/11/129 731/1/129 717/11/129
f 726/12/129 729/15/129 728/11/129
f 730/15/129 717/11/129 731/1/129
f 718/12/129 717/11/129 730/15/129
f 724/13/129 729/15/129 726/12/129
f 726/12/129 718/12/129 724/13/129
f 720/13/129 718/12/129 730/15/129
f 720/13/129 724/13/129 718/12/129
f 722/14/129 720/13/129 730/15/129
f 729/15/129 722/14/129 730/15/129
f 722/14/129 729/15/129 723/14/129
f 723/14/129 729/15/129 724/13/129
f 727/11/135 728/11/135 719/11/134
f 717/11/134 719/11/134 728/11/135
f 723/14/133 725/14/133 722/14/132
f 721/14/132 722/14/132 725/14/133
f 728/11/135 727/11/135 726/12/144
f 725/14/133 726/12/144 727/11/135
f 726/12/144 725/14/133 724/13/144
f 723/14/133 724/13/144 725/14/133
f 722/14/132 721/14/132 720/13/131
f 719/11/134 720/13/131 721/14/132
f 720/13/131 719/11/134 718/12/131
f 717/11/134 718/12/131 719/11/134
f 735/5/160 734/9/161 733/5/160
f 734/9/161 735/5/160 736/9/161
f 737/5/26 735/5/26 733/5/26
f 735/5/26 737/5/26 738/5/26
f 741/5/26 740/5/26 739/5/26
f 740/5/26 741/5/26 742/5/26
f 745/1/1 744/1/1 743/1/1
f 744/1/1 745/1/1 746/1/1
f 747/1/1 744/1/1 746/1/1
f 746/1/1 745/1/1 748/1/1
f 748/1/1 745/1/1 749/1/1
f 749/1/1 745/1/1 750/1/1
f 753/3/162 752/3/163 751/3/162
f 752/3/163 753/3/162 754/3/163
f 756/9/164 741/5/165 755/9/164
f 741/5/165 756/9/164 742/5/165
f 736/9/161 754/3/163 734/9/161
f 754/3/163 736/9/161 752/3/163
f 753/3/162 756/9/164 755/9/164
f 756/9/164 753/3/162 751/3/162
f 737/5/166 749/1/166 750/1/166
f 749/1/166 737/5/166 733/5/166
f 749/1/166 733/5/166 757/6/166
f 757/6/166 733/5/166 734/9/166
f 757/6/166 734/9/166 758/6/166
f 755/9/166 758/6/166 734/9/166
f 755/9/166 734/9/166 754/3/166
f 755/9/166 754/3/166 753/3/166
f 741/5/166 758/6/166 755/9/166
f 758/6/166 741/5/166 747/1/166
f 739/5/166 747/1/166 741/5/166
f 747/1/166 739/5/166 744/1/166
f 760/6/1 758/6/1 759/6/1
f 758/6/1 760/6/1 757/6/1
f 746/1/160 758/6/160 747/1/160
f 758/6/160 746/1/160 759/6/160
f 760/6/165 749/1/165 757/6/165
f 749/1/165 760/6/165 748/1/165
f 763/1/168 762/1/167 761/1/167
f 762/1/167 763/1/168 764/1/168
f 766/4/169 762/1/167 765/4/169
f 762/1/167 766/4/169 761/1/167
f 763/1/168 767/4/170 764/1/168
f 767/4/170 763/1/168 768/4/170
f 767/4/170 766/4/169 765/4/169
f 766/4/169 767/4/170 768/4/170
f 767/4/166 762/1/166 764/1/166
f 762/1/166 767/4/166 765/4/166
f 771/8/171 770/3/171 769/8/171
f 770/3/171 771/8/171 772/3/171
f 775/3/5 774/8/9 773/8/5
f 774/8/9 775/3/5 776/3/9
f 769/8/160 775/3/5 773/8/5
f 775/3/5 769/8/160 770/3/160
f 775/3/26 772/3/26 776/3/26
f 772/3/26 775/3/26 770/3/26
f 769/8/1 774/8/1 771/8/1
f 774/8/1 769/8/1 773/8/1
f 772/3/165 774/8/9 776/3/9
f 774/8/9 772/3/165 771/8/165
f 779/4/4 778/1/44 777/4/44
f 778/1/44 779/4/4 780/1/4
f 783/4/45 782/1/46 781/1/45
f 782/1/46 783/4/45 784/4/46
f 782/1/46 786/4/11 785/1/11
f 786/4/11 782/1/46 784/4/46
f 777/4/44 785/1/11 786/4/11
f 785/1/11 777/4/44 778/1/44
f 789/1/7 788/4/47 787/1/47
f 788/4/47 789/1/7 790/4/7
f 787/1/47 792/4/17 791/1/17
f 792/4/17 787/1/47 788/4/47
f 792/4/17 781/1/45 791/1/17
f 781/1/45 792/4/17 783/4/45
f 789/1/1 778/1/1 780/1/1
f 778/1/1 789/1/1 785/1/1
f 785/1/1 789/1/1 782/1/1
f 782/1/1 789/1/1 781/1/1
f 781/1/1 789/1/1 791/1/1
f 791/1/1 789/1/1 787/1/1
f 790/4/26 792/4/26 788/4/26
f 793/4/26 792/4/26 790/4/26
f 794/4/26 792/4/26 793/4/26
f 795/4/26 792/4/26 794/4/26
f 795/4/26 783/4/26 792/4/26
f 796/4/26 783/4/26 795/4/26
f 797/4/26 783/4/26 796/4/26
f 797/4/26 784/4/26 783/4/26
f 798/4/26 784/4/26 797/4/26
f 798/4/26 786/4/26 784/4/26
f 786/4/26 798/4/26 799/4/26
f 800/4/26 786/4/26 799/4/26
f 779/4/26 786/4/26 800/4/26
f 786/4/26 779/4/26 777/4/26
f 794/4/48 801/16/5 795/4/5
f 801/16/5 794/4/48 802/16/48
f 793/4/4 802/16/48 794/4/48
f 802/16/48 793/4/4 803/16/4
f 805/16/7 799/4/49 804/16/49
f 799/4/49 805/16/7 800/4/7
f 804/16/49 798/4/9 806/16/9
f 798/4/9 804/16/49 799/4/49
f 798/4/9 807/16/50 806/16/9
f 807/16/50 798/4/9 797/4/50
f 797/4/50 808/16/51 807/16/50
f 808/16/51 797/4/50 796/4/51
f 796/4/51 801/16/5 808/16/51
f 801/16/5 796/4/51 795/4/5
f 811/8/17 810/3/15 809/3/17
f 810/3/15 811/8/17 812/8/15
f 815/8/5 814/3/4 813/8/4
f 814/3/4 815/8/5 816/3/5
f 812/8/15 817/3/11 810/3/15
f 817/3/11 812/8/15 818/8/11
f 813/8/4 817/3/11 818/8/11
f 817/3/11 813/8/4 814/3/4
f 815/8/5 819/3/10 816/3/5
f 819/3/10 815/8/5 820/8/10
f 820/8/10 821/3/9 819/3/10
f 821/3/9 820/8/10 822/8/9
f 821/3/9 824/8/7 823/3/7
f 824/8/7 821/3/9 822/8/9
f 823/3/7 811/8/17 809/3/17
f 811/8/17 823/3/7 824/8/7
f 816/3/1 817/3/1 814/3/1
f 817/3/1 816/3/1 819/3/1
f 817/3/1 819/3/1 810/3/1
f 810/3/1 819/3/1 821/3/1
f 810/3/1 821/3/1 809/3/1
f 809/3/1 821/3/1 823/3/1
f 827/8/1 826/8/1 825/8/1
f 826/8/1 827/8/1 828/8/1
f 831/3/172 830/3/26 829/3/26
f 830/3/26 831/3/172 832/3/172
f 830/3/10 827/8/10 825/8/10
f 827/8/10 830/3/10 833/19/10
f 833/19/10 830/3/10 832/3/10
f 830/3/4 826/8/4 829/3/4
f 826/8/4 830/3/4 825/8/4
f 834/19/15 826/8/15 828/8/15
f 826/8/15 834/19/15 829/3/15
f 829/3/15 834/19/15 831/3/15
f 827/8/7 834/19/173 828/8/7
f 834/19/173 827/8/7 833/19/173
f 833/19/173 831/3/172 834/19/173
f 831/3/172 833/19/173 832/3/172
f 837/8/7 836/3/17 835/8/17
f 836/3/17 837/8/7 838/3/7
f 836/3/17 839/8/15 835/8/17
f 839/8/15 836/3/17 840/3/15
f 843/3/5 842/8/4 841/3/4
f 842/8/4 843/3/5 844/8/5
f 841/3/4 846/8/11 845/3/11
f 846/8/11 841/3/4 842/8/4
f 847/8/9 838/3/7 837/8/7
f 838/3/7 847/8/9 848/3/9
f 850/3/10 847/8/9 849/8/10
f 847/8/9 850/3/10 848/3/9
f 840/3/15 846/8/11 839/8/15
f 846/8/11 840/3/15 845/3/11
f 843/3/5 849/8/10 844/8/5
f 849/8/10 843/3/5 850/3/10
f 845/3/26 843/3/26 841/3/26
f 843/3/26 845/3/26 840/3/26
f 843/3/26 840/3/26 850/3/26
f 850/3/26 840/3/26 836/3/26
f 850/3/26 836/3/26 848/3/26
f 848/3/26 836/3/26 838/3/26
f 844/8/1 846/8/1 842/8/1
f 846/8/1 844/8/1 849/8/1
f 846/8/1 849/8/1 839/8/1
f 839/8/1 849/8/1 847/8/1
f 839/8/1 847/8/1 835/8/1
f 835/8/1 847/8/1 837/8/1
f 853/8/7 852/3/17 851/8/17
f 852/3/17 853/8/7 854/3/7
f 852/3/17 855/8/15 851/8/17
f 855/8/15 852/3/17 856/3/15
f 859/3/5 858/8/4 857/3/4
f 858/8/4 859/3/5 860/8/5
f 857/3/4 862/8/11 861/3/11
f 862/8/11 857/3/4 858/8/4
f 863/8/9 854/3/7 853/8/7
f 854/3/7 863/8/9 864/3/9
f 866/3/10 863/8/9 865/8/10
f 863/8/9 866/3/10 864/3/9
f 856/3/15 862/8/11 855/8/15
f 862/8/11 856/3/15 861/3/11
f 859/3/5 865/8/10 860/8/5
f 865/8/10 859/3/5 866/3/10
f 861/3/26 859/3/26 857/3/26
f 859/3/26 861/3/26 856/3/26
f 859/3/26 856/3/26 866/3/26
f 866/3/26 856/3/26 852/3/26
f 866/3/26 852/3/26 864/3/26
f 864/3/26 852/3/26 854/3/26
f 860/8/1 862/8/1 858/8/1
f 862/8/1 860/8/1 865/8/1
f 862/8/1 865/8/1 855/8/1
f 855/8/1 865/8/1 863/8/1
f 855/8/1 863/8/1 851/8/1
f 851/8/1 863/8/1 853/8/1
f 869/8/7 868/3/17 867/8/17
f 868/3/17 869/8/7 870/3/7
f 868/3/17 871/8/15 867/8/17
f 871/8/15 868/3/17 872/3/15
f 875/3/5 874/8/4 873/3/4
f 874/8/4 875/3/5 876/8/5
f 873/3/4 878/8/11 877/3/11
f 878/8/11 873/3/4 874/8/4
f 879/8/9 870/3/7 869/8/7
f 870/3/7 879/8/9 880/3/9
f 882/3/10 879/8/9 881/8/10
f 879/8/9 882/3/10 880/3/9
f 872/3/15 878/8/11 871/8/15
f 878/8/11 872/3/15 877/3/11
f 875/3/5 881/8/10 876/8/5
f 881/8/10 875/3/5 882/3/10
f 877/3/26 875/3/26 873/3/26
f 875/3/26 877/3/26 872/3/26
f 875/3/26 872/3/26 882/3/26
f 882/3/26 872/3/26 868/3/26
f 882/3/26 868/3/26 880/3/26
f 880/3/26 868/3/26 870/3/26
f 876/8/1 878/8/1 874/8/1
f 878/8/1 876/8/1 881/8/1
f 878/8/1 881/8/1 871/8/1
f 871/8/1 881/8/1 879/8/1
f 871/8/1 879/8/1 867/8/1
f 867/8/1 879/8/1 869/8/1
f 885/21/1 884/20/174 883/20/174
f 884/20/174 885/21/1 886/21/1
f 887/20/175 883/20/174 884/20/174
f 883/20/174 887/20/175 888/20/175
f 888/20/175 886/21/1 885/21/1
f 886/21/1 888/20/175 887/20/175
f 891/23/15 890/22/15 889/22/15
f 890/22/15 891/23/15 887/20/15
f 884/20/15 890/22/15 887/20/15
f 890/22/15 884/20/15 892/23/15
f 887/20/15 891/23/15 886/21/15
f 892/23/15 884/20/15 886/21/15
f 886/21/15 891/23/15 893/24/15
f 892/23/15 886/21/15 893/24/15
f 895/22/69 890/22/70 894/22/70
f 890/22/70 895/22/69 889/22/69
f 889/22/69 896/23/176 891/23/176
f 896/23/176 889/22/69 895/22/69
f 891/23/176 897/24/26 893/24/26
f 897/24/26 891/23/176 896/23/176
f 893/24/26 898/23/177 892/23/177
f 898/23/177 893/24/26 897/24/26
f 892/23/177 894/22/70 890/22/70
f 894/22/70 892/23/177 898/23/177
f 901/21/1 900/20/178 899/20/178
f 900/20/178 901/21/1 902/21/1
f 903/20/179 899/20/178 900/20/178
f 899/20/178 903/20/179 904/20/179
f 904/20/179 902/21/1 901/21/1
f 902/21/1 904/20/179 903/20/179
f 907/23/180 906/22/180 905/22/180
f 906/22/180 907/23/180 903/20/180
f 900/20/180 906/22/180 903/20/180
f 906/22/180 900/20/180 908/23/180
f 903/20/180 907/23/180 902/21/180
f 908/23/180 900/20/180 902/21/180
f 902/21/180 907/23/180 909/24/180
f 908/23/180 902/21/180 909/24/180
f 911/22/182 906/22/181 910/22/181
f 906/22/181 911/22/182 905/22/182
f 905/22/182 912/23/183 907/23/183
f 912/23/183 905/22/182 911/22/182
f 907/23/183 913/24/26 909/24/26
f 913/24/26 907/23/183 912/23/183
f 909/24/26 914/23/184 908/23/184
f 914/23/184 909/24/26 913/24/26
f 908/23/184 910/22/181 906/22/181
f 910/22/181 908/23/184 914/23/184
f 917/25/26 916/25/26 915/25/26
f 916/25/26 917/25/26 918/25/26
f 919/26/7 920/26/7 921/27/7
f 924/27/185 923/26/185 922/26/185
f 922/26/185 925/26/185 924/27/185
f 921/27/7 926/26/7 919/26/7
f 929/29/4 928/29/4 927/28/4
f 930/28/7 931/29/7 932/29/7
f 934/29/186 933/29/186 489/28/186
f 935/28/187 936/29/187 937/29/187
f 46/30/30 938/25/30 45/30/30
f 938/25/30 46/30/30 939/25/30
f 940/31/28 59/31/28 57/31/28
f 64/32/28 940/31/28 57/31/28
f 941/25/28 940/31/28 64/32/28
f 941/25/28 64/32/28 63/33/28
f 940/31/28 43/30/28 59/31/28
f 43/30/28 940/31/28 941/25/28
f 941/25/28 63/33/28 942/34/28
f 941/25/28 942/34/28 938/25/28
f 942/34/28 63/33/28 65/34/28
f 65/34/28 938/25/28 942/34/28
f 66/34/28 938/25/28 65/34/28
f 59/31/28 43/30/28 943/31/28
f 45/30/28 943/31/28 43/30/28
f 943/31/28 45/30/28 938/25/28
f 71/32/28 59/31/28 943/31/28
f 943/31/28 938/25/28 71/32/28
f 71/32/28 938/25/28 72/33/28
f 944/34/28 938/25/28 66/34/28
f 72/33/28 938/25/28 944/34/28
f 66/34/28 72/33/28 944/34/28
f 950/34/52 152/33/52 146/34/52
f 146/34/52 947/25/52 950/34/52
f 950/34/52 947/25/52 152/33/52
f 145/34/52 947/25/52 146/34/52
f 949/34/52 947/25/52 145/34/52
f 145/34/52 143/33/52 949/34/52
f 947/25/52 949/34/52 948/25/52
f 949/34/52 143/33/52 948/25/52
f 947/25/52 128/30/52 946/31/52
f 126/30/52 946/31/52 128/30/52
f 948/25/52 945/31/52 126/30/52
f 946/31/52 126/30/52 945/31/52
f 143/33/52 144/32/52 948/25/52
f 144/32/52 945/31/52 948/25/52
f 152/33/52 947/25/52 151/32/52
f 151/32/52 947/25/52 946/31/52
f 946/31/52 139/31/52 151/32/52
f 139/31/52 946/31/52 945/31/52
f 137/31/52 945/31/52 144/32/52
f 137/31/52 139/31/52 945/31/52
f 178/30/7 951/25/7 177/30/7
f 951/25/7 178/30/7 952/25/7
f 953/31/15 191/31/15 189/31/15
f 196/32/15 953/31/15 189/31/15
f 954/25/15 953/31/15 196/32/15
f 954/25/15 196/32/15 195/33/15
f 953/31/15 175/30/15 191/31/15
f 175/30/15 953/31/15 954/25/15
f 954/25/15 195/33/15 955/34/15
f 954/25/15 955/34/15 951/25/15
f 955/34/15 195/33/15 197/34/15
f 197/34/15 951/25/15 955/34/15
f 198/34/15 951/25/15 197/34/15
f 191/31/15 175/30/15 956/31/15
f 177/30/15 956/31/15 175/30/15
f 956/31/15 177/30/15 951/25/15
f 203/32/15 191/31/15 956/31/15
f 956/31/15 951/25/15 203/32/15
f 203/32/15 951/25/15 204/33/15
f 957/34/15 951/25/15 198/34/15
f 204/33/15 951/25/15 957/34/15
f 198/34/15 204/33/15 957/34/15
f 958/25/15 223/30/15 226/30/15
f 223/30/15 958/25/15 224/33/15
f 224/33/15 958/25/15 242/34/15
f 242/34/15 958/25/15 240/34/15
f 959/25/15 240/34/15 958/25/15
f 959/25/15 244/33/15 240/34/15
f 228/30/15 244/33/15 959/25/15
f 244/33/15 228/30/15 230/30/15
f 966/34/82 316/33/82 310/34/82
f 966/34/82 960/25/82 316/33/82
f 310/34/82 960/25/82 966/34/82
f 316/33/82 960/25/82 315/32/82
f 315/32/82 960/25/82 965/31/82
f 965/31/82 303/31/82 315/32/82
f 960/25/82 289/30/82 965/31/82
f 287/30/82 965/31/82 289/30/82
f 965/31/82 287/30/82 303/31/82
f 309/34/82 960/25/82 310/34/82
f 964/34/82 960/25/82 309/34/82
f 309/34/82 307/33/82 964/34/82
f 960/25/82 964/34/82 963/25/82
f 964/34/82 307/33/82 963/25/82
f 963/25/82 962/31/82 287/30/82
f 303/31/82 287/30/82 962/31/82
f 307/33/82 308/32/82 963/25/82
f 308/32/82 962/31/82 963/25/82
f 301/31/82 962/31/82 308/32/82
f 301/31/82 303/31/82 962/31/82
f 961/25/84 290/30/84 960/25/84
f 289/30/84 960/25/84 290/30/84
f 972/34/98 364/33/98 358/34/98
f 358/34/98 969/25/98 972/34/98
f 972/34/98 969/25/98 364/33/98
f 357/34/98 969/25/98 358/34/98
f 971/34/98 969/25/98 357/34/98
f 357/34/98 355/33/98 971/34/98
f 969/25/98 971/34/98 970/25/98
f 971/34/98 355/33/98 970/25/98
f 969/25/98 340/30/98 968/31/98
f 338/30/98 968/31/98 340/30/98
f 970/25/98 967/31/98 338/30/98
f 968/31/98 338/30/98 967/31/98
f 355/33/98 356/32/98 970/25/98
f 356/32/98 967/31/98 970/25/98
f 364/33/98 969/25/98 363/32/98
f 363/32/98 969/25/98 968/31/98
f 968/31/98 351/31/98 363/32/98
f 351/31/98 968/31/98 967/31/98
f 349/31/98 967/31/98 356/32/98
f 349/31/98 351/31/98 967/31/98
f 978/34/113 412/33/113 406/34/113
f 406/34/113 975/25/113 978/34/113
f 978/34/113 975/25/113 412/33/113
f 405/34/113 975/25/113 406/34/113
f 977/34/113 975/25/113 405/34/113
f 405/34/113 403/33/113 977/34/113
f 975/25/113 977/34/113 976/25/113
f 977/34/113 403/33/113 976/25/113
f 975/25/113 388/30/113 974/31/113
f 386/30/113 974/31/113 388/30/113
f 976/25/113 973/31/113 386/30/113
f 974/31/113 386/30/113 973/31/113
f 403/33/113 404/32/113 976/25/113
f 404/32/113 973/31/113 976/25/113
f 412/33/113 975/25/113 411/32/113
f 411/32/113 975/25/113 974/31/113
f 974/31/113 399/31/113 411/32/113
f 399/31/113 974/31/113 973/31/113
f 397/31/113 973/31/113 404/32/113
f 397/31/113 399/31/113 973/31/113
f 438/30/30 979/25/30 437/30/30
f 979/25/30 438/30/30 980/25/30
f 981/31/28 451/31/28 449/31/28
f 456/32/28 981/31/28 449/31/28
f 982/25/28 981/31/28 456/32/28
f 982/25/28 456/32/28 455/33/28
f 981/31/28 435/30/28 451/31/28
f 435/30/28 981/31/28 982/25/28
f 982/25/28 455/33/28 983/34/28
f 982/25/28 983/34/28 979/25/28
f 983/34/28 455/33/28 457/34/28
f 457/34/28 979/25/28 983/34/28
f 458/34/28 979/25/28 457/34/28
f 451/31/28 435/30/28 984/31/28
f 437/30/28 984/31/28 435/30/28
f 984/31/28 437/30/28 979/25/28
f 463/32/28 451/31/28 984/31/28
f 984/31/28 979/25/28 463/32/28
f 463/32/28 979/25/28 464/33/28
f 985/34/28 979/25/28 458/34/28
f 464/33/28 979/25/28 985/34/28
f 458/34/28 464/33/28 985/34/28
f 992/34/129 516/33/129 510/34/129
f 992/34/129 986/25/129 516/33/129
f 510/34/129 986/25/129 992/34/129
f 516/33/129 986/25/129 515/32/129
f 515/32/129 986/25/129 991/31/129
f 991/31/129 503/31/129 515/32/129
f 986/25/129 489/30/129 991/31/129
f 487/30/129 991/31/129 489/30/129
f 991/31/129 487/30/129 503/31/129
f 509/34/129 986/25/129 510/34/129
f 990/34/129 986/25/129 509/34/129
f 509/34/129 507/33/129 990/34/129
f 986/25/129 990/34/129 989/25/129
f 990/34/129 507/33/129 989/25/129
f 989/25/129 988/31/129 487/30/129
f 503/31/129 487/30/129 988/31/129
f 507/33/129 508/32/129 989/25/129
f 508/32/129 988/31/129 989/25/129
f 501/31/129 988/31/129 508/32/129
f 501/31/129 503/31/129 988/31/129
f 987/25/131 490/30/131 986/25/131
f 489/30/131 986/25/131 490/30/131
f 999/34/82 568/33/82 562/34/82
f 999/34/82 993/25/82 568/33/82
f 562/34/82 993/25/82 999/34/82
f 568/33/82 993/25/82 567/32/82
f 567/32/82 993/25/82 998/31/82
f 998/31/82 555/31/82 567/32/82
f 993/25/82 541/30/82 998/31/82
f 539/30/82 998/31/82 541/30/82
f 998/31/82 539/30/82 555/31/82
f 561/34/82 993/25/82 562/34/82
f 997/34/82 993/25/82 561/34/82
f 561/34/82 559/33/82 997/34/82
f 993/25/82 997/34/82 996/25/82
f 997/34/82 559/33/82 996/25/82
f 996/25/82 995/31/82 539/30/82
f 555/31/82 539/30/82 995/31/82
f 559/33/82 560/32/82 996/25/82
f 560/32/82 995/31/82 996/25/82
f 553/31/82 995/31/82 560/32/82
f 553/31/82 555/31/82 995/31/82
f 994/25/84 542/30/84 993/25/84
f 541/30/84 993/25/84 542/30/84
f 490/30/7 1000/25/7 591/30/7
f 1000/25/7 490/30/7 987/25/7
f 1001/31/15 603/31/15 601/31/15
f 608/32/15 1001/31/15 601/31/15
f 1002/25/15 1001/31/15 608/32/15
f 1002/25/15 608/32/15 607/33/15
f 1001/31/15 589/30/15 603/31/15
f 589/30/15 1001/31/15 1002/25/15
f 1002/25/15 607/33/15 1003/34/15
f 1002/25/15 1003/34/15 1000/25/15
f 1003/34/15 607/33/15 609/34/15
f 609/34/15 1000/25/15 1003/34/15
f 610/34/15 1000/25/15 609/34/15
f 603/31/15 589/30/15 1004/31/15
f 591/30/15 1004/31/15 589/30/15
f 1004/31/15 591/30/15 1000/25/15
f 615/32/15 603/31/15 1004/31/15
f 1004/31/15 1000/25/15 615/32/15
f 615/32/15 1000/25/15 616/33/15
f 1005/34/15 1000/25/15 610/34/15
f 616/33/15 1000/25/15 1005/34/15
f 610/34/15 616/33/15 1005/34/15
f 1011/34/145 664/33/145 658/34/145
f 658/34/145 1008/25/145 1011/34/145
f 1011/34/145 1008/25/145 664/33/145
f 657/34/145 1008/25/145 658/34/145
f 1010/34/145 1008/25/145 657/34/145
f 657/34/145 655/33/145 1010/34/145
f 1008/25/145 1010/34/145 1009/25/145
f 1010/34/145 655/33/145 1009/25/145
f 1008/25/145 640/30/145 1007/31/145
f 638/30/145 1007/31/145 640/30/145
f 1009/25/145 1006/31/145 638/30/145
f 1007/31/145 638/30/145 1006/31/145
f 655/33/145 656/32/145 1009/25/145
f 656/32/145 1006/31/145 1009/25/145
f 664/33/145 1008/25/145 663/32/145
f 663/32/145 1008/25/145 1007/31/145
f 1007/31/145 651/31/145 663/32/145
f 651/31/145 1007/31/145 1006/31/145
f 649/31/145 1006/31/145 656/32/145
f 649/31/145 651/31/145 1006/31/145
f 1017/34/129 716/33/129 710/34/129
f 1017/34/129 933/25/129 716/33/129
f 710/34/129 933/25/129 1017/34/129
f 716/33/129 933/25/129 715/32/129
f 715/32/129 933/25/129 1016/31/129
f 1016/31/129 703/31/129 715/32/129
f 933/25/129 689/30/129 1016/31/129
f 687/30/129 1016/31/129 689/30/129
f 1016/31/129 687/30/129 703/31/129
f 709/34/129 933/25/129 710/34/129
f 1015/34/129 933/25/129 709/34/129
f 709/34/129 707/33/129 1015/34/129
f 933/25/129 1015/34/129 1014/25/129
f 1015/34/129 707/33/129 1014/25/129
f 1014/25/129 1013/31/129 687/30/129
f 703/31/129 687/30/129 1013/31/129
f 707/33/129 708/32/129 1014/25/129
f 708/32/129 1013/31/129 1014/25/129
f 701/31/129 1013/31/129 708/32/129
f 701/31/129 703/31/129 1013/31/129
f 1012/25/131 690/30/131 933/25/131
f 689/30/131 933/25/131 690/30/131
f 1018/25/166 735/30/166 738/30/166
f 735/30/166 1018/25/166 736/33/166
f 736/33/166 1018/25/166 752/34/166
f 752/34/166 1018/25/166 751/34/166
f 1019/25/166 751/34/166 1018/25/166
f 1019/25/166 756/33/166 751/34/166
f 740/30/166 756/33/166 1019/25/166
f 756/33/166 740/30/166 742/30/166
f 1022/35/4 1021/36/4 1020/35/4
f 1025/35/7 1024/35/7 1023/36/7
f 897/38/15 1024/35/15 1026/37/15
f 1020/35/15 897/38/15 1026/37/15
f 896/39/15 1024/35/15 897/38/15
f 1020/35/15 898/39/15 897/38/15
f 1020/35/15 894/40/15 898/39/15
f 1021/36/15 894/40/15 1020/35/15
f 895/40/15 1024/35/15 896/39/15
f 894/40/15 1021/36/15 895/40/15
f 895/40/15 1023/36/15 1024/35/15
f 1023/36/15 895/40/15 1021/36/15
f 1029/35/188 1028/36/188 1027/35/188
f 1032/35/189 1031/35/189 1030/36/189
f 913/38/180 1031/35/180 1033/37/180
f 1027/35/180 913/38/180 1033/37/180
f 912/39/180 1031/35/180 913/38/180
f 1027/35/180 914/39/180 913/38/180
f 1027/35/180 910/40/180 914/39/180
f 1028/36/180 910/40/180 1027/35/180
f 911/40/180 1031/35/180 912/39/180
f 910/40/180 1028/36/180 911/40/180
f 911/40/180 1030/36/180 1031/35/180
f 1030/36/180 911/40/180 1028/36/180
f 1042/46/195 1043/47/195 1044/48/195
f 1044/48/195 1043/47/195 1034/41/195
f 1043/47/195 921/47/195 1034/41/195
f 1034/41/195 921/47/195 1035/41/195
f 1045/47/195 1035/41/195 921/47/195
f 1042/46/193 1044/48/194 1041/45/193
f 1040/44/194 1041/45/193 1044/48/194
f 1040/44/194 1044/48/194 1036/42/190
f 1034/41/190 1036/42/190 1044/48/194
f 1043/47/7 1042/46/193 1039/43/7
f 1041/45/193 1039/43/7 1042/46/193
f 1041/45/192 1040/44/192 1039/43/192
f 1040/44/192 1036/42/192 1039/43/192
f 1039/43/192 1036/42/192 1038/43/192
f 1037/42/192 1038/43/192 1036/42/192
f 1037/42/191 1036/42/190 1035/41/191
f 1034/41/190 1035/41/191 1036/42/190
f 1048/42/196 1047/41/197 1046/41/196
f 1047/41/197 1048/42/196 1049/42/197
f 1048/42/198 1050/43/198 1049/42/198
f 1050/43/198 1048/42/198 1051/43/198
f 1051/43/198 1048/42/198 1052/44/198
f 1051/43/198 1052/44/198 1053/45/198
f 1054/46/199 1051/43/185 1053/45/199
f 1051/43/185 1054/46/199 1055/47/185
f 1056/48/200 1048/42/196 1046/41/196
f 1048/42/196 1056/48/200 1052/44/200
f 1056/48/200 1053/45/199 1052/44/200
f 1053/45/199 1056/48/200 1054/46/199
f 924/47/201 1047/41/201 1057/47/201
f 1047/41/201 924/47/201 1046/41/201
f 1046/41/201 924/47/201 1055/47/201
f 1046/41/201 1055/47/201 1056/48/201
f 1056/48/201 1055/47/201 1054/46/201
f 1064/46/207 1055/47/207 1065/48/207
f 1065/48/207 1055/47/207 1058/41/207
f 1055/47/207 924/47/207 1058/41/207
f 1058/41/207 924/47/207 1059/41/207
f 1057/47/207 1059/41/207 924/47/207
f 1064/46/205 1065/48/206 1063/45/205
f 1062/44/206 1063/45/205 1065/48/206
f 1062/44/206 1065/48/206 1060/42/202
f 1058/41/202 1060/42/202 1065/48/206
f 1055/47/185 1064/46/205 1051/43/185
f 1063/45/205 1051/43/185 1064/46/205
f 1063/45/204 1062/44/204 1051/43/204
f 1062/44/204 1060/42/204 1051/43/204
f 1051/43/204 1060/42/204 1050/43/204
f 1061/42/204 1050/43/204 1060/42/204
f 1061/42/203 1060/42/202 1059/41/203
f 1058/41/202 1059/41/203 1060/42/202
f 1068/42/208 1067/41/209 1066/41/208
f 1067/41/209 1068/42/208 1069/42/209
f 1068/42/210 1038/43/210 1069/42/210
f 1038/43/210 1068/42/210 1039/43/210
f 1039/43/210 1068/42/210 1070/44/210
f 1039/43/210 1070/44/210 1071/45/210
f 1072/46/211 1039/43/7 1071/45/211
f 1039/43/7 1072/46/211 1043/47/7
f 1073/48/212 1068/42/208 1066/41/208
f 1068/42/208 1073/48/212 1070/44/212
f 1073/48/212 1071/45/211 1070/44/212
f 1071/45/211 1073/48/212 1072/46/211
f 921/47/213 1067/41/213 1045/47/213
f 1067/41/213 921/47/213 1066/41/213
f 1066/41/213 921/47/213 1043/47/213
f 1066/41/213 1043/47/213 1073/48/213
f 1073/48/213 1043/47/213 1072/46/213
f 1076/49/215 1075/43/214 1074/49/214
f 1075/43/214 1076/49/215 1077/43/215
f 1080/50/216 1079/41/217 1078/41/216
f 1079/41/217 1080/50/216 1081/50/217
f 1084/52/219 1083/41/218 1082/51/218
f 1083/41/218 1084/52/219 1085/53/219
f 1081/50/217 1083/41/218 1079/41/217
f 1083/41/218 1081/50/217 1082/51/218
f 1086/54/220 1085/53/219 1084/52/219
f 1085/53/219 1086/54/220 1087/55/220
f 1077/43/215 1087/55/220 1086/54/220
f 1087/55/220 1077/43/215 1076/49/215
f 1076/49/221 1085/53/221 1087/55/221
f 1085/53/221 1076/49/221 1083/41/221
f 1083/41/221 1076/49/221 1079/41/221
f 1079/41/221 1076/49/221 1074/49/221
f 1079/41/221 1074/49/221 1078/41/221
f 1078/41/221 1074/49/221 1088/56/221
f 1078/41/221 1088/56/221 1089/41/221
f 1082/51/222 1086/54/222 1084/52/222
f 1086/54/222 1082/51/222 1077/43/222
f 1077/43/222 1082/51/222 1081/50/222
f 1077/43/222 1081/50/222 1075/43/222
f 1075/43/222 1081/50/222 1080/50/222
f 1096/50/222 1097/50/222 1091/43/222
f 1091/43/222 1097/50/222 1093/43/222
f 1097/50/222 1098/51/222 1093/43/222
f 1093/43/222 1098/51/222 1102/54/222
f 1100/52/222 1102/54/222 1098/51/222
f 1105/41/221 1104/56/221 1094/41/221
f 1104/56/221 1090/49/221 1094/41/221
f 1094/41/221 1090/49/221 1095/41/221
f 1090/49/221 1092/49/221 1095/41/221
f 1095/41/221 1092/49/221 1099/41/221
f 1099/41/221 1092/49/221 1101/53/221
f 1103/55/221 1101/53/221 1092/49/221
f 1092/49/223 1093/43/223 1103/55/227
f 1102/54/227 1103/55/227 1093/43/223
f 1103/55/227 1102/54/227 1101/53/226
f 1100/52/226 1101/53/226 1102/54/227
f 1098/51/225 1097/50/224 1099/41/225
f 1095/41/224 1099/41/225 1097/50/224
f 1101/53/226 1100/52/226 1099/41/225
f 1098/51/225 1099/41/225 1100/52/226
f 1097/50/224 1096/50/216 1095/41/224
f 1094/41/216 1095/41/224 1096/50/216
f 1093/43/223 1092/49/223 1091/43/214
f 1090/49/214 1091/43/214 1092/49/223
f 1108/57/222 1107/43/222 1106/57/222
f 1107/43/222 1108/57/222 1109/43/222
f 1108/57/216 1111/41/216 1110/41/216
f 1111/41/216 1108/57/216 1106/57/216
f 1113/58/221 1111/41/221 1112/58/221
f 1111/41/221 1113/58/221 1110/41/221
f 1116/57/228 1115/43/228 1114/57/228
f 1115/43/228 1116/57/228 1117/43/228
f 1116/57/229 1119/41/229 1118/41/229
f 1119/41/229 1116/57/229 1114/57/229
f 1121/58/230 1119/41/230 1120/58/230
f 1119/41/230 1121/58/230 1118/41/230
f 1124/49/232 1123/43/231 1122/49/231
f 1123/43/231 1124/49/232 1125/43/232
f 1128/50/229 1127/41/233 1126/41/229
f 1127/41/233 1128/50/229 1129/50/233
f 1132/52/235 1131/41/234 1130/51/234
f 1131/41/234 1132/52/235 1133/53/235
f 1129/50/233 1131/41/234 1127/41/233
f 1131/41/234 1129/50/233 1130/51/234
f 1134/54/236 1133/53/235 1132/52/235
f 1133/53/235 1134/54/236 1135/55/236
f 1125/43/232 1135/55/236 1134/54/236
f 1135/55/236 1125/43/232 1124/49/232
f 1124/49/230 1133/53/230 1135/55/230
f 1133/53/230 1124/49/230 1131/41/230
f 1131/41/230 1124/49/230 1127/41/230
f 1127/41/230 1124/49/230 1122/49/230
f 1127/41/230 1122/49/230 1126/41/230
f 1126/41/230 1122/49/230 1136/56/230
f 1126/41/230 1136/56/230 1137/41/230
f 1130/51/228 1134/54/228 1132/52/228
f 1134/54/228 1130/51/228 1125/43/228
f 1125/43/228 1130/51/228 1129/50/228
f 1125/43/228 1129/50/228 1123/43/228
f 1123/43/228 1129/50/228 1128/50/228
f 1144/50/228 1145/50/228 1139/43/228
f 1139/43/228 1145/50/228 1141/43/228
f 1145/50/228 1146/51/228 1141/43/228
f 1141/43/228 1146/51/228 1150/54/228
f 1148/52/228 1150/54/228 1146/51/228
f 1153/41/230 1152/56/230 1142/41/230
f 1152/56/230 1138/49/230 1142/41/230
f 1142/41/230 1138/49/230 1143/41/230
f 1138/49/230 1140/49/230 1143/41/230
f 1143/41/230 1140/49/230 1147/41/230
f 1147/41/230 1140/49/230 1149/53/230
f 1151/55/230 1149/53/230 1140/49/230
f 1140/49/237 1141/43/237 1151/55/241
f 1150/54/241 1151/55/241 1141/43/237
f 1151/55/241 1150/54/241 1149/53/240
f 1148/52/240 1149/53/240 1150/54/241
f 1146/51/239 1145/50/238 1147/41/239
f 1143/41/238 1147/41/239 1145/50/238
f 1149/53/240 1148/52/240 1147/41/239
f 1146/51/239 1147/41/239 1148/52/240
f 1145/50/238 1144/50/229 1143/41/238
f 1142/41/229 1143/41/238 1144/50/229
f 1141/43/237 1140/49/237 1139/43/231
f 1138/49/231 1139/43/231 1140/49/237
f 1156/42/209 1155/41/209 1154/41/209
f 1155/41/209 1156/42/209 1157/42/209
f 1159/46/213 1155/41/213 1158/46/213
f 1155/41/213 1159/46/213 1154/41/213
f 1156/42/210 1160/43/210 1157/42/210
f 1160/43/210 1156/42/210 1161/43/210
f 1026/61/242 1162/60/242 1020/59/242
f 1162/60/242 1026/61/242 1163/62/242
f 1163/62/242 1026/61/242 1164/61/242
f 1166/63/4 1020/59/244 1165/63/243
f 1020/59/244 1166/63/4 1022/59/4
f 1167/64/245 1166/63/245 1165/63/245
f 1166/63/245 1167/64/245 1168/43/245
f 1168/43/245 1167/64/245 1169/65/245
f 1168/43/245 1169/65/245 1170/43/245
f 1025/59/7 1171/63/247 1024/59/246
f 1171/63/247 1025/59/7 1172/63/7
f 1175/64/250 1174/62/249 1173/60/248
f 1174/62/249 1175/64/250 1176/65/251
f 1165/63/243 1162/60/253 1167/64/252
f 1162/60/253 1165/63/243 1020/59/244
f 1176/65/254 1168/43/254 1170/43/254
f 1168/43/254 1176/65/254 1172/63/254
f 1172/63/254 1176/65/254 1175/64/254
f 1172/63/254 1175/64/254 1171/63/254
f 1024/59/255 1164/61/255 1026/61/255
f 1164/61/255 1024/59/255 1174/62/255
f 1174/62/255 1024/59/255 1173/60/255
f 1163/62/256 1167/64/252 1162/60/253
f 1167/64/252 1163/62/256 1169/65/257
f 1176/65/251 1164/61/15 1174/62/249
f 1164/61/15 1176/65/251 1170/43/15
f 1169/65/257 1164/61/15 1170/43/15
f 1164/61/15 1169/65/257 1163/62/256
f 1024/59/246 1175/64/250 1173/60/248
f 1175/64/250 1024/59/246 1171/63/247
f 1179/42/258 1178/41/258 1177/41/258
f 1178/41/258 1179/42/258 1180/42/258
f 1182/46/259 1178/41/259 1181/46/259
f 1178/41/259 1182/46/259 1177/41/259
f 1179/42/260 1161/43/260 1180/42/260
f 1161/43/260 1179/42/260 1160/43/260
f 1033/61/261 1183/60/261 1027/59/261
f 1183/60/261 1033/61/261 1184/62/261
f 1184/62/261 1033/61/261 1185/61/261
f 1187/63/188 1027/59/263 1186/63/262
f 1027/59/263 1187/63/188 1029/59/188
f 1188/64/264 1187/63/264 1186/63/264
f 1187/63/264 1188/64/264 1189/43/264
f 1189/43/264 1188/64/264 1190/65/264
f 1189/43/264 1190/65/264 1191/43/264
f 1032/59/189 1192/63/266 1031/59/265
f 1192/63/266 1032/59/189 1193/63/189
f 1196/64/269 1195/62/268 1194/60/267
f 1195/62/268 1196/64/269 1197/65/270
f 1186/63/262 1183/60/272 1188/64/271
f 1183/60/272 1186/63/262 1027/59/263
f 1197/65/273 1189/43/273 1191/43/273
f 1189/43/273 1197/65/273 1193/63/273
f 1193/63/273 1197/65/273 1196/64/273
f 1193/63/273 1196/64/273 1192/63/273
f 1031/59/274 1185/61/274 1033/61/274
f 1185/61/274 1031/59/274 1195/62/274
f 1195/62/274 1031/59/274 1194/60/274
f 1184/62/275 1188/64/271 1183/60/272
f 1188/64/271 1184/62/275 1190/65/276
f 1197/65/270 1185/61/180 1195/62/268
f 1185/61/180 1197/65/270 1191/43/180
f 1190/65/276 1185/61/180 1191/43/180
f 1185/61/180 1190/65/276 1184/62/275
f 1031/59/265 1196/64/269 1194/60/267
f 1196/64/269 1031/59/265 1192/63/266
f 81/67/28 75/66/28 83/66/28
f 75/66/28 81/67/28 77/67/28
f 157/67/52 161/67/52 155/66/52
f 163/66/52 155/66/52 161/67/52
f 213/67/15 207/66/15 215/66/15
f 207/66/15 213/67/15 209/67/15
f 251/69/15 255/68/15 252/68/15
f 255/68/15 251/69/15 256/69/15
f 259/71/15 263/70/15 260/70/15
f 263/70/15 259/71/15 264/71/15
f 321/67/82 325/67/82 319/66/82
f 327/66/82 319/66/82 325/67/82
f 369/67/98 373/67/98 367/66/98
f 375/66/98 367/66/98 373/67/98
f 417/67/113 421/67/113 415/66/113
f 423/66/113 415/66/113 421/67/113
f 473/67/28 467/66/28 475/66/28
f 467/66/28 473/67/28 469/67/28
f 521/67/129 525/67/129 519/66/129
f 527/66/129 519/66/129 525/67/129
f 573/67/82 577/67/82 571/66/82
f 579/66/82 571/66/82 577/67/82
f 625/67/15 619/66/15 627/66/15
f 619/66/15 625/67/15 621/67/15
f 669/67/145 673/67/145 667/66/145
f 675/66/145 667/66/145 673/67/145
f 721/67/129 725/67/129 719/66/129
f 727/66/129 719/66/129 725/67/129
f 885/73/15 883/72/15 888/72/15
f 901/73/180 899/72/180 904/72/180
f 118/74/26 117/74/26 116/74/26
f 117/74/26 118/74/26 115/74/26
f 115/74/26 118/74/26 119/74/26
f 115/74/26 119/74/26 120/74/26
f 115/74/26 120/74/26 113/74/26
f 115/74/26 113/74/26 114/74/26
f 806/74/26 805/74/26 804/74/26
f 805/74/26 806/74/26 803/74/26
f 803/74/26 806/74/26 807/74/26
f 803/74/26 807/74/26 808/74/26
f 803/74/26 808/74/26 801/74/26
f 803/74/26 801/74/26 802/74/26
f 1200/75/279 1199/75/278 1198/75/277
f 1199/75/278 1200/75/279 1201/75/280
f 1201/75/280 1200/75/279 1202/75/281
f 1201/75/280 1202/75/281 1203/75/282
f 1206/77/285 1205/76/284 1204/76/283
f 1205/76/284 1206/77/285 1207/77/286
f 1209/76/288 1207/77/286 1208/77/287
f 1207/77/286 1209/76/288 1205/76/284
f 1204/76/283 1210/77/289 1206/77/285
f 1210/77/289 1204/76/283 1211/76/290
f 1211/76/290 1212/77/291 1210/77/289
f 1212/77/291 1211/76/290 1213/76/292
f 1215/76/294 1208/77/287 1214/77/293
f 1208/77/287 1215/76/294 1209/76/288
f 1215/76/294 1212/77/291 1213/76/292
f 1212/77/291 1215/76/294 1214/77/293
f 1205/76/284 1202/75/281 1204/76/283
f 1202/75/281 1205/76/284 1203/75/282
f 1199/75/278 1209/76/288 1215/76/294
f 1209/76/288 1199/75/278 1201/75/280
f 1198/75/277 1215/76/294 1213/76/292
f 1215/76/294 1198/75/277 1199/75/278
f 1201/75/280 1205/76/284 1209/76/288
f 1205/76/284 1201/75/280 1203/75/282
f 1200/75/279 1213/76/292 1211/76/290
f 1213/76/292 1200/75/279 1198/75/277
f 1202/75/281 1211/76/290 1204/76/283
f 1211/76/290 1202/75/281 1200/75/279
f 1218/75/297 1217/75/296 1216/75/295
f 1217/75/296 1218/75/297 1219/75/298
f 1219/75/298 1218/75/297 1220/75/299
f 1219/75/298 1220/75/299 1221/75/300
f 1224/77/303 1223/76/302 1222/76/301
f 1223/76/302 1224/77/303 1225/77/304
f 1227/76/306 1225/77/304 1226/77/305
f 1225/77/304 1227/76/306 1223/76/302
f 1222/76/301 1228/77/307 1224/77/303
f 1228/77/307 1222/76/301 1229/76/308
f 1229/76/308 1230/77/309 1228/77/307
f 1230/77/309 1229/76/308 1231/76/310
f 1233/76/312 1226/77/305 1232/77/311
f 1226/77/305 1233/76/312 1227/76/306
f 1233/76/312 1230/77/309 1231/76/310
f 1230/77/309 1233/76/312 1232/77/311
f 1223/76/302 1220/75/299 1222/76/301
f 1220/75/299 1223/76/302 1221/75/300
f 1217/75/296 1227/76/306 1233/76/312
f 1227/76/306 1217/75/296 1219/75/298
f 1216/75/295 1233/76/312 1231/76/310
f 1233/76/312 1216/75/295 1217/75/296
f 1219/75/298 1223/76/302 1227/76/306
f 1223/76/302 1219/75/298 1221/75/300
f 1218/75/297 1231/76/310 1229/76/308
f 1231/76/310 1218/75/297 1216/75/295
f 1220/75/299 1229/76/308 1222/76/301
f 1229/76/308 1220/75/299 1218/75/297
f 1236/75/279 1235/75/278 1234/75/277
f 1235/75/278 1236/75/279 1237/75/280
f 1237/75/280 1236/75/279 1238/75/281
f 1237/75/280 1238/75/281 1239/75/282
f 1242/77/285 1241/76/284 1240/76/283
f 1241/76/284 1242/77/285 1243/77/286
f 1245/76/288 1243/77/286 1244/77/287
f 1243/77/286 1245/76/288 1241/76/284
f 1240/76/283 1246/77/289 1242/77/285
f 1246/77/289 1240/76/283 1247/76/290
f 1247/76/290 1248/77/291 1246/77/289
f 1248/77/291 1247/76/290 1249/76/292
f 1251/76/294 1244/77/287 1250/77/293
f 1244/77/287 1251/76/294 1245/76/288
f 1251/76/294 1248/77/291 1249/76/292
f 1248/77/291 1251/76/294 1250/77/293
f 1241/76/284 1238/75/281 1240/76/283
f 1238/75/281 1241/76/284 1239/75/282
f 1235/75/278 1245/76/288 1251/76/294
f 1245/76/288 1235/75/278 1237/75/280
f 1234/75/277 1251/76/294 1249/76/292
f 1251/76/294 1234/75/277 1235/75/278
f 1237/75/280 1241/76/284 1245/76/288
f 1241/76/284 1237/75/280 1239/75/282
f 1236/75/279 1249/76/292 1247/76/290
f 1249/76/292 1236/75/279 1234/75/277
f 1238/75/281 1247/76/290 1240/76/283
f 1247/76/290 1238/75/281 1236/75/279
f 1254/75/297 1253/75/296 1252/75/295
f 1253/75/296 1254/75/297 1255/75/298
f 1255/75/298 1254/75/297 1256/75/299
f 1255/75/298 1256/75/299 1257/75/300
f 1260/77/303 1259/76/302 1258/76/301
f 1259/76/302 1260/77/303 1261/77/304
f 1263/76/306 1261/77/304 1262/77/305
f 1261/77/304 1263/76/306 1259/76/302
f 1258/76/301 1264/77/307 1260/77/303
f 1264/77/307 1258/76/301 1265/76/308
f 1265/76/308 1266/77/309 1264/77/307
f 1266/77/309 1265/76/308 1267/76/310
f 1269/76/312 1262/77/305 1268/77/311
f 1262/77/305 1269/76/312 1263/76/306
f 1269/76/312 1266/77/309 1267/76/310
f 1266/77/309 1269/76/312 1268/77/311
f 1259/76/302 1256/75/299 1258/76/301
f 1256/75/299 1259/76/302 1257/75/300
f 1253/75/296 1263/76/306 1269/76/312
f 1263/76/306 1253/75/296 1255/75/298
f 1252/75/295 1269/76/312 1267/76/310
f 1269/76/312 1252/75/295 1253/75/296
f 1255/75/298 1259/76/302 1263/76/306
f 1259/76/302 1255/75/298 1257/75/300
f 1254/75/297 1267/76/310 1265/76/308
f 1267/76/310 1254/75/297 1252/75/295
f 1256/75/299 1265/76/308 1258/76/301
f 1265/76/308 1256/75/299 1254/75/297
f 234/78/15 250/79/15 235/78/15
f 250/79/15 234/78/15 248/80/15
f 253/79/15 235/78/15 250/79/15
f 235/78/15 253/79/15 247/80/15
f 250/79/15 248/80/15 249/81/15
f 247/80/15 253/79/15 254/81/15
f 249/81/15 258/82/15 254/81/15
f 249/81/15 248/80/15 258/82/15
f 261/82/15 254/81/15 258/82/15
f 247/80/15 254/81/15 261/82/15
f 258/82/15 248/80/15 257/83/15
f 247/80/15 261/82/15 262/83/15
f 257/83/15 248/80/15 262/83/15
f 247/80/15 262/83/15 248/80/15
f 760/80/166 746/78/166 748/78/166
f 746/78/166 760/80/166 759/80/166
