mtllib city_building-type-u.mtl
g building-type-u
v -0.121 0.886 0.14347
v -0.106 0.866 0.14347
v 0.145 1.0855 0.14347
v 0.16 1.0655 0.14347
v 0.176 1.0775 0.42347
v 0.161 1.0975 0.42347
v 0.176 1.0775 0.16347
v 0.161 1.0975 0.16347
v -0.122 0.854 0.42347
v -0.122 0.854 0.16347
v -0.137 0.874 0.42347
v -0.137 0.874 0.16347
v -0.121 0.886 0.44347
v 0.145 1.0855 0.44347
v -0.106 0.866 0.44347
v 0.16 1.0655 0.44347
v -0.11272 0.89221 0.16847
v -0.117 0.889 0.17382
v 0.13672 1.0793 0.16847
v 0.141 1.0825 0.17382
v -0.117 0.889 0.28097
v 0.141 1.0825 0.28097
v -0.117 0.889 0.30597
v 0.141 1.0825 0.30597
v -0.117 0.889 0.41311
v 0.141 1.0825 0.41311
v -0.11272 0.89221 0.41847
v 0.13672 1.0793 0.41847
v -0.1095 0.879 0.28097
v -0.1095 0.879 0.17382
v 0.1485 1.0725 0.28097
v 0.1485 1.0725 0.17382
v 0.14422 1.0693 0.16847
v -0.10522 0.88221 0.16847
v -0.1095 0.879 0.30597
v 0.1485 1.0725 0.30597
v -0.1095 0.879 0.41311
v -0.10522 0.88221 0.41847
v 0.14422 1.0693 0.41847
v 0.1485 1.0725 0.41311
v -0.144 0.4 -0.30653
v -0.144 0.4 -0.32653
v -0.53572 0.4 -0.30653
v -0.544 0.4 -0.32653
v -0.544 0.4 -0.29825
v -0.544 0.4 0.093467
v -0.564 0.4 0.093467
v -0.564 0.4 -0.30653
v -0.564 0.45 0.093467
v -0.564 0.45 -0.30653
v -0.544 0.45 0.093467
v -0.544 0.45 -0.32653
v -0.544 0.45 -0.29825
v -0.53572 0.45 -0.30653
v -0.144 0.45 -0.32653
v -0.144 0.45 -0.30653
v -0.144 0.4 0.093467
v 0.676 3.666e-18 0.093467
v 0.676 5.6399e-18 -0.10653
v 0.256 3.666e-18 0.093467
v 0.256 3.666e-18 -0.10653
v 0.676 0.05 -0.10653
v 0.676 0.05 0.093467
v 0.656 0.05 -0.10653
v 0.656 0.05 0.093467
v -0.544 0.4 0.093467
v -0.564 0.4 0.093467
v -0.544 0.4 0.48518
v -0.564 0.4 0.49347
v -0.53572 0.4 0.49347
v -0.144 0.4 0.49347
v -0.144 0.4 0.51347
v -0.544 0.4 0.51347
v -0.144 0.45 0.51347
v -0.544 0.45 0.51347
v -0.144 0.45 0.49347
v -0.564 0.45 0.49347
v -0.53572 0.45 0.49347
v -0.544 0.45 0.48518
v -0.564 0.45 0.093467
v -0.544 0.45 0.093467
v -0.144 0.4 0.093467
v 0.256 5.6399e-18 0.51347
v 0.656 5.6399e-18 0.51347
v 0.256 5.6399e-18 0.093467
v 0.676 5.6399e-18 0.49347
v 0.676 5.6399e-18 0.093467
v 0.256 0.05 0.51347
v 0.256 0.05 0.49347
v 0.656 0.05 0.51347
v 0.676 0.05 0.49347
v 0.656 0.05 0.49347
v 0.676 0.05 0.093467
v 0.656 0.05 0.093467
v 0.59265 0.94401 0.37081
v 0.58401 0.94401 0.39167
v 0.6074 0.97351 0.37081
v 0.59444 0.97351 0.4021
v 0.53365 0.94401 0.37081
v 0.5189 0.97351 0.37081
v 0.54229 0.94401 0.39167
v 0.53186 0.97351 0.4021
v 0.58401 0.88501 0.39167
v 0.56315 0.88501 0.40031
v 0.56315 0.94401 0.40031
v 0.59444 0.97351 0.33952
v 0.58401 0.94401 0.34995
v 0.56315 0.97351 0.41506
v 0.56315 0.94401 0.34131
v 0.56315 0.97351 0.32656
v 0.54229 0.94401 0.34995
v 0.53186 0.97351 0.33952
v 0.59265 1.003 0.37081
v 0.58401 1.003 0.39167
v 0.54229 0.88501 0.39167
v 0.54229 0.88501 0.34995
v 0.56315 0.88501 0.34131
v 0.53365 0.88501 0.37081
v 0.54229 1.003 0.34995
v 0.56315 1.003 0.34131
v 0.58401 1.003 0.34995
v 0.56315 1.003 0.40031
v 0.54229 1.003 0.39167
v 0.53365 1.003 0.37081
v 0.58401 0.88501 0.34995
v 0.59265 0.88501 0.37081
v 0.59265 0.94401 0.27081
v 0.58401 0.94401 0.29167
v 0.6074 0.97351 0.27081
v 0.59444 0.97351 0.3021
v 0.53365 0.94401 0.27081
v 0.5189 0.97351 0.27081
v 0.54229 0.94401 0.29167
v 0.53186 0.97351 0.3021
v 0.58401 0.88501 0.29167
v 0.56315 0.88501 0.30031
v 0.56315 0.94401 0.30031
v 0.59444 0.97351 0.23952
v 0.58401 0.94401 0.24995
v 0.56315 0.97351 0.31506
v 0.56315 0.94401 0.24131
v 0.56315 0.97351 0.22656
v 0.54229 0.94401 0.24995
v 0.53186 0.97351 0.23952
v 0.59265 1.003 0.27081
v 0.58401 1.003 0.29167
v 0.54229 0.88501 0.29167
v 0.54229 0.88501 0.24995
v 0.56315 0.88501 0.24131
v 0.53365 0.88501 0.27081
v 0.54229 1.003 0.24995
v 0.56315 1.003 0.24131
v 0.58401 1.003 0.24995
v 0.56315 1.003 0.30031
v 0.54229 1.003 0.29167
v 0.53365 1.003 0.27081
v 0.58401 0.88501 0.24995
v 0.59265 0.88501 0.27081
v -0.144 6.2672e-18 -0.32653
v -0.144 0.05 -0.32653
v -0.144 6.3343e-18 -0.42653
v -0.144 0.05 -0.42653
v -0.15864 6.3065e-18 -0.46189
v -0.15864 0.05 -0.46189
v -0.164 0.03 -0.32653
v -0.164 0.03 -0.42255
v -0.164 0.05 -0.32653
v -0.164 0.05 -0.42255
v -0.194 0.05 -0.47653
v -0.194 6.3343e-18 -0.47653
v -0.19798 0.03 -0.45653
v -0.19798 0.05 -0.45653
v -0.17395 0.03 -0.44658
v -0.17395 0.05 -0.44658
v -0.664 6.3343e-18 0.093468
v -0.664 0.05 0.093468
v -0.564 6.2672e-18 0.093468
v -0.564 0.05 0.093468
v -0.69936 6.3065e-18 0.078823
v -0.69936 0.05 0.078823
v -0.68405 0.05 0.063516
v -0.68405 0.03 0.063516
v -0.66002 0.05 0.073468
v -0.66002 0.03 0.073468
v -0.694 0.03 -0.42255
v -0.694 0.03 0.039489
v -0.694 0.05 -0.42255
v -0.694 0.05 0.039489
v -0.564 0.05 0.073468
v -0.714 0.05 0.043468
v -0.714 0.05 -0.42653
v -0.68405 0.05 -0.44658
v -0.69936 0.05 -0.46189
v -0.66002 0.05 -0.45653
v -0.664 0.05 -0.47653
v -0.714 6.3343e-18 0.043468
v -0.714 1.1907e-17 -0.42653
v -0.564 0.03 0.073468
v -0.68405 0.03 -0.44658
v -0.66002 0.03 -0.45653
v -0.69936 1.1907e-17 -0.46189
v -0.664 1.1907e-17 -0.47653
v -0.544 5.6399e-18 -0.32653
v -0.564 5.6399e-18 -0.30653
v 0.326 1.8612e-16 -0.52653
v 0.326 0.27 -0.52653
v 0.326 1.8612e-16 -0.50653
v 0.326 0.27 -0.50653
v 0.586 0.27 -0.52653
v 0.586 1.8612e-16 -0.52653
v 0.586 0.27 -0.50653
v 0.586 1.8612e-16 -0.50653
v 0.616 0.05 -0.52653
v 0.616 0.05 -0.50653
v 0.656 0.05 -0.52653
v 0.656 0.05 -0.50653
v 0.656 0.05 -0.10653
v 0.676 0.05 -0.10653
v 0.676 0.05 -0.50653
v 0.616 0.28 -0.52653
v 0.616 0.28 -0.50653
v 0.676 5.6399e-18 -0.50653
v 0.676 5.6399e-18 -0.10653
v 0.656 4.5433e-17 -0.52653
v 0.296 0.28 -0.52653
v 0.296 0.05 -0.52653
v 0.296 0.28 -0.50653
v 0.296 0.05 -0.50653
v 0.316 0.3 -0.52653
v 0.316 0.3 -0.50653
v 0.596 0.3 -0.52653
v 0.596 0.3 -0.50653
v 0.256 0.05 -0.52653
v 0.256 4.5433e-17 -0.52653
v 0.236 0.05 -0.50653
v 0.236 5.6399e-18 -0.50653
v 0.236 0.05 -0.10653
v 0.236 5.6399e-18 -0.10653
v 0.256 0.05 -0.50653
v 0.256 0.05 -0.10653
v 0.47795 0.036889 -0.50653
v 0.47795 0.05 -0.50653
v 0.43405 0.036889 -0.50653
v 0.43405 0.05 -0.50653
v 0.47795 0.036889 -0.51753
v 0.43405 0.036889 -0.51753
v 0.47795 0.05 -0.51753
v 0.43405 0.05 -0.51753
v 0.156 0.28 0.51347
v 0.156 0.28 0.49347
v 0.156 0.05 0.51347
v 0.156 0.05 0.49347
v 0.256 0.05 0.49347
v 0.256 0.05 0.51347
v -0.144 0.05 0.49347
v -0.044 0.05 0.49347
v -0.144 0.05 0.51347
v -0.044 0.05 0.51347
v -0.144 3.666e-18 0.093467
v -0.144 0 0.51347
v 0.256 3.666e-18 0.093467
v -0.014 1.8414e-16 0.49347
v -0.014 1.8414e-16 0.51347
v 0.126 1.8414e-16 0.49347
v 0.126 1.8414e-16 0.51347
v 0.256 3.666e-18 0.51347
v -0.024 0.3 0.49347
v 0.136 0.3 0.49347
v -0.024 0.3 0.51347
v 0.136 0.3 0.51347
v -0.044 0.28 0.51347
v -0.044 0.28 0.49347
v 0.126 0.27 0.51347
v -0.014 0.27 0.51347
v -0.014 0.27 0.49347
v 0.126 0.27 0.49347
v 0.089212 0.095347 0.49347
v 0.089212 0.095347 0.50447
v 0.10848 0.095347 0.49347
v 0.10848 0.095347 0.50447
v 0.089212 0.13682 0.50447
v 0.089212 0.13682 0.49347
v 0.10848 0.13682 0.50447
v 0.10848 0.13682 0.49347
v 0.1019 0.11429 0.50447
v 0.1019 0.1274 0.50447
v 0.070982 0.11429 0.50447
v 0.070982 0.1274 0.50447
v 0.1019 0.11429 0.51547
v 0.070982 0.11429 0.51547
v 0.1019 0.1274 0.51547
v 0.070982 0.1274 0.51547
v 0.336 0.53 -0.32653
v 0.336 0.67 -0.32653
v 0.336 0.53 -0.30653
v 0.336 0.67 -0.30653
v 0.576 0.53 -0.32653
v 0.576 0.53 -0.30653
v 0.576 0.67 -0.30653
v 0.576 0.67 -0.32653
v 0.656 0.4 -0.32653
v 0.256 0.4 -0.32653
v 0.656 0.45 -0.32653
v 0.256 0.45 -0.32653
v 0.676 0.4 -0.30653
v 0.676 0.45 -0.30653
v 0.676 0.4 0.093467
v 0.676 0.45 0.093467
v 0.256 0.45 -0.30653
v 0.656 0.45 -0.30653
v 0.656 0.45 0.093467
v 0.256 0.4 0.093467
v 0.326 0.5 -0.30653
v 0.326 0.5 -0.32653
v 0.586 0.5 -0.30653
v 0.586 0.5 -0.32653
v 0.606 0.52 -0.32653
v 0.606 0.68 -0.32653
v 0.606 0.52 -0.30653
v 0.606 0.68 -0.30653
v 0.326 0.7 -0.32653
v 0.326 0.7 -0.30653
v 0.586 0.7 -0.32653
v 0.586 0.7 -0.30653
v 0.306 0.68 -0.32653
v 0.306 0.52 -0.32653
v 0.306 0.68 -0.30653
v 0.306 0.52 -0.30653
v 0.356 0.55 -0.30653
v 0.356 0.55 -0.28653
v 0.556 0.55 -0.30653
v 0.556 0.55 -0.28653
v 0.356 0.65 -0.28653
v 0.356 0.65 -0.30653
v 0.556 0.65 -0.28653
v 0.556 0.65 -0.30653
v 0.576 0.67 -0.30653
v 0.576 0.53 -0.30653
v 0.336 0.67 -0.30653
v 0.336 0.53 -0.30653
v -0.224 0.13 -0.32653
v -0.224 0.27 -0.32653
v -0.224 0.13 -0.30653
v -0.224 0.27 -0.30653
v -0.464 0.13 -0.32653
v -0.464 0.13 -0.30653
v -0.464 0.27 -0.30653
v -0.464 0.27 -0.32653
v -0.544 0 -0.32653
v -0.144 0 -0.32653
v -0.544 0.05 -0.32653
v -0.144 0.05 -0.32653
v -0.564 0 -0.30653
v -0.564 0.05 -0.30653
v -0.564 0 0.093467
v -0.564 0.05 0.093467
v -0.144 0.05 -0.30653
v -0.544 0.05 -0.30653
v -0.544 0.05 0.093467
v -0.144 0 0.093467
v -0.214 0.1 -0.30653
v -0.214 0.1 -0.32653
v -0.474 0.1 -0.30653
v -0.474 0.1 -0.32653
v -0.494 0.12 -0.32653
v -0.494 0.28 -0.32653
v -0.494 0.12 -0.30653
v -0.494 0.28 -0.30653
v -0.214 0.3 -0.32653
v -0.214 0.3 -0.30653
v -0.474 0.3 -0.32653
v -0.474 0.3 -0.30653
v -0.194 0.28 -0.32653
v -0.194 0.12 -0.32653
v -0.194 0.28 -0.30653
v -0.194 0.12 -0.30653
v -0.244 0.15 -0.30653
v -0.244 0.15 -0.28653
v -0.444 0.15 -0.30653
v -0.444 0.15 -0.28653
v -0.244 0.25 -0.28653
v -0.244 0.25 -0.30653
v -0.444 0.25 -0.28653
v -0.444 0.25 -0.30653
v -0.464 0.27 -0.30653
v -0.464 0.13 -0.30653
v -0.224 0.27 -0.30653
v -0.224 0.13 -0.30653
v -0.044 0.05 -0.32653
v -0.044 0.28 -0.32653
v -0.044 0.05 -0.30653
v -0.044 0.28 -0.30653
v -0.144 0.05 -0.32653
v 0.256 0.05 -0.32653
v 0.256 0.05 -0.30653
v 0.156 0.05 -0.32653
v 0.156 0.05 -0.30653
v -0.144 3.666e-18 -0.32653
v -0.014 1.8414e-16 -0.32653
v -0.014 1.8414e-16 -0.30653
v 0.126 1.8414e-16 -0.30653
v 0.126 1.8414e-16 -0.32653
v 0.256 0 -0.32653
v 0.136 0.3 -0.32653
v 0.136 0.3 -0.30653
v -0.024 0.3 -0.32653
v -0.024 0.3 -0.30653
v 0.156 0.28 -0.32653
v 0.156 0.28 -0.30653
v -0.014 0.27 -0.32653
v 0.126 0.27 -0.32653
v 0.126 0.27 -0.30653
v -0.014 0.27 -0.30653
v 0.036 0.22 -0.30653
v 0.036 0.05 -0.30653
v 0.036 0.22 -0.28653
v 0.036 0.05 -0.28653
v 0.076 0.22 -0.28653
v 0.076 0.22 -0.30653
v 0.076 0.05 -0.30653
v 0.076 0.05 -0.28653
v 0.022788 0.095347 -0.30653
v 0.022788 0.095347 -0.31753
v 0.0035183 0.095347 -0.30653
v 0.0035183 0.095347 -0.31753
v 0.022788 0.13682 -0.31753
v 0.022788 0.13682 -0.30653
v 0.0035183 0.13682 -0.31753
v 0.0035183 0.13682 -0.30653
v 0.010104 0.11429 -0.31753
v 0.010104 0.1274 -0.31753
v 0.041018 0.11429 -0.31753
v 0.041018 0.1274 -0.31753
v 0.010104 0.11429 -0.32853
v 0.041018 0.11429 -0.32853
v 0.010104 0.1274 -0.32853
v 0.041018 0.1274 -0.32853
v -0.224 0.13 0.51347
v -0.224 0.27 0.51347
v -0.224 0.13 0.49347
v -0.224 0.27 0.49347
v -0.464 0.13 0.51347
v -0.464 0.13 0.49347
v -0.464 0.27 0.49347
v -0.464 0.27 0.51347
v -0.544 0 0.51347
v -0.544 0.05 0.51347
v -0.564 0 0.49347
v -0.564 0.05 0.49347
v -0.564 0 0.093467
v -0.564 0.05 0.093467
v -0.144 0.05 0.49347
v -0.544 0.05 0.49347
v -0.544 0.05 0.093467
v -0.144 0 0.093467
v -0.214 0.1 0.49347
v -0.214 0.1 0.51347
v -0.474 0.1 0.49347
v -0.474 0.1 0.51347
v -0.494 0.12 0.51347
v -0.494 0.28 0.51347
v -0.494 0.12 0.49347
v -0.494 0.28 0.49347
v -0.214 0.3 0.51347
v -0.214 0.3 0.49347
v -0.474 0.3 0.51347
v -0.474 0.3 0.49347
v -0.194 0.28 0.51347
v -0.194 0.12 0.51347
v -0.194 0.28 0.49347
v -0.194 0.12 0.49347
v -0.244 0.15 0.49347
v -0.244 0.15 0.47347
v -0.444 0.15 0.49347
v -0.444 0.15 0.47347
v -0.244 0.25 0.47347
v -0.244 0.25 0.49347
v -0.444 0.25 0.47347
v -0.444 0.25 0.49347
v -0.464 0.27 0.49347
v -0.464 0.13 0.49347
v -0.224 0.27 0.49347
v -0.224 0.13 0.49347
v -0.164 0.4 0.36347
v -0.164 0.67 0.36347
v -0.144 0.4 0.36347
v -0.144 0.67 0.36347
v -0.164 0.67 0.22347
v -0.164 0.4 0.22347
v -0.144 0.67 0.22347
v -0.144 0.4 0.22347
v -0.144 0.45 0.51347
v -0.144 0.4 0.51347
v 0.256 0.45 0.51347
v 0.256 0.4 0.51347
v -0.144 0.45 0.19347
v -0.144 0.45 0.093467
v -0.164 0.45 0.19347
v -0.164 0.45 0.093467
v -0.164 0.68 0.19347
v -0.144 0.68 0.19347
v -0.164 0.4 0.093467
v -0.164 0.68 0.39347
v -0.164 0.7 0.21347
v -0.164 0.7 0.37347
v -0.164 0.45 0.39347
v -0.164 0.45 0.49347
v -0.164 0.4 0.49347
v 0.256 0.45 0.49347
v -0.144 0.45 0.49347
v -0.144 0.45 0.39347
v 0.256 0.4 0.093467
v -0.144 0.7 0.37347
v -0.144 0.7 0.21347
v -0.144 0.68 0.39347
v -0.144 0.49535 0.26026
v -0.155 0.49535 0.26026
v -0.144 0.49535 0.24099
v -0.155 0.49535 0.24099
v -0.155 0.53682 0.26026
v -0.144 0.53682 0.26026
v -0.155 0.53682 0.24099
v -0.144 0.53682 0.24099
v -0.155 0.51429 0.24757
v -0.155 0.5274 0.24757
v -0.155 0.51429 0.27849
v -0.155 0.5274 0.27849
v -0.166 0.51429 0.24757
v -0.166 0.51429 0.27849
v -0.166 0.5274 0.24757
v -0.166 0.5274 0.27849
v 0.176 0.53 -0.32653
v 0.176 0.67 -0.32653
v 0.176 0.53 -0.30653
v 0.176 0.67 -0.30653
v -0.064 0.53 -0.32653
v -0.064 0.53 -0.30653
v -0.064 0.67 -0.30653
v -0.064 0.67 -0.32653
v -0.144 0.4 -0.32653
v -0.144 0.45 -0.32653
v -0.164 0.4 -0.30653
v -0.164 0.45 -0.30653
v -0.164 0.4 0.093467
v -0.164 0.45 0.093467
v -0.144 0.45 -0.30653
v -0.144 0.45 0.093467
v 0.186 0.5 -0.30653
v 0.186 0.5 -0.32653
v -0.074 0.5 -0.30653
v -0.074 0.5 -0.32653
v -0.094 0.52 -0.32653
v -0.094 0.68 -0.32653
v -0.094 0.52 -0.30653
v -0.094 0.68 -0.30653
v 0.186 0.7 -0.32653
v 0.186 0.7 -0.30653
v -0.074 0.7 -0.32653
v -0.074 0.7 -0.30653
v 0.206 0.68 -0.32653
v 0.206 0.52 -0.32653
v 0.206 0.68 -0.30653
v 0.206 0.52 -0.30653
v 0.156 0.55 -0.30653
v 0.156 0.55 -0.28653
v -0.044 0.55 -0.30653
v -0.044 0.55 -0.28653
v 0.156 0.65 -0.28653
v 0.156 0.65 -0.30653
v -0.044 0.65 -0.28653
v -0.044 0.65 -0.30653
v -0.064 0.67 -0.30653
v -0.064 0.53 -0.30653
v 0.176 0.67 -0.30653
v 0.176 0.53 -0.30653
v 0.336 0.53 0.51347
v 0.336 0.67 0.51347
v 0.336 0.53 0.49347
v 0.336 0.67 0.49347
v 0.576 0.53 0.51347
v 0.576 0.53 0.49347
v 0.576 0.67 0.49347
v 0.576 0.67 0.51347
v 0.656 0.4 0.51347
v 0.256 0.4 0.51347
v 0.656 0.45 0.51347
v 0.256 0.45 0.51347
v 0.676 0.4 0.49347
v 0.676 0.45 0.49347
v 0.676 0.4 0.093467
v 0.676 0.45 0.093467
v 0.256 0.45 0.49347
v 0.656 0.45 0.49347
v 0.656 0.45 0.093467
v 0.256 0.4 0.093467
v 0.326 0.5 0.49347
v 0.326 0.5 0.51347
v 0.586 0.5 0.49347
v 0.586 0.5 0.51347
v 0.606 0.52 0.51347
v 0.606 0.68 0.51347
v 0.606 0.52 0.49347
v 0.606 0.68 0.49347
v 0.326 0.7 0.51347
v 0.326 0.7 0.49347
v 0.586 0.7 0.51347
v 0.586 0.7 0.49347
v 0.306 0.68 0.51347
v 0.306 0.52 0.51347
v 0.306 0.68 0.49347
v 0.306 0.52 0.49347
v 0.356 0.55 0.49347
v 0.356 0.55 0.47347
v 0.556 0.55 0.49347
v 0.556 0.55 0.47347
v 0.356 0.65 0.47347
v 0.356 0.65 0.49347
v 0.556 0.65 0.47347
v 0.556 0.65 0.49347
v 0.576 0.67 0.49347
v 0.576 0.53 0.49347
v 0.336 0.67 0.49347
v 0.336 0.53 0.49347
v 0.366 0.22 -0.48653
v 0.366 0.22 -0.50653
v 0.536 0.22 -0.48653
v 0.536 0.22 -0.50653
v 0.536 0.18 -0.50653
v 0.536 0.18 -0.48653
v 0.366 0.18 -0.50653
v 0.366 0.18 -0.48653
v 0.656 0.4 -0.10653
v 0.656 0.4 0.093467
v 0.656 0.4 0.49347
v 0.256 0.4 0.49347
v 0.656 0.4 0.093467
v 0.256 0.8 0.49347
v 0.656 0.8 0.49347
v 0.256 1.1 0.49347
v 0.256 0.8 -0.30653
v 0.656 0.8 -0.30653
v 0.256 1.1 -0.30653
v 0.256 0.8 0.49347
v -0.144 0.8 0.49347
v 0.256 1.1 0.49347
v 0.256 0.8 -0.30653
v -0.144 0.8 -0.30653
v 0.256 1.1 -0.30653
v 0.256 0.4 -0.32653
v 0.256 0.4 -0.50653
v 0.256 0.45 -0.32653
v 0.656 0.45 -0.32653
v 0.656 0.4 -0.50653
v 0.656 0.4 -0.32653
v 0.656 0.4 -0.50653
v 0.656 0.4 -0.10653
v 0.256 0.4 -0.50653
v 0.256 0.4 -0.10653
v 0.256 0.4 0.49347
v -0.144 0.4 0.49347
v 0.656 0.8 -0.30653
v 0.656 0.8 0.093467
v 0.256 0.8 -0.30653
v -0.544 0.4 -0.30653
v 0.256 0.4 -0.30653
v -0.544 0.4 0.49347
v -0.544 0.4 0.093467
v -0.144 0.4 0.49347
v -0.144 0.8 0.49347
v 0.256 0.8 0.49347
v -0.144 0.8 0.093467
v -0.144 0.8 -0.30653
v -0.144 0.8 0.093467
v 0.656 0.8 0.49347
v 0.656 0.8 0.093467
v 0.256 0.8 0.49347
v 0.696 0.77 0.49347
v 0.696 0.77 0.093467
v 0.714 0.794 0.49347
v 0.714 0.794 0.093467
v 0.256 1.1375 0.093467
v 0.256 1.1375 0.54347
v 0.70228 0.80279 0.52882
v 0.674 0.824 0.54347
v 0.656 0.8 0.54347
v 0.256 1.1 0.54347
v 0.68428 0.77879 0.52882
v 0.256 1.1 0.093467
v 0.696 0.77 -0.30653
v 0.696 0.77 0.093467
v 0.714 0.794 -0.30653
v 0.714 0.794 0.093467
v 0.256 1.1375 0.093467
v 0.256 1.1375 -0.35653
v 0.70228 0.80279 -0.34189
v 0.674 0.824 -0.35653
v 0.656 0.8 -0.35653
v 0.256 1.1 -0.35653
v 0.68428 0.77879 -0.34189
v 0.256 1.1 0.093467
v -0.184 0.77 0.49347
v -0.184 0.77 0.093467
v -0.202 0.794 0.49347
v -0.202 0.794 0.093467
v 0.256 1.1375 0.093467
v 0.256 1.1375 0.54347
v -0.19028 0.80279 0.52882
v -0.162 0.824 0.54347
v -0.144 0.8 0.54347
v 0.256 1.1 0.54347
v -0.17228 0.77879 0.52882
v 0.256 1.1 0.093467
v -0.184 0.77 -0.30653
v -0.184 0.77 0.093467
v -0.202 0.794 -0.30653
v -0.202 0.794 0.093467
v 0.256 1.1375 0.093467
v 0.256 1.1375 -0.35653
v -0.19028 0.80279 -0.34189
v -0.162 0.824 -0.35653
v -0.144 0.8 -0.35653
v 0.256 1.1 -0.35653
v -0.17228 0.77879 -0.34189
v 0.256 1.1 0.093467
v 0.686 0.43426 -0.49529
v 0.686 0.40535 -0.48726
v 0.686 0.48693 -0.30566
v 0.686 0.45803 -0.29763
v 0.226 0.45803 -0.29763
v 0.226 0.48693 -0.30566
v 0.67136 0.39589 -0.52133
v 0.636 0.39197 -0.53544
v 0.276 0.39197 -0.53544
v 0.24064 0.39589 -0.52133
v 0.226 0.40535 -0.48726
v 0.226 0.43426 -0.49529
v 0.636 0.42088 -0.54347
v 0.276 0.42088 -0.54347
v 0.24064 0.4248 -0.52936
v 0.67136 0.4248 -0.52936
v -0.544 0.03 -0.32653
v -0.564 0.03 -0.30653
v -0.25375 0.097071 -0.43771
v -0.24174 0.097071 -0.36699
v -0.28137 0.17462 -0.41483
v -0.27537 0.17462 -0.37947
v -0.30299 0.17462 -0.35659
v -0.29699 0.097071 -0.32123
v -0.36424 0.097071 -0.34619
v -0.33661 0.17462 -0.36907
v -0.37624 0.097071 -0.41692
v -0.35383 0.027511 -0.4086
v -0.321 0.097071 -0.46267
v -0.317 0.027511 -0.4391
v -0.27216 0.027511 -0.42246
v -0.34582 0.027511 -0.36145
v -0.30099 0.027511 -0.3448
v -0.31499 0.17462 -0.42731
v -0.26416 0.027511 -0.37531
v -0.34262 0.17462 -0.40443
v -0.69472 0.08529 0.0079963
v -0.69363 0.08529 -0.074355
v -0.65879 0.14693 -0.012119
v -0.65824 0.14693 -0.053295
v -0.62176 0.08529 -0.11459
v -0.62231 0.14693 -0.073411
v -0.57494 0.03 -0.059055
v -0.57567 0.03 -0.0041544
v -0.55099 0.08529 -0.072466
v -0.55208 0.08529 0.0098858
v -0.62394 0.08529 0.050117
v -0.67076 0.03 -0.0054141
v -0.62358 0.03 0.022666
v -0.62213 0.03 -0.087136
v -0.67004 0.03 -0.060315
v -0.6234 0.14693 0.0089411
v -0.58747 0.14693 -0.011174
v -0.58692 0.14693 -0.05235
v -0.61888 0.20839 -0.13478
v -0.58274 0.20839 -0.15898
v -0.616 0.11435 -0.091383
v -0.54372 0.11435 -0.13978
v -0.69405 0.11435 -0.12978
v -0.66996 0.03 -0.14592
v -0.61792 0.03 -0.12032
v -0.62754 0.11435 -0.26498
v -0.62562 0.03 -0.23604
v -0.54949 0.11435 -0.22657
v -0.57358 0.03 -0.21044
v -0.58563 0.20839 -0.20238
v -0.62465 0.20839 -0.22158
v -0.56973 0.03 -0.15258
v -0.69982 0.11435 -0.21658
v -0.66079 0.20839 -0.19738
v -0.65791 0.20839 -0.15398
v -0.6738 0.03 -0.20378
v -0.64597 0.10122 -0.30571
v -0.66949 0.10122 -0.37529
v -0.62172 0.18062 -0.33329
v -0.63348 0.18062 -0.36808
v -0.6298 0.03 -0.32409
v -0.64549 0.03 -0.37048
v -0.60923 0.18062 -0.39566
v -0.57322 0.18062 -0.38845
v -0.56146 0.18062 -0.35366
v -0.58571 0.18062 -0.32608
v -0.61315 0.03 -0.40725
v -0.62099 0.10122 -0.43045
v -0.57395 0.10122 -0.29129
v -0.58179 0.03 -0.31448
v -0.52546 0.10122 -0.34645
v -0.54898 0.10122 -0.41603
v -0.56514 0.03 -0.39764
v -0.54946 0.03 -0.35125
v -0.45752 0.03 -0.35698
v -0.46251 0.03 -0.40515
v -0.47712 0.078762 -0.34278
v -0.48461 0.078762 -0.41503
v -0.41331 0.03 -0.33722
v -0.41081 0.078762 -0.31314
v -0.37409 0.03 -0.36563
v -0.35199 0.078762 -0.35575
v -0.42578 0.078762 -0.45764
v -0.35947 0.078762 -0.42799
v -0.42204 0.13312 -0.42151
v -0.38889 0.13312 -0.40669
v -0.44771 0.13312 -0.36408
v -0.45145 0.13312 -0.40021
v -0.37908 0.03 -0.41379
v -0.38514 0.13312 -0.37057
v -0.41456 0.13312 -0.34926
v -0.42329 0.03 -0.43355
v 0.556 0.55 -0.28653
v 0.356 0.55 -0.28653
v 0.556 0.65 -0.28653
v 0.356 0.65 -0.28653
v -0.444 0.15 -0.28653
v -0.244 0.15 -0.28653
v -0.444 0.25 -0.28653
v -0.244 0.25 -0.28653
v -0.444 0.15 0.47347
v -0.244 0.15 0.47347
v -0.444 0.25 0.47347
v -0.244 0.25 0.47347
v -0.044 0.55 -0.28653
v 0.156 0.55 -0.28653
v -0.044 0.65 -0.28653
v 0.156 0.65 -0.28653
v 0.556 0.55 0.47347
v 0.356 0.55 0.47347
v 0.556 0.65 0.47347
v 0.356 0.65 0.47347
vn -0.30615 -0.22961 -0.92388
vn 0.30615 0.22961 -0.92388
vn 0.7391 0.55433 0.38268
vn 0.7391 0.55433 -0.38268
vn -0.7391 -0.55433 0.38268
vn -0.7391 -0.55433 -0.38268
vn -0.30615 -0.22961 0.92388
vn 0.30615 0.22961 0.92388
vn -0.6 0.8 7.1526e-08
vn 0.56569 0.42426 -0.70711
vn -0.56569 -0.42426 -0.70711
vn 0.56569 0.42426 0.70711
vn -0.56569 -0.42426 0.70711
vn 0 -1 0
vn 0 1 0
vn 1 0 -6.2733e-13
vn -0.38268 0 -0.92388
vn -6.2733e-13 0 -1
vn 6.2733e-13 0 1
vn -1 0 6.2733e-13
vn -0.92388 0 -0.38268
vn 0.70711 0 0.70711
vn 1 0 0
vn 1.1921e-07 0 -1
vn -0.92388 0 0.38268
vn -1 0 -1.1921e-07
vn 1 0 1.1921e-07
vn -1.1921e-07 0 1
vn -0.38268 0 0.92388
vn 0.70711 0 -0.70711
vn 0.38268 0 0.92388
vn 0.92388 0 0.38268
vn 0.89443 -0.44721 0
vn 0.63246 -0.44721 0.63246
vn -0.89443 -0.44721 0
vn -1 0 0
vn -0.63246 -0.44721 0.63246
vn -0.70711 0 0.70711
vn 0 0 1
vn 0.70711 0 -0.70711
vn 0.63246 -0.44721 -0.63246
vn 0 -0.44721 0.89443
vn 0 -0.44721 -0.89443
vn 0 0 -1
vn -0.63246 -0.44721 -0.63246
vn -0.70711 0 -0.70711
vn 0.89443 0.44721 0
vn 0.63246 0.44721 0.63246
vn -0.63246 0.44721 -0.63246
vn 0 0.44721 -0.89443
vn 0.63246 0.44721 -0.63246
vn 0 0.44721 0.89443
vn -0.63246 0.44721 0.63246
vn -0.89443 0.44721 0
vn 1 0 -1.1921e-07
vn 0.98079 0 -0.19509
vn 0.70711 0 -0.70711
vn -1 0 1.1921e-07
vn -0.98079 0 0.19509
vn 0.19509 0 -0.98079
vn -0.19509 0 0.98079
vn -0.70711 0 0.70711
vn 1.1921e-07 0 1
vn 0.98079 0 0.19509
vn -0.98079 0 -0.19509
vn -1.1921e-07 0 -1
vn 0.70711 0 0.70711
vn 0.19509 0 0.98079
vn -0.70711 0 -0.70711
vn -0.19509 0 -0.98079
vn 0.92388 0.38268 0
vn 0.92388 0 -0.38268
vn 0.38268 0 -0.92388
vn -0.92388 0.38268 0
vn -0.38268 0.92388 0
vn 0.38268 0.92388 0
vn 0.92388 0.38268 -7.1415e-14
vn 1 0 -7.7299e-14
vn -0.38268 0.92388 2.9581e-14
vn 0.38268 0.92388 -2.9581e-14
vn -0.92388 0.38268 7.1415e-14
vn -1 0 7.7299e-14
vn 7.7299e-14 0 1
vn -0.70711 -0.70711 5.4659e-14
vn 0.70711 -0.70711 -5.4659e-14
vn -0.70711 0.70711 5.4659e-14
vn 0.70711 0.70711 -5.4659e-14
vn -7.7299e-14 0 -1
vn 0.70711 0.70711 0
vn 0.70711 -0.70711 0
vn -0.70711 0.70711 0
vn -0.70711 -0.70711 0
vn -0.38268 -0.92388 0
vn 0.38268 -0.92388 0
vn 0.92388 -0.38268 0
vn -0.92388 -0.38268 0
vn -0.38268 0 0.92388
vn -0.92388 0 0.38268
vn -0.38268 0 0.92388
vn -1.1013e-07 0.38268 -0.92388
vn -0.92388 0 0.38268
vn 4.5619e-08 0.92388 0.38268
vn -4.5619e-08 0.92388 -0.38268
vn 1.1013e-07 0.38268 0.92388
vn 8.4294e-08 -0.70711 0.70711
vn -8.4294e-08 -0.70711 -0.70711
vn 8.4294e-08 0.70711 0.70711
vn -8.4294e-08 0.70711 -0.70711
vn 0.38268 0 0.92388
vn 0.92388 0 0.38268
vn 0.78463 -0.58847 0.19509
vn 0.8 -0.6 9.5367e-08
vn 0.6 0.8 7.1526e-08
vn 0.15607 -0.11705 0.98079
vn 0.56569 -0.42426 0.70711
vn -0.6 -0.8 -7.1526e-08
vn 0.78463 -0.58847 -0.19509
vn 0.15607 -0.11705 -0.98079
vn 0.56569 -0.42426 -0.70711
vn -0.78463 -0.58847 0.19509
vn -0.8 -0.6 9.5367e-08
vn -0.15607 -0.11705 0.98079
vn 0.6 -0.8 -7.1526e-08
vn -0.78463 -0.58847 -0.19509
vn -0.15607 -0.11705 -0.98079
vn 0.98079 -0.052215 -0.18797
vn 0 0.26764 0.96352
vn 0 -0.96352 0.26764
vn -0.98079 -0.052215 -0.18797
vn 0.19509 -0.2625 -0.945
vn -0.19509 -0.2625 -0.945
vn -0.70711 -0.18925 -0.68131
vn 0.70711 -0.18925 -0.68131
vn 0 0.96352 -0.26764
vn 0.76932 0.045871 -0.63721
vn 0.9365 0.045871 0.34765
vn 0.49464 0.76647 -0.4097
vn 0.60213 0.76647 0.22352
vn 0.10749 0.76647 0.63322
vn 0.16718 0.045871 0.98486
vn -0.76932 0.045871 0.63721
vn -0.49464 0.76647 0.4097
vn -0.9365 0.045871 -0.34765
vn -0.88657 -0.32508 -0.32911
vn -0.16718 0.045871 -0.98486
vn -0.15827 -0.32508 -0.93235
vn 0.7283 -0.32508 -0.60324
vn -0.7283 -0.32508 0.60324
vn 0.15827 -0.32508 0.93235
vn -0.10749 0.76647 -0.63322
vn 0.88657 -0.32508 0.32911
vn -0.60213 0.76647 -0.22352
vn -0.87122 0.05573 0.48773
vn -0.85799 0.05573 -0.51063
vn -0.50187 0.81804 0.28096
vn -0.49425 0.81804 -0.29415
vn 0.013226 0.05573 -0.99836
vn 0.0076189 0.81804 -0.57511
vn 0.78154 -0.44472 -0.43752
vn 0.76967 -0.44472 0.45807
vn 0.87122 0.05573 -0.48773
vn 0.85799 0.05573 0.51063
vn -0.013226 0.05573 0.99836
vn -0.78154 -0.44472 0.43752
vn -0.011864 -0.44472 0.89559
vn 0.011864 -0.44472 -0.89559
vn -0.76967 -0.44472 -0.45807
vn -0.0076189 0.81804 0.57511
vn 0.49425 0.81804 0.29415
vn 0.50187 0.81804 -0.28096
vn 0.042607 0.76647 0.64086
vn 0.57631 0.76647 0.28353
vn 0.066267 0.045871 0.99675
vn 0.89634 0.045871 0.44098
vn -0.83007 0.045871 0.55576
vn -0.78582 -0.32508 0.52613
vn 0.062734 -0.32508 0.9436
vn -0.066267 0.045871 -0.99675
vn -0.062734 -0.32508 -0.9436
vn 0.83007 0.045871 -0.55576
vn 0.78582 -0.32508 -0.52613
vn 0.5337 0.76647 -0.35733
vn -0.042607 0.76647 -0.64086
vn 0.84855 -0.32508 0.41747
vn -0.89634 0.045871 -0.44098
vn -0.57631 0.76647 -0.28353
vn -0.5337 0.76647 0.35733
vn -0.84855 -0.32508 -0.41747
vn -0.6596 0.045871 0.75022
vn -0.97951 0.045871 -0.19612
vn -0.42409 0.76647 0.48236
vn -0.62978 0.76647 -0.1261
vn -0.62443 -0.32508 0.71022
vn -0.92728 -0.32508 -0.18566
vn -0.20569 0.76647 -0.60845
vn 0.42409 0.76647 -0.48236
vn 0.62978 0.76647 0.1261
vn 0.20569 0.76647 0.60845
vn -0.30285 -0.32508 -0.89588
vn -0.31991 0.045871 -0.94634
vn 0.31991 0.045871 0.94634
vn 0.30285 -0.32508 0.89588
vn 0.97951 0.045871 0.19612
vn 0.6596 0.045871 -0.75022
vn 0.62443 -0.32508 -0.71022
vn 0.92728 -0.32508 0.18566
vn -0.72539 -0.44472 0.52539
vn -0.8177 -0.44472 -0.36551
vn -0.80862 0.05573 0.58568
vn -0.91153 0.05573 -0.40745
vn 0.09231 -0.44472 0.8909
vn 0.1029 0.05573 0.99313
vn 0.8177 -0.44472 0.36551
vn 0.91153 0.05573 0.40745
vn -0.1029 0.05573 -0.99313
vn 0.80862 0.05573 -0.58568
vn -0.059278 0.81804 -0.5721
vn 0.46581 0.81804 -0.33739
vn -0.46581 0.81804 0.33739
vn -0.52509 0.81804 -0.23471
vn 0.72539 -0.44472 -0.52539
vn 0.52509 0.81804 0.23471
vn 0.059278 0.81804 0.5721
vn -0.09231 -0.44472 -0.8909
vt 0.09375 0.30128
vt 0.09375 0.28486
vt 0.09375 0.46514
vt 0.09375 0.44872
vt 0.09375 0.45857
vt 0.09375 0.475
vt 0.09375 0.275
vt 0.09375 0.29143
vt 0.09375 0.30639
vt 0.09375 0.30375
vt 0.09375 0.46004
vt 0.09375 0.46268
vt 0.09375 0.29553
vt 0.09375 0.45447
vt 0.09375 0.45183
vt 0.09375 0.29817
vt 0.09375 0.3
vt 0.09375 0.375
vt 0.09375 0.425
vt 0.09375 0.395
vt 0.09375 0.41
vt 0.09375 0.415
vt 0.09375 0.325
vt 0.09375 0.34
vt 0.09375 0.335
vt 0.09375 0.28643
vt 0.09375 0.34357
vt 0.09375 0.355
vt 0.09375 0.385
vt 0.21875 0.29817
vt 0.21875 0.45183
vt 0.21875 0.29553
vt 0.21875 0.45447
vt 0.21875 0.385
vt 0.21875 0.365
vt 0.21875 0.275
vt 0.21875 0.41
vt 0.21875 0.3
vt 0.46875 0.475
vt 0.46875 0.3
vt 0.46875 0.40153
vt 0.46875 0.46684
vt 0.46875 0.40176
vt 0.46875 0.44389
vt 0.46875 0.415
vt 0.46875 0.425
vt 0.46875 0.335
vt 0.46875 0.325
vt 0.09375 0.645
vt 0.09375 0.65022
vt 0.09375 0.725
vt 0.09375 0.65214
vt 0.09375 0.65676
vt 0.09375 0.65153
vt 0.09375 0.71684
vt 0.09375 0.64691
vt 0.09375 0.68062
vt 0.09375 0.65627
vt 0.09375 0.70065
vt 0.09375 0.6483
vt 0.09375 0.66935
vt 0.09375 0.67265
vt 0.59375 0.395
vt 0.21875 0.11957
vt 0.21875 0.225
vt 0.21875 0.025
vt 0.21875 0.11957
vt 0.21875 0.11957
vt 0.71875 0.615
vt 0.71875 0.635
vt 0.71875 0.6
vt 0.71875 0.65
vt 0.71875 0.55
usemtl colormap
f 3/3/2 2/2/1 1/1/1
f 2/2/1 3/3/2 4/4/2
f 7/5/4 6/6/3 5/5/3
f 6/6/3 7/5/4 8/6/4
f 11/8/5 10/7/6 9/7/5
f 10/7/6 11/8/5 12/8/6
f 15/2/7 14/3/8 13/1/7
f 14/3/8 15/2/7 16/4/8
f 8/6/4 4/4/2 3/3/2
f 4/4/2 8/6/4 7/5/4
f 16/4/8 6/6/3 14/3/8
f 6/6/3 16/4/8 5/5/3
f 1/1/1 10/7/6 12/8/6
f 10/7/6 1/1/1 2/2/1
f 9/7/5 13/1/7 11/8/5
f 13/1/7 9/7/5 15/2/7
f 12/8/9 3/3/9 1/1/9
f 3/3/9 12/8/9 8/6/9
f 8/6/9 12/8/9 17/9/9
f 17/9/9 12/8/9 18/10/9
f 18/10/9 12/8/9 11/8/9
f 19/11/9 8/6/9 17/9/9
f 20/12/9 8/6/9 19/11/9
f 8/6/9 20/12/9 6/6/9
f 18/10/9 11/8/9 21/10/9
f 6/6/9 20/12/9 22/12/9
f 21/10/9 23/10/9 22/12/9
f 21/10/9 11/8/9 23/10/9
f 24/12/9 22/12/9 23/10/9
f 6/6/9 22/12/9 24/12/9
f 23/10/9 11/8/9 25/10/9
f 6/6/9 24/12/9 26/12/9
f 25/10/9 11/8/9 27/9/9
f 27/9/9 11/8/9 28/11/9
f 6/6/9 26/12/9 28/11/9
f 6/6/9 28/11/9 11/8/9
f 6/6/9 11/8/9 13/1/9
f 6/6/9 13/1/9 14/3/9
f 30/13/3 21/10/10 29/13/10
f 21/10/10 30/13/3 18/10/3
f 22/12/11 29/13/10 21/10/10
f 29/13/10 22/12/11 31/14/11
f 22/12/11 32/14/5 31/14/11
f 32/14/5 22/12/11 20/12/5
f 33/15/7 20/12/5 19/11/7
f 20/12/5 33/15/7 32/14/5
f 34/16/8 19/11/7 17/9/8
f 19/11/7 34/16/8 33/15/7
f 30/13/3 17/9/8 18/10/3
f 17/9/8 30/13/3 34/16/8
f 35/13/12 24/12/13 23/10/12
f 24/12/13 35/13/12 36/14/13
f 35/13/12 25/10/4 37/13/4
f 25/10/4 35/13/12 23/10/12
f 27/9/2 37/13/4 25/10/4
f 37/13/4 27/9/2 38/16/2
f 28/11/1 38/16/2 27/9/2
f 38/16/2 28/11/1 39/15/1
f 26/12/6 39/15/1 28/11/1
f 39/15/1 26/12/6 40/14/6
f 26/12/6 36/14/13 40/14/6
f 36/14/13 26/12/6 24/12/13
f 43/7/14 42/7/14 41/7/14
f 43/7/14 44/7/14 42/7/14
f 44/7/14 43/7/14 45/7/14
f 46/7/14 44/7/14 45/7/14
f 47/7/14 44/7/14 46/7/14
f 44/7/14 47/7/14 48/7/14
f 51/6/15 50/6/15 49/6/15
f 50/6/15 51/6/15 52/6/15
f 52/6/15 51/6/15 53/6/15
f 52/6/15 53/6/15 54/6/15
f 52/6/15 54/6/15 55/6/15
f 55/6/15 54/6/15 56/6/15
f 42/7/16 56/6/16 41/7/16
f 56/6/16 42/7/16 55/6/16
f 52/6/17 42/7/18 44/7/17
f 42/7/18 52/6/17 55/6/18
f 51/6/19 47/7/19 46/7/19
f 47/7/19 51/6/19 49/6/19
f 50/6/21 47/7/20 49/6/20
f 47/7/20 50/6/21 48/7/21
f 50/6/21 44/7/17 48/7/21
f 44/7/17 50/6/21 52/6/17
f 56/6/19 43/7/19 41/7/19
f 43/7/19 56/6/19 54/6/19
f 54/6/22 45/7/22 43/7/22
f 45/7/22 54/6/22 53/6/22
f 45/7/16 51/6/16 46/7/16
f 51/6/16 45/7/16 53/6/16
f 57/7/15 45/7/15 46/7/15
f 45/7/15 57/7/15 43/7/15
f 43/7/15 57/7/15 41/7/15
f 60/7/14 59/7/14 58/7/14
f 59/7/14 60/7/14 61/7/14
f 64/17/15 63/17/15 62/17/15
f 63/17/15 64/17/15 65/17/15
f 63/17/23 59/7/23 62/17/23
f 59/7/23 63/17/23 58/7/23
f 68/7/14 67/7/14 66/7/14
f 68/7/14 69/7/14 67/7/14
f 69/7/14 68/7/14 70/7/14
f 71/7/14 69/7/14 70/7/14
f 72/7/14 69/7/14 71/7/14
f 69/7/14 72/7/14 73/7/14
f 76/6/15 75/6/15 74/6/15
f 75/6/15 76/6/15 77/6/15
f 77/6/15 76/6/15 78/6/15
f 77/6/15 78/6/15 79/6/15
f 77/6/15 79/6/15 80/6/15
f 80/6/15 79/6/15 81/6/15
f 67/7/24 81/6/24 66/7/24
f 81/6/24 67/7/24 80/6/24
f 77/6/25 67/7/26 69/7/25
f 67/7/26 77/6/25 80/6/26
f 76/6/27 72/7/27 71/7/27
f 72/7/27 76/6/27 74/6/27
f 75/6/29 72/7/28 74/6/28
f 72/7/28 75/6/29 73/7/29
f 75/6/29 69/7/25 73/7/29
f 69/7/25 75/6/29 77/6/25
f 81/6/27 68/7/27 66/7/27
f 68/7/27 81/6/27 79/6/27
f 79/6/30 70/7/30 68/7/30
f 70/7/30 79/6/30 78/6/30
f 70/7/24 76/6/24 71/7/24
f 76/6/24 70/7/24 78/6/24
f 82/7/15 70/7/15 71/7/15
f 70/7/15 82/7/15 68/7/15
f 68/7/15 82/7/15 66/7/15
f 85/7/14 84/7/14 83/7/14
f 84/7/14 85/7/14 86/7/14
f 86/7/14 85/7/14 87/7/14
f 90/17/15 89/17/15 88/17/15
f 89/17/15 90/17/15 91/17/15
f 89/17/15 91/17/15 92/17/15
f 92/17/15 91/17/15 93/17/15
f 92/17/15 93/17/15 94/17/15
f 88/17/28 84/7/31 90/17/31
f 84/7/31 88/17/28 83/7/28
f 93/17/27 86/7/32 87/7/27
f 86/7/32 93/17/27 91/17/32
f 90/17/31 86/7/32 91/17/32
f 86/7/32 90/17/31 84/7/31
f 97/19/23 96/18/34 95/18/33
f 96/18/34 97/19/23 98/19/22
f 101/18/37 100/19/36 99/18/35
f 100/19/36 101/18/37 102/19/38
f 96/18/22 104/7/39 103/7/22
f 104/7/39 96/18/22 105/18/39
f 97/19/23 107/18/41 106/19/40
f 107/18/41 97/19/23 95/18/33
f 108/19/39 101/18/37 105/18/42
f 101/18/37 108/19/39 102/19/38
f 110/19/44 107/18/41 109/18/43
f 107/18/41 110/19/44 106/19/40
f 112/19/46 109/18/43 111/18/45
f 109/18/43 112/19/46 110/19/44
f 114/6/48 97/19/23 113/6/47
f 97/19/23 114/6/48 98/19/22
f 105/18/39 115/7/38 104/7/39
f 115/7/38 105/18/39 101/18/38
f 111/18/46 117/7/44 116/7/46
f 117/7/44 111/18/46 109/18/44
f 118/7/36 111/18/46 116/7/46
f 111/18/46 118/7/36 99/18/36
f 98/19/22 105/18/42 96/18/34
f 105/18/42 98/19/22 108/19/39
f 119/6/49 110/19/44 112/19/46
f 110/19/44 119/6/49 120/6/50
f 121/6/51 97/19/23 106/19/40
f 97/19/23 121/6/51 113/6/47
f 120/6/50 106/19/40 110/19/44
f 106/19/40 120/6/50 121/6/51
f 111/18/45 100/19/36 112/19/46
f 100/19/36 111/18/45 99/18/35
f 122/6/52 102/19/38 108/19/39
f 102/19/38 122/6/52 123/6/53
f 100/19/36 119/6/49 112/19/46
f 119/6/49 100/19/36 124/6/54
f 121/6/15 114/6/15 113/6/15
f 114/6/15 121/6/15 120/6/15
f 114/6/15 120/6/15 122/6/15
f 122/6/15 120/6/15 119/6/15
f 122/6/15 119/6/15 123/6/15
f 123/6/15 119/6/15 124/6/15
f 95/18/23 125/7/40 107/18/40
f 125/7/40 95/18/23 126/7/23
f 109/18/44 125/7/40 117/7/44
f 125/7/40 109/18/44 107/18/40
f 100/19/36 123/6/53 124/6/54
f 123/6/53 100/19/36 102/19/38
f 96/18/22 126/7/23 95/18/23
f 126/7/23 96/18/22 103/7/22
f 114/6/48 108/19/39 98/19/22
f 108/19/39 114/6/48 122/6/52
f 115/7/38 99/18/36 118/7/36
f 99/18/36 115/7/38 101/18/38
f 129/19/23 128/18/34 127/18/33
f 128/18/34 129/19/23 130/19/22
f 133/18/37 132/19/36 131/18/35
f 132/19/36 133/18/37 134/19/38
f 128/18/22 136/7/39 135/7/22
f 136/7/39 128/18/22 137/18/39
f 129/19/23 139/18/41 138/19/40
f 139/18/41 129/19/23 127/18/33
f 140/19/39 133/18/37 137/18/42
f 133/18/37 140/19/39 134/19/38
f 142/19/44 139/18/41 141/18/43
f 139/18/41 142/19/44 138/19/40
f 144/19/46 141/18/43 143/18/45
f 141/18/43 144/19/46 142/19/44
f 146/6/48 129/19/23 145/6/47
f 129/19/23 146/6/48 130/19/22
f 137/18/39 147/7/38 136/7/39
f 147/7/38 137/18/39 133/18/38
f 143/18/46 149/7/44 148/7/46
f 149/7/44 143/18/46 141/18/44
f 150/7/36 143/18/46 148/7/46
f 143/18/46 150/7/36 131/18/36
f 130/19/22 137/18/42 128/18/34
f 137/18/42 130/19/22 140/19/39
f 151/6/49 142/19/44 144/19/46
f 142/19/44 151/6/49 152/6/50
f 153/6/51 129/19/23 138/19/40
f 129/19/23 153/6/51 145/6/47
f 152/6/50 138/19/40 142/19/44
f 138/19/40 152/6/50 153/6/51
f 143/18/45 132/19/36 144/19/46
f 132/19/36 143/18/45 131/18/35
f 154/6/52 134/19/38 140/19/39
f 134/19/38 154/6/52 155/6/53
f 132/19/36 151/6/49 144/19/46
f 151/6/49 132/19/36 156/6/54
f 153/6/15 146/6/15 145/6/15
f 146/6/15 153/6/15 152/6/15
f 146/6/15 152/6/15 154/6/15
f 154/6/15 152/6/15 151/6/15
f 154/6/15 151/6/15 155/6/15
f 155/6/15 151/6/15 156/6/15
f 127/18/23 157/7/40 139/18/40
f 157/7/40 127/18/23 158/7/23
f 141/18/44 157/7/40 149/7/44
f 157/7/40 141/18/44 139/18/40
f 132/19/36 155/6/53 156/6/54
f 155/6/53 132/19/36 134/19/38
f 128/18/22 158/7/23 127/18/23
f 158/7/23 128/18/22 135/7/22
f 146/6/48 140/19/39 130/19/22
f 140/19/39 146/6/48 154/6/52
f 147/7/38 131/18/36 150/7/36
f 131/18/36 147/7/38 133/18/38
f 161/7/56 160/6/55 159/7/55
f 160/6/55 161/7/56 162/6/56
f 164/6/57 161/7/56 163/7/57
f 161/7/56 164/6/57 162/6/56
f 167/6/58 166/20/59 165/20/58
f 166/20/59 167/6/58 168/6/59
f 164/6/57 170/7/60 169/6/60
f 170/7/60 164/6/57 163/7/57
f 173/20/62 172/6/61 171/20/61
f 172/6/61 173/20/62 174/6/62
f 168/6/59 173/20/62 166/20/59
f 173/20/62 168/6/59 174/6/62
f 177/7/63 176/6/61 175/7/61
f 176/6/61 177/7/63 178/6/63
f 175/7/61 180/6/62 179/7/62
f 180/6/62 175/7/61 176/6/61
f 183/6/60 182/20/57 181/6/57
f 182/20/57 183/6/60 184/20/60
f 187/6/64 186/20/56 185/20/64
f 186/20/56 187/6/64 188/6/56
f 178/6/15 180/6/15 176/6/15
f 189/6/15 180/6/15 178/6/15
f 183/6/15 180/6/15 189/6/15
f 181/6/15 180/6/15 183/6/15
f 181/6/15 190/6/15 180/6/15
f 188/6/15 190/6/15 181/6/15
f 187/6/15 190/6/15 188/6/15
f 187/6/15 191/6/15 190/6/15
f 192/6/15 191/6/15 187/6/15
f 192/6/15 193/6/15 191/6/15
f 194/6/15 193/6/15 192/6/15
f 193/6/15 194/6/15 172/6/15
f 164/6/15 193/6/15 172/6/15
f 164/6/15 195/6/15 193/6/15
f 195/6/15 164/6/15 169/6/15
f 164/6/15 172/6/15 174/6/15
f 164/6/15 174/6/15 162/6/15
f 162/6/15 174/6/15 168/6/15
f 162/6/15 168/6/15 160/6/15
f 160/6/15 168/6/15 167/6/15
f 188/6/56 182/20/57 186/20/56
f 182/20/57 188/6/56 181/6/57
f 190/6/59 197/7/65 196/7/59
f 197/7/65 190/6/59 191/6/65
f 180/6/62 196/7/59 179/7/62
f 196/7/59 180/6/62 190/6/59
f 189/6/66 184/20/60 183/6/60
f 184/20/60 189/6/66 198/20/66
f 200/20/68 192/6/67 199/20/67
f 192/6/67 200/20/68 194/6/68
f 195/6/70 201/7/69 193/6/69
f 201/7/69 195/6/70 202/7/70
f 191/6/65 201/7/69 197/7/65
f 201/7/69 191/6/65 193/6/69
f 169/6/60 202/7/70 195/6/70
f 202/7/70 169/6/60 170/7/60
f 171/20/61 194/6/68 200/20/68
f 194/6/68 171/20/61 172/6/61
f 163/7/14 202/7/14 170/7/14
f 202/7/14 163/7/14 201/7/14
f 201/7/14 163/7/14 161/7/14
f 201/7/14 161/7/14 197/7/14
f 197/7/14 161/7/14 159/7/14
f 197/7/14 159/7/14 203/7/14
f 197/7/14 203/7/14 204/7/14
f 197/7/14 204/7/14 196/7/14
f 196/7/14 204/7/14 177/7/14
f 196/7/14 177/7/14 179/7/14
f 179/7/14 177/7/14 175/7/14
f 192/6/67 185/20/64 199/20/67
f 185/20/64 192/6/67 187/6/64
f 235/17/15 237/17/15 233/17/15
f 240/17/15 233/17/15 237/17/15
f 239/17/15 233/17/15 240/17/15
f 233/17/15 239/17/15 226/17/15
f 228/17/15 226/17/15 239/17/15
f 222/7/14 223/7/14 224/7/14
f 224/7/14 223/7/14 210/7/14
f 210/7/14 223/7/14 212/7/14
f 212/7/14 223/7/14 207/7/14
f 207/7/14 234/7/14 205/7/14
f 207/7/14 223/7/14 234/7/14
f 234/7/14 223/7/14 236/7/14
f 238/7/14 236/7/14 223/7/14
f 236/7/21 235/17/21 234/7/17
f 233/17/17 234/7/17 235/17/21
f 238/7/36 237/17/36 236/7/21
f 235/17/21 236/7/21 237/17/36
f 234/7/17 233/17/17 205/7/44
f 226/17/44 205/7/44 233/17/17
f 205/7/44 226/17/44 206/21/44
f 225/22/44 206/21/44 226/17/44
f 229/19/44 231/19/44 225/22/44
f 231/19/44 220/22/44 225/22/44
f 220/22/44 206/21/44 225/22/44
f 206/21/44 220/22/44 209/21/44
f 220/22/44 213/17/44 209/21/44
f 209/21/44 213/17/44 210/7/44
f 213/17/44 215/17/73 210/7/44
f 224/7/73 210/7/44 215/17/73
f 232/19/76 221/22/71 231/19/76
f 220/22/71 231/19/76 221/22/71
f 227/22/74 230/19/75 225/22/74
f 229/19/75 225/22/74 230/19/75
f 232/19/76 231/19/76 230/19/75
f 229/19/75 230/19/75 231/19/76
f 228/17/36 227/22/74 226/17/36
f 225/22/74 226/17/36 227/22/74
f 219/17/72 222/7/72 215/17/73
f 224/7/73 215/17/73 222/7/72
f 218/17/23 223/7/23 219/17/72
f 222/7/72 219/17/72 223/7/23
f 221/22/71 214/17/23 220/22/71
f 213/17/23 220/22/71 214/17/23
f 219/17/15 215/17/15 218/17/15
f 218/17/15 215/17/15 217/17/15
f 217/17/15 215/17/15 216/17/15
f 216/17/15 215/17/15 214/17/15
f 213/17/15 214/17/15 215/17/15
f 209/21/14 211/21/14 206/21/14
f 208/21/14 206/21/14 211/21/14
f 212/7/36 211/21/36 210/7/36
f 209/21/36 210/7/36 211/21/36
f 208/21/23 207/7/23 206/21/23
f 205/7/23 206/21/23 207/7/23
f 243/23/36 244/19/36 246/23/46
f 248/19/46 246/23/46 244/19/36
f 245/23/14 241/23/14 246/23/14
f 243/23/14 246/23/14 241/23/14
f 242/19/15 247/19/15 244/19/15
f 248/19/15 244/19/15 247/19/15
f 242/19/23 241/23/23 247/19/40
f 245/23/40 247/19/40 241/23/23
f 248/19/46 247/19/40 246/23/46
f 245/23/40 246/23/46 247/19/40
f 244/19/39 243/23/39 242/19/39
f 241/23/39 242/19/39 243/23/39
f 251/17/78 250/22/77 249/22/77
f 250/22/77 251/17/78 252/17/78
f 251/17/15 253/17/15 252/17/15
f 253/17/15 251/17/15 254/17/15
f 257/17/15 256/17/15 255/17/15
f 256/17/15 257/17/15 258/17/15
f 261/7/14 260/7/14 259/7/14
f 260/7/14 261/7/14 262/7/14
f 263/7/14 260/7/14 262/7/14
f 262/7/14 261/7/14 264/7/14
f 264/7/14 261/7/14 265/7/14
f 265/7/14 261/7/14 266/7/14
f 269/19/79 268/19/80 267/19/79
f 268/19/80 269/19/79 270/19/80
f 272/22/81 258/17/82 271/22/81
f 258/17/82 272/22/81 256/17/82
f 250/22/77 270/19/80 249/22/77
f 270/19/80 250/22/77 268/19/80
f 267/19/79 271/22/81 269/19/79
f 271/22/81 267/19/79 272/22/81
f 254/17/83 265/7/83 266/7/83
f 265/7/83 254/17/83 251/17/83
f 265/7/83 251/17/83 273/21/83
f 273/21/83 251/17/83 249/22/83
f 273/21/83 249/22/83 274/21/83
f 271/22/83 274/21/83 249/22/83
f 271/22/83 249/22/83 270/19/83
f 271/22/83 270/19/83 269/19/83
f 258/17/83 274/21/83 271/22/83
f 274/21/83 258/17/83 263/7/83
f 257/17/83 263/7/83 258/17/83
f 263/7/83 257/17/83 260/7/83
f 276/21/14 274/21/14 275/21/14
f 274/21/14 276/21/14 273/21/14
f 262/7/78 274/21/78 263/7/78
f 274/21/78 262/7/78 275/21/78
f 276/21/82 265/7/82 273/21/82
f 265/7/82 276/21/82 264/7/82
f 279/7/85 278/7/84 277/7/84
f 278/7/84 279/7/85 280/7/85
f 282/6/86 278/7/84 281/6/86
f 278/7/84 282/6/86 277/7/84
f 279/7/85 283/6/87 280/7/85
f 283/6/87 279/7/85 284/6/87
f 283/6/87 282/6/86 281/6/86
f 282/6/86 283/6/87 284/6/87
f 283/6/83 278/7/83 280/7/83
f 278/7/83 283/6/83 281/6/83
f 287/23/88 286/19/88 285/23/88
f 286/19/88 287/23/88 288/19/88
f 291/19/22 290/23/38 289/23/22
f 290/23/38 291/19/22 292/19/38
f 285/23/78 291/19/22 289/23/22
f 291/19/22 285/23/78 286/19/78
f 291/19/15 288/19/15 292/19/15
f 288/19/15 291/19/15 286/19/15
f 285/23/14 290/23/14 287/23/14
f 290/23/14 285/23/14 289/23/14
f 288/19/82 290/23/38 292/19/38
f 290/23/38 288/19/82 287/23/82
f 321/19/44 323/19/44 325/22/44
f 323/19/44 318/22/44 325/22/44
f 318/22/44 294/21/44 325/22/44
f 294/21/44 293/24/44 325/22/44
f 294/21/44 318/22/44 300/21/44
f 325/22/44 293/24/44 326/25/44
f 300/21/44 318/22/44 297/24/44
f 297/24/44 326/25/44 293/24/44
f 318/22/44 317/25/44 297/24/44
f 297/24/44 317/25/44 326/25/44
f 326/25/44 317/25/44 314/23/44
f 316/23/44 314/23/44 317/25/44
f 324/19/76 320/22/71 323/19/76
f 318/22/71 323/19/76 320/22/71
f 327/22/74 322/19/75 325/22/74
f 321/19/75 325/22/74 322/19/75
f 319/25/95 315/23/94 317/25/95
f 316/23/94 317/25/95 315/23/94
f 313/23/93 328/25/96 314/23/93
f 326/25/96 314/23/93 328/25/96
f 328/25/96 327/22/74 326/25/96
f 325/22/74 326/25/96 327/22/74
f 324/19/76 323/19/76 322/19/75
f 321/19/75 322/19/75 323/19/76
f 320/22/71 319/25/95 318/22/71
f 317/25/95 318/22/71 319/25/95
f 316/23/94 315/23/94 314/23/93
f 313/23/93 314/23/93 315/23/94
f 305/7/14 307/7/14 301/7/14
f 301/7/14 307/7/14 302/7/14
f 312/7/14 302/7/14 307/7/14
f 308/17/15 306/17/15 311/17/15
f 311/17/15 306/17/15 310/17/15
f 306/17/15 303/17/15 310/17/15
f 310/17/15 303/17/15 309/17/15
f 304/17/15 309/17/15 303/17/15
f 306/17/72 305/7/72 303/17/73
f 301/7/73 303/17/73 305/7/72
f 308/17/23 307/7/23 306/17/72
f 305/7/72 306/17/72 307/7/23
f 304/17/44 303/17/73 302/7/44
f 301/7/73 302/7/44 303/17/73
f 298/24/91 299/21/92 297/24/91
f 300/21/92 297/24/91 299/21/92
f 300/21/92 299/21/92 294/21/90
f 296/21/90 294/21/90 299/21/92
f 298/24/91 297/24/91 295/24/89
f 293/24/89 295/24/89 297/24/91
f 296/21/90 295/24/89 294/21/90
f 293/24/89 294/21/90 295/24/89
f 331/26/44 340/7/44 329/26/44
f 339/28/44 329/26/44 340/7/44
f 334/27/44 329/26/44 339/28/44
f 340/7/44 331/26/44 338/7/44
f 337/28/44 334/27/44 339/28/44
f 337/28/44 338/7/44 331/26/44
f 334/27/44 337/28/44 336/27/44
f 336/27/44 337/28/44 331/26/44
f 332/26/91 335/27/92 331/26/91
f 336/27/92 331/26/91 335/27/92
f 333/27/90 330/26/89 334/27/90
f 329/26/89 334/27/90 330/26/89
f 336/27/92 335/27/92 334/27/90
f 333/27/90 334/27/90 335/27/92
f 332/26/91 331/26/91 330/26/89
f 329/26/89 330/26/89 331/26/91
f 343/24/91 342/21/92 341/24/91
f 342/21/92 343/24/91 344/21/92
f 345/24/89 343/24/91 341/24/91
f 343/24/91 345/24/89 346/24/89
f 347/21/90 342/21/92 344/21/92
f 342/21/92 347/21/90 348/21/90
f 347/21/90 345/24/89 348/21/90
f 345/24/89 347/21/90 346/24/89
f 351/17/17 350/7/44 349/7/17
f 350/7/44 351/17/17 352/17/44
f 355/7/36 354/17/21 353/7/21
f 354/17/21 355/7/36 356/17/36
f 353/7/21 351/17/17 349/7/17
f 351/17/17 353/7/21 354/17/21
f 351/17/15 357/17/15 352/17/15
f 357/17/15 351/17/15 358/17/15
f 358/17/15 351/17/15 354/17/15
f 358/17/15 354/17/15 359/17/15
f 359/17/15 354/17/15 356/17/15
f 355/7/14 350/7/14 360/7/14
f 350/7/14 355/7/14 349/7/14
f 349/7/14 355/7/14 353/7/14
f 363/23/93 362/23/94 361/23/94
f 362/23/94 363/23/93 364/23/93
f 367/25/96 366/22/74 365/25/96
f 366/22/74 367/25/96 368/22/74
f 371/19/75 370/19/76 369/19/76
f 370/19/76 371/19/75 372/19/75
f 375/22/71 374/25/95 373/22/71
f 374/25/95 375/22/71 376/25/95
f 376/25/95 362/23/94 374/25/95
f 362/23/94 376/25/95 361/23/94
f 363/23/93 365/25/96 364/23/93
f 365/25/96 363/23/93 367/25/96
f 370/19/76 373/22/71 369/19/76
f 373/22/71 370/19/76 375/22/71
f 368/22/74 371/19/75 366/22/74
f 371/19/75 368/22/74 372/19/75
f 365/25/44 362/23/44 364/23/44
f 362/23/44 365/25/44 374/25/44
f 374/25/44 365/25/44 345/24/44
f 345/24/44 365/25/44 366/22/44
f 341/24/44 374/25/44 345/24/44
f 345/24/44 366/22/44 348/21/44
f 374/25/44 341/24/44 373/22/44
f 348/21/44 366/22/44 342/21/44
f 373/22/44 341/24/44 342/21/44
f 373/22/44 342/21/44 366/22/44
f 373/22/44 366/22/44 371/19/44
f 373/22/44 371/19/44 369/19/44
f 379/26/89 378/26/91 377/26/91
f 378/26/91 379/26/89 380/26/89
f 383/27/90 382/27/92 381/27/92
f 382/27/92 383/27/90 384/27/90
f 378/26/91 382/27/92 377/26/91
f 382/27/92 378/26/91 381/27/92
f 383/27/90 379/26/89 384/27/90
f 379/26/89 383/27/90 380/26/89
f 379/26/44 385/28/44 384/27/44
f 384/27/44 385/28/44 382/27/44
f 379/26/44 386/7/44 385/28/44
f 387/28/44 382/27/44 385/28/44
f 386/7/44 379/26/44 388/7/44
f 387/28/44 377/26/44 382/27/44
f 388/7/44 377/26/44 387/28/44
f 377/26/44 388/7/44 379/26/44
f 391/17/36 390/22/74 389/17/36
f 390/22/74 391/17/36 392/22/74
f 393/17/15 391/17/15 389/17/15
f 391/17/15 393/17/15 357/17/15
f 396/17/15 395/17/15 394/17/15
f 395/17/15 396/17/15 397/17/15
f 399/7/14 259/7/14 398/7/14
f 400/7/14 259/7/14 399/7/14
f 401/7/14 259/7/14 400/7/14
f 259/7/14 401/7/14 261/7/14
f 402/7/14 261/7/14 401/7/14
f 261/7/14 402/7/14 403/7/14
f 406/19/75 405/19/76 404/19/76
f 405/19/76 406/19/75 407/19/75
f 409/22/71 396/17/23 408/22/71
f 396/17/23 409/22/71 397/17/23
f 392/22/74 406/19/75 390/22/74
f 406/19/75 392/22/74 407/19/75
f 405/19/76 408/22/71 404/19/76
f 408/22/71 405/19/76 409/22/71
f 393/17/44 399/7/44 398/7/44
f 399/7/44 393/17/44 389/17/44
f 399/7/44 389/17/44 410/21/44
f 410/21/44 389/17/44 390/22/44
f 410/21/44 390/22/44 411/21/44
f 408/22/44 411/21/44 390/22/44
f 408/22/44 390/22/44 406/19/44
f 408/22/44 406/19/44 404/19/44
f 396/17/44 411/21/44 408/22/44
f 411/21/44 396/17/44 402/7/44
f 394/17/44 402/7/44 396/17/44
f 402/7/44 394/17/44 403/7/44
f 413/21/14 411/21/14 412/21/14
f 411/21/14 413/21/14 410/21/14
f 401/7/36 411/21/36 402/7/36
f 411/21/36 401/7/36 412/21/36
f 413/21/23 399/7/23 410/21/23
f 399/7/23 413/21/23 400/7/23
f 416/29/90 415/17/89 414/29/90
f 415/17/89 416/29/90 417/17/89
f 416/29/90 419/29/92 418/29/92
f 419/29/92 416/29/90 414/29/90
f 421/17/91 419/29/92 420/17/91
f 419/29/92 421/17/91 418/29/92
f 415/17/89 421/17/91 420/17/91
f 421/17/91 415/17/89 417/17/89
f 424/7/92 423/7/90 422/7/90
f 423/7/90 424/7/92 425/7/92
f 427/6/89 423/7/90 426/6/89
f 423/7/90 427/6/89 422/7/90
f 424/7/92 428/6/91 425/7/92
f 428/6/91 424/7/92 429/6/91
f 428/6/91 427/6/89 426/6/89
f 427/6/89 428/6/91 429/6/91
f 428/6/44 423/7/44 425/7/44
f 423/7/44 428/6/44 426/6/44
f 432/23/39 431/19/39 430/23/39
f 431/19/39 432/23/39 433/19/39
f 436/19/46 435/23/40 434/23/46
f 435/23/40 436/19/46 437/19/40
f 430/23/36 436/19/46 434/23/46
f 436/19/46 430/23/36 431/19/36
f 436/19/15 433/19/15 437/19/15
f 433/19/15 436/19/15 431/19/15
f 430/23/14 435/23/14 432/23/14
f 435/23/14 430/23/14 434/23/14
f 433/19/23 435/23/40 437/19/40
f 435/23/40 433/19/23 432/23/23
f 464/19/39 466/19/39 468/22/39
f 466/19/39 461/22/39 468/22/39
f 461/22/39 439/21/39 468/22/39
f 439/21/39 438/24/39 468/22/39
f 439/21/39 461/22/39 445/21/39
f 468/22/39 438/24/39 469/25/39
f 445/21/39 461/22/39 442/24/39
f 442/24/39 469/25/39 438/24/39
f 461/22/39 460/25/39 442/24/39
f 442/24/39 460/25/39 469/25/39
f 469/25/39 460/25/39 457/23/39
f 459/23/39 457/23/39 460/25/39
f 467/19/75 463/22/74 466/19/75
f 461/22/74 466/19/75 463/22/74
f 470/22/71 465/19/76 468/22/71
f 464/19/76 468/22/71 465/19/76
f 462/25/96 458/23/93 460/25/96
f 459/23/93 460/25/96 458/23/93
f 456/23/94 471/25/95 457/23/94
f 469/25/95 457/23/94 471/25/95
f 471/25/95 470/22/71 469/25/95
f 468/22/71 469/25/95 470/22/71
f 467/19/75 466/19/75 465/19/76
f 464/19/76 465/19/76 466/19/75
f 463/22/74 462/25/96 461/22/74
f 460/25/96 461/22/74 462/25/96
f 459/23/93 458/23/93 457/23/94
f 456/23/94 457/23/94 458/23/93
f 448/7/14 450/7/14 446/7/14
f 446/7/14 450/7/14 260/7/14
f 455/7/14 260/7/14 450/7/14
f 451/17/15 449/17/15 454/17/15
f 454/17/15 449/17/15 453/17/15
f 449/17/15 447/17/15 453/17/15
f 453/17/15 447/17/15 452/17/15
f 257/17/15 452/17/15 447/17/15
f 449/17/98 448/7/98 447/17/97
f 446/7/97 447/17/97 448/7/98
f 451/17/36 450/7/36 449/17/98
f 448/7/98 449/17/98 450/7/36
f 257/17/39 447/17/97 260/7/39
f 446/7/97 260/7/39 447/17/97
f 443/24/89 444/21/90 442/24/89
f 445/21/90 442/24/89 444/21/90
f 445/21/90 444/21/90 439/21/92
f 441/21/92 439/21/92 444/21/90
f 443/24/89 442/24/89 440/24/91
f 438/24/91 440/24/91 442/24/89
f 441/21/92 440/24/91 439/21/92
f 438/24/91 439/21/92 440/24/91
f 474/26/39 483/7/39 472/26/39
f 482/28/39 472/26/39 483/7/39
f 477/27/39 472/26/39 482/28/39
f 483/7/39 474/26/39 481/7/39
f 480/28/39 477/27/39 482/28/39
f 480/28/39 481/7/39 474/26/39
f 477/27/39 480/28/39 479/27/39
f 479/27/39 480/28/39 474/26/39
f 475/26/89 478/27/90 474/26/89
f 479/27/90 474/26/89 478/27/90
f 476/27/92 473/26/91 477/27/92
f 472/26/91 477/27/92 473/26/91
f 479/27/90 478/27/90 477/27/92
f 476/27/92 477/27/92 478/27/90
f 475/26/89 474/26/89 473/26/91
f 472/26/91 473/26/91 474/26/89
f 501/22/100 500/22/100 514/19/103
f 504/19/103 514/19/103 500/22/100
f 515/22/104 513/19/102 503/22/104
f 505/19/102 503/22/104 513/19/102
f 511/17/63 515/22/104 506/17/63
f 503/22/104 506/17/63 515/22/104
f 514/19/103 504/19/103 513/19/102
f 505/19/102 513/19/102 504/19/103
f 502/7/14 512/7/14 489/7/14
f 489/7/14 512/7/14 491/7/14
f 491/7/14 512/7/14 486/7/14
f 486/7/14 508/7/14 484/7/14
f 486/7/14 512/7/14 508/7/14
f 508/7/14 512/7/14 493/7/14
f 495/7/14 493/7/14 512/7/14
f 511/17/15 506/17/15 510/17/15
f 506/17/15 507/17/15 510/17/15
f 510/17/15 507/17/15 509/17/15
f 507/17/15 492/17/15 509/17/15
f 494/17/15 509/17/15 492/17/15
f 493/7/99 492/17/99 508/7/101
f 507/17/101 508/7/101 492/17/99
f 508/7/101 507/17/101 484/7/58
f 506/17/58 484/7/58 507/17/101
f 484/7/58 506/17/58 485/21/58
f 503/22/58 485/21/58 506/17/58
f 505/19/58 504/19/58 503/22/58
f 504/19/58 500/22/58 503/22/58
f 500/22/58 485/21/58 503/22/58
f 485/21/58 500/22/58 488/21/58
f 500/22/58 498/17/58 488/21/58
f 488/21/58 498/17/58 489/7/58
f 498/17/58 499/17/58 489/7/58
f 502/7/58 489/7/58 499/17/58
f 501/22/100 496/17/66 500/22/100
f 498/17/66 500/22/100 496/17/66
f 499/17/15 498/17/15 497/17/15
f 496/17/15 497/17/15 498/17/15
f 495/7/63 494/17/63 493/7/99
f 492/17/99 493/7/99 494/17/63
f 488/21/14 490/21/14 485/21/14
f 487/21/14 485/21/14 490/21/14
f 491/7/63 490/21/63 489/7/63
f 488/21/63 489/7/63 490/21/63
f 487/21/66 486/7/66 485/21/66
f 484/7/66 485/21/66 486/7/66
f 520/6/58 522/6/58 517/7/58
f 519/7/58 517/7/58 522/6/58
f 523/6/108 522/6/108 521/6/107
f 520/6/107 521/6/107 522/6/108
f 523/6/108 518/7/106 522/6/108
f 519/7/106 522/6/108 518/7/106
f 516/7/105 521/6/107 517/7/105
f 520/6/107 517/7/105 521/6/107
f 519/7/106 518/7/106 517/7/105
f 516/7/105 517/7/105 518/7/106
f 526/23/63 527/19/63 529/23/62
f 531/19/62 529/23/62 527/19/63
f 528/23/14 524/23/14 529/23/14
f 526/23/14 529/23/14 524/23/14
f 525/19/15 530/19/15 527/19/15
f 531/19/15 527/19/15 530/19/15
f 525/19/66 524/23/66 530/19/69
f 528/23/69 530/19/69 524/23/66
f 531/19/62 530/19/69 529/23/62
f 528/23/69 529/23/62 530/19/69
f 527/19/55 526/23/55 525/19/55
f 524/23/55 525/19/55 526/23/55
f 534/24/91 533/21/92 532/24/91
f 533/21/92 534/24/91 535/21/92
f 536/24/89 534/24/91 532/24/91
f 534/24/91 536/24/89 537/24/89
f 538/21/90 533/21/92 535/21/92
f 533/21/92 538/21/90 539/21/90
f 538/21/90 536/24/89 539/21/90
f 536/24/89 538/21/90 537/24/89
f 541/17/17 302/7/44 540/7/17
f 302/7/44 541/17/17 304/17/44
f 544/7/36 543/17/21 542/7/21
f 543/17/21 544/7/36 545/17/36
f 542/7/21 541/17/17 540/7/17
f 541/17/17 542/7/21 543/17/21
f 541/17/15 309/17/15 304/17/15
f 309/17/15 541/17/15 546/17/15
f 546/17/15 541/17/15 543/17/15
f 546/17/15 543/17/15 547/17/15
f 547/17/15 543/17/15 545/17/15
f 544/7/14 302/7/14 312/7/14
f 302/7/14 544/7/14 540/7/14
f 540/7/14 544/7/14 542/7/14
f 550/23/93 549/23/94 548/23/94
f 549/23/94 550/23/93 551/23/93
f 554/25/96 553/22/74 552/25/96
f 553/22/74 554/25/96 555/22/74
f 558/19/75 557/19/76 556/19/76
f 557/19/76 558/19/75 559/19/75
f 562/22/71 561/25/95 560/22/71
f 561/25/95 562/22/71 563/25/95
f 563/25/95 549/23/94 561/25/95
f 549/23/94 563/25/95 548/23/94
f 550/23/93 552/25/96 551/23/93
f 552/25/96 550/23/93 554/25/96
f 557/19/76 560/22/71 556/19/76
f 560/22/71 557/19/76 562/22/71
f 555/22/74 558/19/75 553/22/74
f 558/19/75 555/22/74 559/19/75
f 552/25/44 549/23/44 551/23/44
f 549/23/44 552/25/44 561/25/44
f 561/25/44 552/25/44 536/24/44
f 536/24/44 552/25/44 553/22/44
f 532/24/44 561/25/44 536/24/44
f 536/24/44 553/22/44 539/21/44
f 561/25/44 532/24/44 560/22/44
f 539/21/44 553/22/44 533/21/44
f 560/22/44 532/24/44 533/21/44
f 560/22/44 533/21/44 553/22/44
f 560/22/44 553/22/44 558/19/44
f 560/22/44 558/19/44 556/19/44
f 566/26/89 565/26/91 564/26/91
f 565/26/91 566/26/89 567/26/89
f 570/27/90 569/27/92 568/27/92
f 569/27/92 570/27/90 571/27/90
f 565/26/91 569/27/92 564/26/91
f 569/27/92 565/26/91 568/27/92
f 570/27/90 566/26/89 571/27/90
f 566/26/89 570/27/90 567/26/89
f 566/26/44 572/28/44 571/27/44
f 571/27/44 572/28/44 569/27/44
f 566/26/44 573/7/44 572/28/44
f 574/28/44 569/27/44 572/28/44
f 573/7/44 566/26/44 575/7/44
f 574/28/44 564/26/44 569/27/44
f 575/7/44 564/26/44 574/28/44
f 564/26/44 575/7/44 566/26/44
f 578/24/89 577/21/90 576/24/89
f 577/21/90 578/24/89 579/21/90
f 580/24/91 578/24/89 576/24/89
f 578/24/89 580/24/91 581/24/91
f 582/21/92 577/21/90 579/21/90
f 577/21/90 582/21/92 583/21/92
f 582/21/92 580/24/91 583/21/92
f 580/24/91 582/21/92 581/24/91
f 586/17/109 585/7/39 584/7/109
f 585/7/39 586/17/109 587/17/39
f 590/7/23 589/17/110 588/7/110
f 589/17/110 590/7/23 591/17/23
f 588/7/110 586/17/109 584/7/109
f 586/17/109 588/7/110 589/17/110
f 586/17/15 592/17/15 587/17/15
f 592/17/15 586/17/15 593/17/15
f 593/17/15 586/17/15 589/17/15
f 593/17/15 589/17/15 594/17/15
f 594/17/15 589/17/15 591/17/15
f 590/7/14 585/7/14 595/7/14
f 585/7/14 590/7/14 584/7/14
f 584/7/14 590/7/14 588/7/14
f 598/23/94 597/23/93 596/23/93
f 597/23/93 598/23/94 599/23/94
f 602/25/95 601/22/71 600/25/95
f 601/22/71 602/25/95 603/22/71
f 606/19/76 605/19/75 604/19/75
f 605/19/75 606/19/76 607/19/76
f 610/22/74 609/25/96 608/22/74
f 609/25/96 610/22/74 611/25/96
f 611/25/96 597/23/93 609/25/96
f 597/23/93 611/25/96 596/23/93
f 598/23/94 600/25/95 599/23/94
f 600/25/95 598/23/94 602/25/95
f 605/19/75 608/22/74 604/19/75
f 608/22/74 605/19/75 610/22/74
f 603/22/71 606/19/76 601/22/71
f 606/19/76 603/22/71 607/19/76
f 600/25/39 597/23/39 599/23/39
f 597/23/39 600/25/39 609/25/39
f 609/25/39 600/25/39 580/24/39
f 580/24/39 600/25/39 601/22/39
f 576/24/39 609/25/39 580/24/39
f 580/24/39 601/22/39 583/21/39
f 609/25/39 576/24/39 608/22/39
f 583/21/39 601/22/39 577/21/39
f 608/22/39 576/24/39 577/21/39
f 608/22/39 577/21/39 601/22/39
f 608/22/39 601/22/39 606/19/39
f 608/22/39 606/19/39 604/19/39
f 614/26/91 613/26/89 612/26/89
f 613/26/89 614/26/91 615/26/91
f 618/27/92 617/27/90 616/27/90
f 617/27/90 618/27/92 619/27/92
f 613/26/89 617/27/90 612/26/89
f 617/27/90 613/26/89 616/27/90
f 618/27/92 614/26/91 619/27/92
f 614/26/91 618/27/92 615/26/91
f 614/26/39 620/28/39 619/27/39
f 619/27/39 620/28/39 617/27/39
f 614/26/39 621/7/39 620/28/39
f 622/28/39 617/27/39 620/28/39
f 621/7/39 614/26/39 623/7/39
f 622/28/39 612/26/39 617/27/39
f 623/7/39 612/26/39 622/28/39
f 612/26/39 623/7/39 614/26/39
f 30/32/9 33/31/9 34/30/9
f 33/31/9 30/32/9 32/33/9
f 32/33/9 30/32/9 29/32/9
f 32/33/9 29/32/9 31/33/9
f 37/32/9 36/33/9 35/32/9
f 36/33/9 37/32/9 40/33/9
f 40/33/9 37/32/9 38/30/9
f 40/33/9 38/30/9 39/31/9
f 627/34/44 625/34/44 208/37/44
f 625/34/44 630/35/44 208/37/44
f 211/37/44 627/34/44 208/37/44
f 207/36/44 208/37/44 630/35/44
f 627/34/44 211/37/44 628/35/44
f 630/35/44 628/35/44 207/36/44
f 211/37/44 212/36/44 628/35/44
f 207/36/44 628/35/44 212/36/44
f 624/34/90 631/35/89 625/34/90
f 630/35/89 625/34/90 631/35/89
f 629/35/91 628/35/91 631/35/89
f 630/35/89 631/35/89 628/35/91
f 629/35/91 626/34/92 628/35/91
f 627/34/92 628/35/91 626/34/92
f 627/34/92 626/34/92 625/34/90
f 624/34/90 625/34/90 626/34/92
f 276/37/83 262/36/83 264/36/83
f 262/36/83 276/37/83 275/37/83
f 400/36/44 415/38/44 401/36/44
f 415/38/44 400/36/44 413/37/44
f 420/38/44 401/36/44 415/38/44
f 415/38/44 413/37/44 414/34/44
f 401/36/44 420/38/44 412/37/44
f 414/34/44 413/37/44 419/34/44
f 412/37/44 420/38/44 419/34/44
f 412/37/44 419/34/44 413/37/44
f 487/37/58 490/37/58 486/36/58
f 491/36/58 486/36/58 490/37/58
f 633/39/23 64/40/23 632/39/23
f 64/40/23 633/39/23 65/40/23
f 635/39/28 92/40/28 634/39/28
f 92/40/28 635/39/28 89/40/28
f 636/39/27 92/40/27 94/40/27
f 92/40/27 636/39/27 634/39/27
f 637/41/28 638/41/28 639/42/28
f 642/42/24 641/41/24 640/41/24
f 645/42/63 644/41/63 643/41/63
f 646/41/66 647/41/66 648/42/66
f 651/44/36 650/43/36 649/43/36
f 654/43/23 653/43/23 652/44/23
f 240/40/36 658/39/36 239/40/36
f 657/39/36 239/40/36 658/39/36
f 228/40/44 239/40/44 227/45/44
f 657/39/44 227/45/44 239/40/44
f 230/46/44 227/45/44 657/39/44
f 655/39/44 230/46/44 657/39/44
f 230/46/44 655/39/44 232/46/44
f 232/46/44 655/39/44 221/45/44
f 221/45/44 655/39/44 214/40/44
f 216/40/44 214/40/44 655/39/44
f 656/39/23 217/40/23 655/39/23
f 216/40/23 655/39/23 217/40/23
f 659/39/83 252/40/83 253/40/83
f 252/40/83 659/39/83 250/45/83
f 250/45/83 659/39/83 268/46/83
f 268/46/83 659/39/83 267/46/83
f 660/39/83 267/46/83 659/39/83
f 660/39/83 272/45/83 267/46/83
f 255/40/83 272/45/83 660/39/83
f 272/45/83 255/40/83 256/40/83
f 324/46/44 661/39/44 320/45/44
f 320/45/44 661/39/44 319/47/44
f 322/46/44 661/39/44 324/46/44
f 661/39/44 310/40/44 319/47/44
f 661/39/44 322/46/44 663/39/44
f 319/47/44 310/40/44 315/48/44
f 309/40/44 315/48/44 310/40/44
f 315/48/44 309/40/44 313/48/44
f 313/48/44 309/40/44 328/47/44
f 663/39/44 328/47/44 309/40/44
f 322/46/44 327/45/44 663/39/44
f 327/45/44 328/47/44 663/39/44
f 662/39/23 311/40/23 661/39/23
f 310/40/23 661/39/23 311/40/23
f 359/40/36 664/39/36 358/40/36
f 664/39/36 359/40/36 46/39/36
f 41/39/44 376/47/44 375/45/44
f 41/39/44 375/45/44 370/46/44
f 357/40/44 376/47/44 41/39/44
f 376/47/44 357/40/44 361/48/44
f 361/48/44 357/40/44 363/48/44
f 358/40/44 363/48/44 357/40/44
f 363/48/44 358/40/44 367/47/44
f 41/39/44 370/46/44 664/39/44
f 367/47/44 358/40/44 664/39/44
f 372/46/44 664/39/44 370/46/44
f 367/47/44 664/39/44 368/45/44
f 368/45/44 664/39/44 372/46/44
f 41/39/44 391/40/44 357/40/44
f 391/40/44 41/39/44 392/45/44
f 392/45/44 41/39/44 407/46/44
f 407/46/44 41/39/44 405/46/44
f 665/39/44 405/46/44 41/39/44
f 665/39/44 409/45/44 405/46/44
f 395/40/44 409/45/44 665/39/44
f 409/45/44 395/40/44 397/40/44
f 467/46/39 666/39/39 463/45/39
f 463/45/39 666/39/39 462/47/39
f 465/46/39 666/39/39 467/46/39
f 666/39/39 453/40/39 462/47/39
f 666/39/39 465/46/39 668/39/39
f 462/47/39 453/40/39 458/48/39
f 452/40/39 458/48/39 453/40/39
f 458/48/39 452/40/39 456/48/39
f 456/48/39 452/40/39 471/47/39
f 668/39/39 471/47/39 452/40/39
f 465/46/39 470/45/39 668/39/39
f 470/45/39 471/47/39 668/39/39
f 667/39/36 454/40/36 666/39/36
f 453/40/36 666/39/36 454/40/36
f 511/40/58 510/40/58 515/45/58
f 669/39/58 515/45/58 510/40/58
f 513/46/58 515/45/58 669/39/58
f 671/39/58 513/46/58 669/39/58
f 513/46/58 671/39/58 514/46/58
f 514/46/58 671/39/58 501/45/58
f 501/45/58 671/39/58 496/40/58
f 497/40/58 496/40/58 671/39/58
f 509/40/63 670/39/63 510/40/63
f 669/39/63 510/40/63 670/39/63
f 547/40/36 672/39/36 546/40/36
f 672/39/36 547/40/36 673/39/36
f 663/39/44 563/47/44 562/45/44
f 663/39/44 562/45/44 557/46/44
f 309/40/44 563/47/44 663/39/44
f 563/47/44 309/40/44 548/48/44
f 548/48/44 309/40/44 550/48/44
f 546/40/44 550/48/44 309/40/44
f 550/48/44 546/40/44 554/47/44
f 663/39/44 557/46/44 672/39/44
f 554/47/44 546/40/44 672/39/44
f 559/46/44 672/39/44 557/46/44
f 554/47/44 672/39/44 555/45/44
f 555/45/44 672/39/44 559/46/44
f 594/40/23 674/39/23 593/40/23
f 674/39/23 594/40/23 675/39/23
f 676/39/39 611/47/39 610/45/39
f 676/39/39 610/45/39 605/46/39
f 592/40/39 611/47/39 676/39/39
f 611/47/39 592/40/39 596/48/39
f 596/48/39 592/40/39 598/48/39
f 593/40/39 598/48/39 592/40/39
f 598/48/39 593/40/39 602/47/39
f 676/39/39 605/46/39 674/39/39
f 602/47/39 593/40/39 674/39/39
f 607/46/39 674/39/39 605/46/39
f 602/47/39 674/39/39 603/45/39
f 603/45/39 674/39/39 607/46/39
f 685/54/116 686/55/116 687/56/116
f 687/56/116 686/55/116 677/49/116
f 686/55/116 639/55/116 677/49/116
f 677/49/116 639/55/116 678/49/116
f 688/55/116 678/49/116 639/55/116
f 685/54/114 687/56/115 684/53/114
f 683/52/115 684/53/114 687/56/115
f 683/52/115 687/56/115 679/50/111
f 677/49/111 679/50/111 687/56/115
f 686/55/28 685/54/114 682/51/28
f 684/53/114 682/51/28 685/54/114
f 684/53/113 683/52/113 682/51/113
f 683/52/113 679/50/113 682/51/113
f 682/51/113 679/50/113 681/51/113
f 680/50/113 681/51/113 679/50/113
f 680/50/112 679/50/111 678/49/112
f 677/49/111 678/49/112 679/50/111
f 691/50/117 690/49/112 689/49/117
f 690/49/112 691/50/117 692/50/112
f 691/50/113 693/51/113 692/50/113
f 693/51/113 691/50/113 694/51/113
f 694/51/113 691/50/113 695/52/113
f 694/51/113 695/52/113 696/53/113
f 697/54/118 694/51/24 696/53/118
f 694/51/24 697/54/118 698/55/24
f 699/56/119 691/50/117 689/49/117
f 691/50/117 699/56/119 695/52/119
f 699/56/119 696/53/118 695/52/119
f 696/53/118 699/56/119 697/54/118
f 642/55/116 690/49/116 700/55/116
f 690/49/116 642/55/116 689/49/116
f 689/49/116 642/55/116 698/55/116
f 689/49/116 698/55/116 699/56/116
f 699/56/116 698/55/116 697/54/116
f 703/50/120 702/49/121 701/49/120
f 702/49/121 703/50/120 704/50/121
f 703/50/9 705/51/9 704/50/9
f 705/51/9 703/50/9 706/51/9
f 706/51/9 703/50/9 707/52/9
f 706/51/9 707/52/9 708/53/9
f 709/54/122 706/51/63 708/53/122
f 706/51/63 709/54/122 710/55/63
f 711/56/13 703/50/120 701/49/120
f 703/50/120 711/56/13 707/52/13
f 711/56/13 708/53/122 707/52/13
f 708/53/122 711/56/13 709/54/122
f 645/55/123 702/49/123 712/55/123
f 702/49/123 645/55/123 701/49/123
f 701/49/123 645/55/123 710/55/123
f 701/49/123 710/55/123 711/56/123
f 711/56/123 710/55/123 709/54/123
f 721/54/123 722/55/123 723/56/123
f 723/56/123 722/55/123 713/49/123
f 722/55/123 648/55/123 713/49/123
f 713/49/123 648/55/123 714/49/123
f 724/55/123 714/49/123 648/55/123
f 721/54/125 723/56/11 720/53/125
f 719/52/11 720/53/125 723/56/11
f 719/52/11 723/56/11 715/50/124
f 713/49/124 715/50/124 723/56/11
f 722/55/66 721/54/125 718/51/66
f 720/53/125 718/51/66 721/54/125
f 720/53/9 719/52/9 718/51/9
f 719/52/9 715/50/9 718/51/9
f 718/51/9 715/50/9 717/51/9
f 716/50/9 717/51/9 715/50/9
f 716/50/121 715/50/124 714/49/121
f 713/49/124 714/49/121 715/50/124
f 727/51/23 726/58/126 725/57/126
f 726/58/126 727/51/23 728/59/23
f 727/51/127 729/59/127 728/59/127
f 729/59/127 727/51/127 730/51/127
f 729/59/128 726/58/128 728/59/128
f 726/58/128 729/59/128 731/60/128
f 731/60/128 729/59/128 732/49/128
f 732/49/128 729/59/128 733/49/128
f 733/49/128 729/59/128 734/60/128
f 734/60/128 729/59/128 735/58/128
f 735/58/129 730/51/36 736/57/129
f 730/51/36 735/58/129 729/59/36
f 733/49/131 737/61/130 732/49/130
f 737/61/130 733/49/131 738/61/131
f 734/60/132 736/57/129 739/62/132
f 736/57/129 734/60/132 735/58/129
f 734/60/132 738/61/131 733/49/131
f 738/61/131 734/60/132 739/62/132
f 737/61/130 731/60/133 732/49/130
f 731/60/133 737/61/130 740/62/133
f 725/57/126 731/60/133 740/62/133
f 731/60/133 725/57/126 726/58/126
f 740/62/134 727/51/134 725/57/134
f 727/51/134 740/62/134 730/51/134
f 730/51/134 740/62/134 737/61/134
f 730/51/134 737/61/134 738/61/134
f 730/51/134 738/61/134 739/62/134
f 730/51/134 739/62/134 736/57/134
f 200/63/15 173/63/15 171/63/15
f 173/63/15 200/63/15 199/63/15
f 173/63/15 199/63/15 166/63/15
f 166/63/15 199/63/15 185/63/15
f 166/63/15 185/63/15 165/63/15
f 165/63/15 185/63/15 741/63/15
f 741/63/15 185/63/15 742/63/15
f 742/63/15 185/63/15 186/63/15
f 742/63/15 186/63/15 198/63/15
f 198/63/15 186/63/15 182/63/15
f 198/63/15 182/63/15 184/63/15
f 745/65/137 744/64/136 743/64/135
f 744/64/136 745/65/137 746/65/138
f 748/64/140 746/65/138 747/65/139
f 746/65/138 748/64/140 744/64/136
f 748/64/140 750/65/142 749/64/141
f 750/65/142 748/64/140 747/65/139
f 753/64/145 752/66/144 751/64/143
f 752/66/144 753/64/145 754/66/146
f 743/64/135 754/66/146 753/64/145
f 754/66/146 743/64/135 755/66/147
f 756/66/148 748/64/140 749/64/141
f 748/64/140 756/66/148 757/66/149
f 758/65/150 743/64/135 753/64/145
f 743/64/135 758/65/150 745/65/137
f 759/66/151 748/64/140 757/66/149
f 748/64/140 759/66/151 744/64/136
f 750/65/142 751/64/143 749/64/141
f 751/64/143 750/65/142 760/65/152
f 743/64/135 759/66/151 755/66/147
f 759/66/151 743/64/135 744/64/136
f 749/64/141 752/66/144 756/66/148
f 752/66/144 749/64/141 751/64/143
f 760/65/152 753/64/145 751/64/143
f 753/64/145 760/65/152 758/65/150
f 760/65/152 745/65/137 758/65/150
f 745/65/137 760/65/152 746/65/138
f 746/65/138 760/65/152 750/65/142
f 746/65/138 750/65/142 747/65/139
f 763/65/155 762/67/154 761/67/153
f 762/67/154 763/65/155 764/65/156
f 764/65/156 765/67/157 762/67/154
f 765/67/157 764/65/156 766/65/158
f 769/67/161 768/66/160 767/66/159
f 768/66/160 769/67/161 770/67/162
f 772/66/164 771/67/163 761/67/153
f 771/67/163 772/66/164 773/66/165
f 765/67/157 767/66/159 774/66/166
f 767/66/159 765/67/157 769/67/161
f 773/66/165 770/67/162 771/67/163
f 770/67/162 773/66/165 768/66/160
f 761/67/153 775/66/167 772/66/164
f 775/66/167 761/67/153 762/67/154
f 770/67/162 776/65/168 771/67/163
f 776/65/168 770/67/162 777/65/169
f 765/67/157 775/66/167 762/67/154
f 775/66/167 765/67/157 774/66/166
f 778/65/170 770/67/162 769/67/161
f 770/67/162 778/65/170 777/65/169
f 771/67/163 763/65/155 761/67/153
f 763/65/155 771/67/163 776/65/168
f 764/65/156 778/65/170 766/65/158
f 778/65/170 764/65/156 763/65/155
f 778/65/170 763/65/155 777/65/169
f 777/65/169 763/65/155 776/65/168
f 778/65/170 765/67/157 766/65/158
f 765/67/157 778/65/170 769/67/161
f 781/68/173 780/65/172 779/65/171
f 780/65/172 781/68/173 782/68/174
f 784/66/176 781/68/173 783/68/175
f 781/68/173 784/66/176 785/66/177
f 788/68/180 787/66/179 786/68/178
f 787/66/179 788/68/180 789/66/181
f 790/65/182 782/68/174 788/68/180
f 782/68/174 790/65/182 780/65/172
f 791/65/183 788/68/180 786/68/178
f 788/68/180 791/65/183 790/65/182
f 792/66/184 781/68/173 785/66/177
f 781/68/173 792/66/184 782/68/174
f 794/65/186 786/68/178 793/68/185
f 786/68/178 794/65/186 791/65/183
f 788/68/180 792/66/184 789/66/181
f 792/66/184 788/68/180 782/68/174
f 781/68/173 795/65/187 783/68/175
f 795/65/187 781/68/173 779/65/171
f 794/65/186 790/65/182 791/65/183
f 790/65/182 794/65/186 780/65/172
f 780/65/172 794/65/186 795/65/187
f 780/65/172 795/65/187 779/65/171
f 795/65/187 793/68/185 783/68/175
f 793/68/185 795/65/187 794/65/186
f 786/68/178 796/66/188 793/68/185
f 796/66/188 786/68/178 787/66/179
f 783/68/175 796/66/188 784/66/176
f 796/66/188 783/68/175 793/68/185
f 799/65/191 798/68/190 797/68/189
f 798/68/190 799/65/191 800/65/192
f 797/68/189 802/66/194 801/66/193
f 802/66/194 797/68/189 798/68/190
f 800/65/192 804/65/196 803/65/195
f 804/65/196 800/65/192 805/65/197
f 805/65/197 800/65/192 799/65/191
f 805/65/197 799/65/191 806/65/198
f 798/68/190 807/66/199 802/66/194
f 807/66/199 798/68/190 808/68/200
f 801/66/193 809/68/201 797/68/189
f 809/68/201 801/66/193 810/66/202
f 805/65/197 809/68/201 811/68/203
f 809/68/201 805/65/197 806/65/198
f 803/65/195 812/68/204 808/68/200
f 812/68/204 803/65/195 804/65/196
f 800/65/192 808/68/200 798/68/190
f 808/68/200 800/65/192 803/65/195
f 809/68/201 799/65/191 797/68/189
f 799/65/191 809/68/201 806/65/198
f 804/65/196 811/68/203 812/68/204
f 811/68/203 804/65/196 805/65/197
f 812/68/204 807/66/199 808/68/200
f 807/66/199 812/68/204 813/66/205
f 812/68/204 814/66/206 813/66/205
f 814/66/206 812/68/204 811/68/203
f 811/68/203 810/66/202 814/66/206
f 810/66/202 811/68/203 809/68/201
f 817/67/209 816/66/208 815/66/207
f 816/66/208 817/67/209 818/67/210
f 821/66/213 820/67/212 819/66/211
f 820/67/212 821/66/213 822/67/214
f 825/65/217 824/67/216 823/67/215
f 824/67/216 825/65/217 826/65/218
f 827/65/219 818/67/210 817/67/209
f 818/67/210 827/65/219 828/65/220
f 824/67/216 821/66/213 829/66/221
f 821/66/213 824/67/216 822/67/214
f 828/65/220 826/65/218 825/65/217
f 826/65/218 828/65/220 830/65/222
f 830/65/222 828/65/220 827/65/219
f 830/65/222 827/65/219 831/65/223
f 820/67/212 827/65/219 817/67/209
f 827/65/219 820/67/212 831/65/223
f 815/66/207 820/67/212 817/67/209
f 820/67/212 815/66/207 819/66/211
f 823/67/215 816/66/208 818/67/210
f 816/66/208 823/67/215 832/66/224
f 824/67/216 832/66/224 823/67/215
f 832/66/224 824/67/216 829/66/221
f 826/65/218 822/67/214 824/67/216
f 822/67/214 826/65/218 830/65/222
f 820/67/212 830/65/222 831/65/223
f 830/65/222 820/67/212 822/67/214
f 828/65/220 823/67/215 818/67/210
f 823/67/215 828/65/220 825/65/217
f 626/70/44 629/69/44 624/70/44
f 631/69/44 624/70/44 629/69/44
f 836/72/44 835/72/44 834/71/44
f 833/71/44 834/71/44 835/72/44
f 839/72/44 838/71/44 837/71/44
f 838/71/44 839/72/44 840/72/44
f 416/70/44 421/73/44 417/73/44
f 421/73/44 416/70/44 418/70/44
f 844/72/39 843/72/39 842/71/39
f 841/71/39 842/71/39 843/72/39
f 847/72/44 846/71/44 845/71/44
f 846/71/44 847/72/44 848/72/44
f 851/72/39 850/71/39 849/71/39
f 850/71/39 851/72/39 852/72/39
g building-type-u
usemtl colormap
f 3/3/2 2/2/1 1/1/1
f 2/2/1 3/3/2 4/4/2
f 7/5/4 6/6/3 5/5/3
f 6/6/3 7/5/4 8/6/4
f 11/8/5 10/7/6 9/7/5
f 10/7/6 11/8/5 12/8/6
f 15/2/7 14/3/8 13/1/7
f 14/3/8 15/2/7 16/4/8
f 8/6/4 4/4/2 3/3/2
f 4/4/2 8/6/4 7/5/4
f 16/4/8 6/6/3 14/3/8
f 6/6/3 16/4/8 5/5/3
f 1/1/1 10/7/6 12/8/6
f 10/7/6 1/1/1 2/2/1
f 9/7/5 13/1/7 11/8/5
f 13/1/7 9/7/5 15/2/7
f 12/8/9 3/3/9 1/1/9
f 3/3/9 12/8/9 8/6/9
f 8/6/9 12/8/9 17/9/9
f 17/9/9 12/8/9 18/10/9
f 18/10/9 12/8/9 11/8/9
f 19/11/9 8/6/9 17/9/9
f 20/12/9 8/6/9 19/11/9
f 8/6/9 20/12/9 6/6/9
f 18/10/9 11/8/9 21/10/9
f 6/6/9 20/12/9 22/12/9
f 21/10/9 23/10/9 22/12/9
f 21/10/9 11/8/9 23/10/9
f 24/12/9 22/12/9 23/10/9
f 6/6/9 22/12/9 24/12/9
f 23/10/9 11/8/9 25/10/9
f 6/6/9 24/12/9 26/12/9
f 25/10/9 11/8/9 27/9/9
f 27/9/9 11/8/9 28/11/9
f 6/6/9 26/12/9 28/11/9
f 6/6/9 28/11/9 11/8/9
f 6/6/9 11/8/9 13/1/9
f 6/6/9 13/1/9 14/3/9
f 30/13/3 21/10/10 29/13/10
f 21/10/10 30/13/3 18/10/3
f 22/12/11 29/13/10 21/10/10
f 29/13/10 22/12/11 31/14/11
f 22/12/11 32/14/5 31/14/11
f 32/14/5 22/12/11 20/12/5
f 33/15/7 20/12/5 19/11/7
f 20/12/5 33/15/7 32/14/5
f 34/16/8 19/11/7 17/9/8
f 19/11/7 34/16/8 33/15/7
f 30/13/3 17/9/8 18/10/3
f 17/9/8 30/13/3 34/16/8
f 35/13/12 24/12/13 23/10/12
f 24/12/13 35/13/12 36/14/13
f 35/13/12 25/10/4 37/13/4
f 25/10/4 35/13/12 23/10/12
f 27/9/2 37/13/4 25/10/4
f 37/13/4 27/9/2 38/16/2
f 28/11/1 38/16/2 27/9/2
f 38/16/2 28/11/1 39/15/1
f 26/12/6 39/15/1 28/11/1
f 39/15/1 26/12/6 40/14/6
f 26/12/6 36/14/13 40/14/6
f 36/14/13 26/12/6 24/12/13
f 43/7/14 42/7/14 41/7/14
f 43/7/14 44/7/14 42/7/14
f 44/7/14 43/7/14 45/7/14
f 46/7/14 44/7/14 45/7/14
f 47/7/14 44/7/14 46/7/14
f 44/7/14 47/7/14 48/7/14
f 51/6/15 50/6/15 49/6/15
f 50/6/15 51/6/15 52/6/15
f 52/6/15 51/6/15 53/6/15
f 52/6/15 53/6/15 54/6/15
f 52/6/15 54/6/15 55/6/15
f 55/6/15 54/6/15 56/6/15
f 42/7/16 56/6/16 41/7/16
f 56/6/16 42/7/16 55/6/16
f 52/6/17 42/7/18 44/7/17
f 42/7/18 52/6/17 55/6/18
f 51/6/19 47/7/19 46/7/19
f 47/7/19 51/6/19 49/6/19
f 50/6/21 47/7/20 49/6/20
f 47/7/20 50/6/21 48/7/21
f 50/6/21 44/7/17 48/7/21
f 44/7/17 50/6/21 52/6/17
f 56/6/19 43/7/19 41/7/19
f 43/7/19 56/6/19 54/6/19
f 54/6/22 45/7/22 43/7/22
f 45/7/22 54/6/22 53/6/22
f 45/7/16 51/6/16 46/7/16
f 51/6/16 45/7/16 53/6/16
f 57/7/15 45/7/15 46/7/15
f 45/7/15 57/7/15 43/7/15
f 43/7/15 57/7/15 41/7/15
f 60/7/14 59/7/14 58/7/14
f 59/7/14 60/7/14 61/7/14
f 64/17/15 63/17/15 62/17/15
f 63/17/15 64/17/15 65/17/15
f 63/17/23 59/7/23 62/17/23
f 59/7/23 63/17/23 58/7/23
f 68/7/14 67/7/14 66/7/14
f 68/7/14 69/7/14 67/7/14
f 69/7/14 68/7/14 70/7/14
f 71/7/14 69/7/14 70/7/14
f 72/7/14 69/7/14 71/7/14
f 69/7/14 72/7/14 73/7/14
f 76/6/15 75/6/15 74/6/15
f 75/6/15 76/6/15 77/6/15
f 77/6/15 76/6/15 78/6/15
f 77/6/15 78/6/15 79/6/15
f 77/6/15 79/6/15 80/6/15
f 80/6/15 79/6/15 81/6/15
f 67/7/24 81/6/24 66/7/24
f 81/6/24 67/7/24 80/6/24
f 77/6/25 67/7/26 69/7/25
f 67/7/26 77/6/25 80/6/26
f 76/6/27 72/7/27 71/7/27
f 72/7/27 76/6/27 74/6/27
f 75/6/29 72/7/28 74/6/28
f 72/7/28 75/6/29 73/7/29
f 75/6/29 69/7/25 73/7/29
f 69/7/25 75/6/29 77/6/25
f 81/6/27 68/7/27 66/7/27
f 68/7/27 81/6/27 79/6/27
f 79/6/30 70/7/30 68/7/30
f 70/7/30 79/6/30 78/6/30
f 70/7/24 76/6/24 71/7/24
f 76/6/24 70/7/24 78/6/24
f 82/7/15 70/7/15 71/7/15
f 70/7/15 82/7/15 68/7/15
f 68/7/15 82/7/15 66/7/15
f 85/7/14 84/7/14 83/7/14
f 84/7/14 85/7/14 86/7/14
f 86/7/14 85/7/14 87/7/14
f 90/17/15 89/17/15 88/17/15
f 89/17/15 90/17/15 91/17/15
f 89/17/15 91/17/15 92/17/15
f 92/17/15 91/17/15 93/17/15
f 92/17/15 93/17/15 94/17/15
f 88/17/28 84/7/31 90/17/31
f 84/7/31 88/17/28 83/7/28
f 93/17/27 86/7/32 87/7/27
f 86/7/32 93/17/27 91/17/32
f 90/17/31 86/7/32 91/17/32
f 86/7/32 90/17/31 84/7/31
f 97/19/23 96/18/34 95/18/33
f 96/18/34 97/19/23 98/19/22
f 101/18/37 100/19/36 99/18/35
f 100/19/36 101/18/37 102/19/38
f 96/18/22 104/7/39 103/7/22
f 104/7/39 96/18/22 105/18/39
f 97/19/23 107/18/41 106/19/40
f 107/18/41 97/19/23 95/18/33
f 108/19/39 101/18/37 105/18/42
f 101/18/37 108/19/39 102/19/38
f 110/19/44 107/18/41 109/18/43
f 107/18/41 110/19/44 106/19/40
f 112/19/46 109/18/43 111/18/45
f 109/18/43 112/19/46 110/19/44
f 114/6/48 97/19/23 113/6/47
f 97/19/23 114/6/48 98/19/22
f 105/18/39 115/7/38 104/7/39
f 115/7/38 105/18/39 101/18/38
f 111/18/46 117/7/44 116/7/46
f 117/7/44 111/18/46 109/18/44
f 118/7/36 111/18/46 116/7/46
f 111/18/46 118/7/36 99/18/36
f 98/19/22 105/18/42 96/18/34
f 105/18/42 98/19/22 108/19/39
f 119/6/49 110/19/44 112/19/46
f 110/19/44 119/6/49 120/6/50
f 121/6/51 97/19/23 106/19/40
f 97/19/23 121/6/51 113/6/47
f 120/6/50 106/19/40 110/19/44
f 106/19/40 120/6/50 121/6/51
f 111/18/45 100/19/36 112/19/46
f 100/19/36 111/18/45 99/18/35
f 122/6/52 102/19/38 108/19/39
f 102/19/38 122/6/52 123/6/53
f 100/19/36 119/6/49 112/19/46
f 119/6/49 100/19/36 124/6/54
f 121/6/15 114/6/15 113/6/15
f 114/6/15 121/6/15 120/6/15
f 114/6/15 120/6/15 122/6/15
f 122/6/15 120/6/15 119/6/15
f 122/6/15 119/6/15 123/6/15
f 123/6/15 119/6/15 124/6/15
f 95/18/23 125/7/40 107/18/40
f 125/7/40 95/18/23 126/7/23
f 109/18/44 125/7/40 117/7/44
f 125/7/40 109/18/44 107/18/40
f 100/19/36 123/6/53 124/6/54
f 123/6/53 100/19/36 102/19/38
f 96/18/22 126/7/23 95/18/23
f 126/7/23 96/18/22 103/7/22
f 114/6/48 108/19/39 98/19/22
f 108/19/39 114/6/48 122/6/52
f 115/7/38 99/18/36 118/7/36
f 99/18/36 115/7/38 101/18/38
f 129/19/23 128/18/34 127/18/33
f 128/18/34 129/19/23 130/19/22
f 133/18/37 132/19/36 131/18/35
f 132/19/36 133/18/37 134/19/38
f 128/18/22 136/7/39 135/7/22
f 136/7/39 128/18/22 137/18/39
f 129/19/23 139/18/41 138/19/40
f 139/18/41 129/19/23 127/18/33
f 140/19/39 133/18/37 137/18/42
f 133/18/37 140/19/39 134/19/38
f 142/19/44 139/18/41 141/18/43
f 139/18/41 142/19/44 138/19/40
f 144/19/46 141/18/43 143/18/45
f 141/18/43 144/19/46 142/19/44
f 146/6/48 129/19/23 145/6/47
f 129/19/23 146/6/48 130/19/22
f 137/18/39 147/7/38 136/7/39
f 147/7/38 137/18/39 133/18/38
f 143/18/46 149/7/44 148/7/46
f 149/7/44 143/18/46 141/18/44
f 150/7/36 143/18/46 148/7/46
f 143/18/46 150/7/36 131/18/36
f 130/19/22 137/18/42 128/18/34
f 137/18/42 130/19/22 140/19/39
f 151/6/49 142/19/44 144/19/46
f 142/19/44 151/6/49 152/6/50
f 153/6/51 129/19/23 138/19/40
f 129/19/23 153/6/51 145/6/47
f 152/6/50 138/19/40 142/19/44
f 138/19/40 152/6/50 153/6/51
f 143/18/45 132/19/36 144/19/46
f 132/19/36 143/18/45 131/18/35
f 154/6/52 134/19/38 140/19/39
f 134/19/38 154/6/52 155/6/53
f 132/19/36 151/6/49 144/19/46
f 151/6/49 132/19/36 156/6/54
f 153/6/15 146/6/15 145/6/15
f 146/6/15 153/6/15 152/6/15
f 146/6/15 152/6/15 154/6/15
f 154/6/15 152/6/15 151/6/15
f 154/6/15 151/6/15 155/6/15
f 155/6/15 151/6/15 156/6/15
f 127/18/23 157/7/40 139/18/40
f 157/7/40 127/18/23 158/7/23
f 141/18/44 157/7/40 149/7/44
f 157/7/40 141/18/44 139/18/40
f 132/19/36 155/6/53 156/6/54
f 155/6/53 132/19/36 134/19/38
f 128/18/22 158/7/23 127/18/23
f 158/7/23 128/18/22 135/7/22
f 146/6/48 140/19/39 130/19/22
f 140/19/39 146/6/48 154/6/52
f 147/7/38 131/18/36 150/7/36
f 131/18/36 147/7/38 133/18/38
f 161/7/56 160/6/55 159/7/55
f 160/6/55 161/7/56 162/6/56
f 164/6/57 161/7/56 163/7/57
f 161/7/56 164/6/57 162/6/56
f 167/6/58 166/20/59 165/20/58
f 166/20/59 167/6/58 168/6/59
f 164/6/57 170/7/60 169/6/60
f 170/7/60 164/6/57 163/7/57
f 173/20/62 172/6/61 171/20/61
f 172/6/61 173/20/62 174/6/62
f 168/6/59 173/20/62 166/20/59
f 173/20/62 168/6/59 174/6/62
f 177/7/63 176/6/61 175/7/61
f 176/6/61 177/7/63 178/6/63
f 175/7/61 180/6/62 179/7/62
f 180/6/62 175/7/61 176/6/61
f 183/6/60 182/20/57 181/6/57
f 182/20/57 183/6/60 184/20/60
f 187/6/64 186/20/56 185/20/64
f 186/20/56 187/6/64 188/6/56
f 178/6/15 180/6/15 176/6/15
f 189/6/15 180/6/15 178/6/15
f 183/6/15 180/6/15 189/6/15
f 181/6/15 180/6/15 183/6/15
f 181/6/15 190/6/15 180/6/15
f 188/6/15 190/6/15 181/6/15
f 187/6/15 190/6/15 188/6/15
f 187/6/15 191/6/15 190/6/15
f 192/6/15 191/6/15 187/6/15
f 192/6/15 193/6/15 191/6/15
f 194/6/15 193/6/15 192/6/15
f 193/6/15 194/6/15 172/6/15
f 164/6/15 193/6/15 172/6/15
f 164/6/15 195/6/15 193/6/15
f 195/6/15 164/6/15 169/6/15
f 164/6/15 172/6/15 174/6/15
f 164/6/15 174/6/15 162/6/15
f 162/6/15 174/6/15 168/6/15
f 162/6/15 168/6/15 160/6/15
f 160/6/15 168/6/15 167/6/15
f 188/6/56 182/20/57 186/20/56
f 182/20/57 188/6/56 181/6/57
f 190/6/59 197/7/65 196/7/59
f 197/7/65 190/6/59 191/6/65
f 180/6/62 196/7/59 179/7/62
f 196/7/59 180/6/62 190/6/59
f 189/6/66 184/20/60 183/6/60
f 184/20/60 189/6/66 198/20/66
f 200/20/68 192/6/67 199/20/67
f 192/6/67 200/20/68 194/6/68
f 195/6/70 201/7/69 193/6/69
f 201/7/69 195/6/70 202/7/70
f 191/6/65 201/7/69 197/7/65
f 201/7/69 191/6/65 193/6/69
f 169/6/60 202/7/70 195/6/70
f 202/7/70 169/6/60 170/7/60
f 171/20/61 194/6/68 200/20/68
f 194/6/68 171/20/61 172/6/61
f 163/7/14 202/7/14 170/7/14
f 202/7/14 163/7/14 201/7/14
f 201/7/14 163/7/14 161/7/14
f 201/7/14 161/7/14 197/7/14
f 197/7/14 161/7/14 159/7/14
f 197/7/14 159/7/14 203/7/14
f 197/7/14 203/7/14 204/7/14
f 197/7/14 204/7/14 196/7/14
f 196/7/14 204/7/14 177/7/14
f 196/7/14 177/7/14 179/7/14
f 179/7/14 177/7/14 175/7/14
f 192/6/67 185/20/64 199/20/67
f 185/20/64 192/6/67 187/6/64
f 235/17/15 237/17/15 233/17/15
f 240/17/15 233/17/15 237/17/15
f 239/17/15 233/17/15 240/17/15
f 233/17/15 239/17/15 226/17/15
f 228/17/15 226/17/15 239/17/15
f 222/7/14 223/7/14 224/7/14
f 224/7/14 223/7/14 210/7/14
f 210/7/14 223/7/14 212/7/14
f 212/7/14 223/7/14 207/7/14
f 207/7/14 234/7/14 205/7/14
f 207/7/14 223/7/14 234/7/14
f 234/7/14 223/7/14 236/7/14
f 238/7/14 236/7/14 223/7/14
f 236/7/21 235/17/21 234/7/17
f 233/17/17 234/7/17 235/17/21
f 238/7/36 237/17/36 236/7/21
f 235/17/21 236/7/21 237/17/36
f 234/7/17 233/17/17 205/7/44
f 226/17/44 205/7/44 233/17/17
f 205/7/44 226/17/44 206/21/44
f 225/22/44 206/21/44 226/17/44
f 229/19/44 231/19/44 225/22/44
f 231/19/44 220/22/44 225/22/44
f 220/22/44 206/21/44 225/22/44
f 206/21/44 220/22/44 209/21/44
f 220/22/44 213/17/44 209/21/44
f 209/21/44 213/17/44 210/7/44
f 213/17/44 215/17/73 210/7/44
f 224/7/73 210/7/44 215/17/73
f 232/19/76 221/22/71 231/19/76
f 220/22/71 231/19/76 221/22/71
f 227/22/74 230/19/75 225/22/74
f 229/19/75 225/22/74 230/19/75
f 232/19/76 231/19/76 230/19/75
f 229/19/75 230/19/75 231/19/76
f 228/17/36 227/22/74 226/17/36
f 225/22/74 226/17/36 227/22/74
f 219/17/72 222/7/72 215/17/73
f 224/7/73 215/17/73 222/7/72
f 218/17/23 223/7/23 219/17/72
f 222/7/72 219/17/72 223/7/23
f 221/22/71 214/17/23 220/22/71
f 213/17/23 220/22/71 214/17/23
f 219/17/15 215/17/15 218/17/15
f 218/17/15 215/17/15 217/17/15
f 217/17/15 215/17/15 216/17/15
f 216/17/15 215/17/15 214/17/15
f 213/17/15 214/17/15 215/17/15
f 209/21/14 211/21/14 206/21/14
f 208/21/14 206/21/14 211/21/14
f 212/7/36 211/21/36 210/7/36
f 209/21/36 210/7/36 211/21/36
f 208/21/23 207/7/23 206/21/23
f 205/7/23 206/21/23 207/7/23
f 243/23/36 244/19/36 246/23/46
f 248/19/46 246/23/46 244/19/36
f 245/23/14 241/23/14 246/23/14
f 243/23/14 246/23/14 241/23/14
f 242/19/15 247/19/15 244/19/15
f 248/19/15 244/19/15 247/19/15
f 242/19/23 241/23/23 247/19/40
f 245/23/40 247/19/40 241/23/23
f 248/19/46 247/19/40 246/23/46
f 245/23/40 246/23/46 247/19/40
f 244/19/39 243/23/39 242/19/39
f 241/23/39 242/19/39 243/23/39
f 251/17/78 250/22/77 249/22/77
f 250/22/77 251/17/78 252/17/78
f 251/17/15 253/17/15 252/17/15
f 253/17/15 251/17/15 254/17/15
f 257/17/15 256/17/15 255/17/15
f 256/17/15 257/17/15 258/17/15
f 261/7/14 260/7/14 259/7/14
f 260/7/14 261/7/14 262/7/14
f 263/7/14 260/7/14 262/7/14
f 262/7/14 261/7/14 264/7/14
f 264/7/14 261/7/14 265/7/14
f 265/7/14 261/7/14 266/7/14
f 269/19/79 268/19/80 267/19/79
f 268/19/80 269/19/79 270/19/80
f 272/22/81 258/17/82 271/22/81
f 258/17/82 272/22/81 256/17/82
f 250/22/77 270/19/80 249/22/77
f 270/19/80 250/22/77 268/19/80
f 267/19/79 271/22/81 269/19/79
f 271/22/81 267/19/79 272/22/81
f 254/17/83 265/7/83 266/7/83
f 265/7/83 254/17/83 251/17/83
f 265/7/83 251/17/83 273/21/83
f 273/21/83 251/17/83 249/22/83
f 273/21/83 249/22/83 274/21/83
f 271/22/83 274/21/83 249/22/83
f 271/22/83 249/22/83 270/19/83
f 271/22/83 270/19/83 269/19/83
f 258/17/83 274/21/83 271/22/83
f 274/21/83 258/17/83 263/7/83
f 257/17/83 263/7/83 258/17/83
f 263/7/83 257/17/83 260/7/83
f 276/21/14 274/21/14 275/21/14
f 274/21/14 276/21/14 273/21/14
f 262/7/78 274/21/78 263/7/78
f 274/21/78 262/7/78 275/21/78
f 276/21/82 265/7/82 273/21/82
f 265/7/82 276/21/82 264/7/82
f 279/7/85 278/7/84 277/7/84
f 278/7/84 279/7/85 280/7/85
f 282/6/86 278/7/84 281/6/86
f 278/7/84 282/6/86 277/7/84
f 279/7/85 283/6/87 280/7/85
f 283/6/87 279/7/85 284/6/87
f 283/6/87 282/6/86 281/6/86
f 282/6/86 283/6/87 284/6/87
f 283/6/83 278/7/83 280/7/83
f 278/7/83 283/6/83 281/6/83
f 287/23/88 286/19/88 285/23/88
f 286/19/88 287/23/88 288/19/88
f 291/19/22 290/23/38 289/23/22
f 290/23/38 291/19/22 292/19/38
f 285/23/78 291/19/22 289/23/22
f 291/19/22 285/23/78 286/19/78
f 291/19/15 288/19/15 292/19/15
f 288/19/15 291/19/15 286/19/15
f 285/23/14 290/23/14 287/23/14
f 290/23/14 285/23/14 289/23/14
f 288/19/82 290/23/38 292/19/38
f 290/23/38 288/19/82 287/23/82
f 321/19/44 323/19/44 325/22/44
f 323/19/44 318/22/44 325/22/44
f 318/22/44 294/21/44 325/22/44
f 294/21/44 293/24/44 325/22/44
f 294/21/44 318/22/44 300/21/44
f 325/22/44 293/24/44 326/25/44
f 300/21/44 318/22/44 297/24/44
f 297/24/44 326/25/44 293/24/44
f 318/22/44 317/25/44 297/24/44
f 297/24/44 317/25/44 326/25/44
f 326/25/44 317/25/44 314/23/44
f 316/23/44 314/23/44 317/25/44
f 324/19/76 320/22/71 323/19/76
f 318/22/71 323/19/76 320/22/71
f 327/22/74 322/19/75 325/22/74
f 321/19/75 325/22/74 322/19/75
f 319/25/95 315/23/94 317/25/95
f 316/23/94 317/25/95 315/23/94
f 313/23/93 328/25/96 314/23/93
f 326/25/96 314/23/93 328/25/96
f 328/25/96 327/22/74 326/25/96
f 325/22/74 326/25/96 327/22/74
f 324/19/76 323/19/76 322/19/75
f 321/19/75 322/19/75 323/19/76
f 320/22/71 319/25/95 318/22/71
f 317/25/95 318/22/71 319/25/95
f 316/23/94 315/23/94 314/23/93
f 313/23/93 314/23/93 315/23/94
f 305/7/14 307/7/14 301/7/14
f 301/7/14 307/7/14 302/7/14
f 312/7/14 302/7/14 307/7/14
f 308/17/15 306/17/15 311/17/15
f 311/17/15 306/17/15 310/17/15
f 306/17/15 303/17/15 310/17/15
f 310/17/15 303/17/15 309/17/15
f 304/17/15 309/17/15 303/17/15
f 306/17/72 305/7/72 303/17/73
f 301/7/73 303/17/73 305/7/72
f 308/17/23 307/7/23 306/17/72
f 305/7/72 306/17/72 307/7/23
f 304/17/44 303/17/73 302/7/44
f 301/7/73 302/7/44 303/17/73
f 298/24/91 299/21/92 297/24/91
f 300/21/92 297/24/91 299/21/92
f 300/21/92 299/21/92 294/21/90
f 296/21/90 294/21/90 299/21/92
f 298/24/91 297/24/91 295/24/89
f 293/24/89 295/24/89 297/24/91
f 296/21/90 295/24/89 294/21/90
f 293/24/89 294/21/90 295/24/89
f 331/26/44 340/7/44 329/26/44
f 339/28/44 329/26/44 340/7/44
f 334/27/44 329/26/44 339/28/44
f 340/7/44 331/26/44 338/7/44
f 337/28/44 334/27/44 339/28/44
f 337/28/44 338/7/44 331/26/44
f 334/27/44 337/28/44 336/27/44
f 336/27/44 337/28/44 331/26/44
f 332/26/91 335/27/92 331/26/91
f 336/27/92 331/26/91 335/27/92
f 333/27/90 330/26/89 334/27/90
f 329/26/89 334/27/90 330/26/89
f 336/27/92 335/27/92 334/27/90
f 333/27/90 334/27/90 335/27/92
f 332/26/91 331/26/91 330/26/89
f 329/26/89 330/26/89 331/26/91
f 343/24/91 342/21/92 341/24/91
f 342/21/92 343/24/91 344/21/92
f 345/24/89 343/24/91 341/24/91
f 343/24/91 345/24/89 346/24/89
f 347/21/90 342/21/92 344/21/92
f 342/21/92 347/21/90 348/21/90
f 347/21/90 345/24/89 348/21/90
f 345/24/89 347/21/90 346/24/89
f 351/17/17 350/7/44 349/7/17
f 350/7/44 351/17/17 352/17/44
f 355/7/36 354/17/21 353/7/21
f 354/17/21 355/7/36 356/17/36
f 353/7/21 351/17/17 349/7/17
f 351/17/17 353/7/21 354/17/21
f 351/17/15 357/17/15 352/17/15
f 357/17/15 351/17/15 358/17/15
f 358/17/15 351/17/15 354/17/15
f 358/17/15 354/17/15 359/17/15
f 359/17/15 354/17/15 356/17/15
f 355/7/14 350/7/14 360/7/14
f 350/7/14 355/7/14 349/7/14
f 349/7/14 355/7/14 353/7/14
f 363/23/93 362/23/94 361/23/94
f 362/23/94 363/23/93 364/23/93
f 367/25/96 366/22/74 365/25/96
f 366/22/74 367/25/96 368/22/74
f 371/19/75 370/19/76 369/19/76
f 370/19/76 371/19/75 372/19/75
f 375/22/71 374/25/95 373/22/71
f 374/25/95 375/22/71 376/25/95
f 376/25/95 362/23/94 374/25/95
f 362/23/94 376/25/95 361/23/94
f 363/23/93 365/25/96 364/23/93
f 365/25/96 363/23/93 367/25/96
f 370/19/76 373/22/71 369/19/76
f 373/22/71 370/19/76 375/22/71
f 368/22/74 371/19/75 366/22/74
f 371/19/75 368/22/74 372/19/75
f 365/25/44 362/23/44 364/23/44
f 362/23/44 365/25/44 374/25/44
f 374/25/44 365/25/44 345/24/44
f 345/24/44 365/25/44 366/22/44
f 341/24/44 374/25/44 345/24/44
f 345/24/44 366/22/44 348/21/44
f 374/25/44 341/24/44 373/22/44
f 348/21/44 366/22/44 342/21/44
f 373/22/44 341/24/44 342/21/44
f 373/22/44 342/21/44 366/22/44
f 373/22/44 366/22/44 371/19/44
f 373/22/44 371/19/44 369/19/44
f 379/26/89 378/26/91 377/26/91
f 378/26/91 379/26/89 380/26/89
f 383/27/90 382/27/92 381/27/92
f 382/27/92 383/27/90 384/27/90
f 378/26/91 382/27/92 377/26/91
f 382/27/92 378/26/91 381/27/92
f 383/27/90 379/26/89 384/27/90
f 379/26/89 383/27/90 380/26/89
f 379/26/44 385/28/44 384/27/44
f 384/27/44 385/28/44 382/27/44
f 379/26/44 386/7/44 385/28/44
f 387/28/44 382/27/44 385/28/44
f 386/7/44 379/26/44 388/7/44
f 387/28/44 377/26/44 382/27/44
f 388/7/44 377/26/44 387/28/44
f 377/26/44 388/7/44 379/26/44
f 391/17/36 390/22/74 389/17/36
f 390/22/74 391/17/36 392/22/74
f 393/17/15 391/17/15 389/17/15
f 391/17/15 393/17/15 357/17/15
f 396/17/15 395/17/15 394/17/15
f 395/17/15 396/17/15 397/17/15
f 399/7/14 259/7/14 398/7/14
f 400/7/14 259/7/14 399/7/14
f 401/7/14 259/7/14 400/7/14
f 259/7/14 401/7/14 261/7/14
f 402/7/14 261/7/14 401/7/14
f 261/7/14 402/7/14 403/7/14
f 406/19/75 405/19/76 404/19/76
f 405/19/76 406/19/75 407/19/75
f 409/22/71 396/17/23 408/22/71
f 396/17/23 409/22/71 397/17/23
f 392/22/74 406/19/75 390/22/74
f 406/19/75 392/22/74 407/19/75
f 405/19/76 408/22/71 404/19/76
f 408/22/71 405/19/76 409/22/71
f 393/17/44 399/7/44 398/7/44
f 399/7/44 393/17/44 389/17/44
f 399/7/44 389/17/44 410/21/44
f 410/21/44 389/17/44 390/22/44
f 410/21/44 390/22/44 411/21/44
f 408/22/44 411/21/44 390/22/44
f 408/22/44 390/22/44 406/19/44
f 408/22/44 406/19/44 404/19/44
f 396/17/44 411/21/44 408/22/44
f 411/21/44 396/17/44 402/7/44
f 394/17/44 402/7/44 396/17/44
f 402/7/44 394/17/44 403/7/44
f 413/21/14 411/21/14 412/21/14
f 411/21/14 413/21/14 410/21/14
f 401/7/36 411/21/36 402/7/36
f 411/21/36 401/7/36 412/21/36
f 413/21/23 399/7/23 410/21/23
f 399/7/23 413/21/23 400/7/23
f 416/29/90 415/17/89 414/29/90
f 415/17/89 416/29/90 417/17/89
f 416/29/90 419/29/92 418/29/92
f 419/29/92 416/29/90 414/29/90
f 421/17/91 419/29/92 420/17/91
f 419/29/92 421/17/91 418/29/92
f 415/17/89 421/17/91 420/17/91
f 421/17/91 415/17/89 417/17/89
f 424/7/92 423/7/90 422/7/90
f 423/7/90 424/7/92 425/7/92
f 427/6/89 423/7/90 426/6/89
f 423/7/90 427/6/89 422/7/90
f 424/7/92 428/6/91 425/7/92
f 428/6/91 424/7/92 429/6/91
f 428/6/91 427/6/89 426/6/89
f 427/6/89 428/6/91 429/6/91
f 428/6/44 423/7/44 425/7/44
f 423/7/44 428/6/44 426/6/44
f 432/23/39 431/19/39 430/23/39
f 431/19/39 432/23/39 433/19/39
f 436/19/46 435/23/40 434/23/46
f 435/23/40 436/19/46 437/19/40
f 430/23/36 436/19/46 434/23/46
f 436/19/46 430/23/36 431/19/36
f 436/19/15 433/19/15 437/19/15
f 433/19/15 436/19/15 431/19/15
f 430/23/14 435/23/14 432/23/14
f 435/23/14 430/23/14 434/23/14
f 433/19/23 435/23/40 437/19/40
f 435/23/40 433/19/23 432/23/23
f 464/19/39 466/19/39 468/22/39
f 466/19/39 461/22/39 468/22/39
f 461/22/39 439/21/39 468/22/39
f 439/21/39 438/24/39 468/22/39
f 439/21/39 461/22/39 445/21/39
f 468/22/39 438/24/39 469/25/39
f 445/21/39 461/22/39 442/24/39
f 442/24/39 469/25/39 438/24/39
f 461/22/39 460/25/39 442/24/39
f 442/24/39 460/25/39 469/25/39
f 469/25/39 460/25/39 457/23/39
f 459/23/39 457/23/39 460/25/39
f 467/19/75 463/22/74 466/19/75
f 461/22/74 466/19/75 463/22/74
f 470/22/71 465/19/76 468/22/71
f 464/19/76 468/22/71 465/19/76
f 462/25/96 458/23/93 460/25/96
f 459/23/93 460/25/96 458/23/93
f 456/23/94 471/25/95 457/23/94
f 469/25/95 457/23/94 471/25/95
f 471/25/95 470/22/71 469/25/95
f 468/22/71 469/25/95 470/22/71
f 467/19/75 466/19/75 465/19/76
f 464/19/76 465/19/76 466/19/75
f 463/22/74 462/25/96 461/22/74
f 460/25/96 461/22/74 462/25/96
f 459/23/93 458/23/93 457/23/94
f 456/23/94 457/23/94 458/23/93
f 448/7/14 450/7/14 446/7/14
f 446/7/14 450/7/14 260/7/14
f 455/7/14 260/7/14 450/7/14
f 451/17/15 449/17/15 454/17/15
f 454/17/15 449/17/15 453/17/15
f 449/17/15 447/17/15 453/17/15
f 453/17/15 447/17/15 452/17/15
f 257/17/15 452/17/15 447/17/15
f 449/17/98 448/7/98 447/17/97
f 446/7/97 447/17/97 448/7/98
f 451/17/36 450/7/36 449/17/98
f 448/7/98 449/17/98 450/7/36
f 257/17/39 447/17/97 260/7/39
f 446/7/97 260/7/39 447/17/97
f 443/24/89 444/21/90 442/24/89
f 445/21/90 442/24/89 444/21/90
f 445/21/90 444/21/90 439/21/92
f 441/21/92 439/21/92 444/21/90
f 443/24/89 442/24/89 440/24/91
f 438/24/91 440/24/91 442/24/89
f 441/21/92 440/24/91 439/21/92
f 438/24/91 439/21/92 440/24/91
f 474/26/39 483/7/39 472/26/39
f 482/28/39 472/26/39 483/7/39
f 477/27/39 472/26/39 482/28/39
f 483/7/39 474/26/39 481/7/39
f 480/28/39 477/27/39 482/28/39
f 480/28/39 481/7/39 474/26/39
f 477/27/39 480/28/39 479/27/39
f 479/27/39 480/28/39 474/26/39
f 475/26/89 478/27/90 474/26/89
f 479/27/90 474/26/89 478/27/90
f 476/27/92 473/26/91 477/27/92
f 472/26/91 477/27/92 473/26/91
f 479/27/90 478/27/90 477/27/92
f 476/27/92 477/27/92 478/27/90
f 475/26/89 474/26/89 473/26/91
f 472/26/91 473/26/91 474/26/89
f 501/22/100 500/22/100 514/19/103
f 504/19/103 514/19/103 500/22/100
f 515/22/104 513/19/102 503/22/104
f 505/19/102 503/22/104 513/19/102
f 511/17/63 515/22/104 506/17/63
f 503/22/104 506/17/63 515/22/104
f 514/19/103 504/19/103 513/19/102
f 505/19/102 513/19/102 504/19/103
f 502/7/14 512/7/14 489/7/14
f 489/7/14 512/7/14 491/7/14
f 491/7/14 512/7/14 486/7/14
f 486/7/14 508/7/14 484/7/14
f 486/7/14 512/7/14 508/7/14
f 508/7/14 512/7/14 493/7/14
f 495/7/14 493/7/14 512/7/14
f 511/17/15 506/17/15 510/17/15
f 506/17/15 507/17/15 510/17/15
f 510/17/15 507/17/15 509/17/15
f 507/17/15 492/17/15 509/17/15
f 494/17/15 509/17/15 492/17/15
f 493/7/99 492/17/99 508/7/101
f 507/17/101 508/7/101 492/17/99
f 508/7/101 507/17/101 484/7/58
f 506/17/58 484/7/58 507/17/101
f 484/7/58 506/17/58 485/21/58
f 503/22/58 485/21/58 506/17/58
f 505/19/58 504/19/58 503/22/58
f 504/19/58 500/22/58 503/22/58
f 500/22/58 485/21/58 503/22/58
f 485/21/58 500/22/58 488/21/58
f 500/22/58 498/17/58 488/21/58
f 488/21/58 498/17/58 489/7/58
f 498/17/58 499/17/58 489/7/58
f 502/7/58 489/7/58 499/17/58
f 501/22/100 496/17/66 500/22/100
f 498/17/66 500/22/100 496/17/66
f 499/17/15 498/17/15 497/17/15
f 496/17/15 497/17/15 498/17/15
f 495/7/63 494/17/63 493/7/99
f 492/17/99 493/7/99 494/17/63
f 488/21/14 490/21/14 485/21/14
f 487/21/14 485/21/14 490/21/14
f 491/7/63 490/21/63 489/7/63
f 488/21/63 489/7/63 490/21/63
f 487/21/66 486/7/66 485/21/66
f 484/7/66 485/21/66 486/7/66
f 520/6/58 522/6/58 517/7/58
f 519/7/58 517/7/58 522/6/58
f 523/6/108 522/6/108 521/6/107
f 520/6/107 521/6/107 522/6/108
f 523/6/108 518/7/106 522/6/108
f 519/7/106 522/6/108 518/7/106
f 516/7/105 521/6/107 517/7/105
f 520/6/107 517/7/105 521/6/107
f 519/7/106 518/7/106 517/7/105
f 516/7/105 517/7/105 518/7/106
f 526/23/63 527/19/63 529/23/62
f 531/19/62 529/23/62 527/19/63
f 528/23/14 524/23/14 529/23/14
f 526/23/14 529/23/14 524/23/14
f 525/19/15 530/19/15 527/19/15
f 531/19/15 527/19/15 530/19/15
f 525/19/66 524/23/66 530/19/69
f 528/23/69 530/19/69 524/23/66
f 531/19/62 530/19/69 529/23/62
f 528/23/69 529/23/62 530/19/69
f 527/19/55 526/23/55 525/19/55
f 524/23/55 525/19/55 526/23/55
f 534/24/91 533/21/92 532/24/91
f 533/21/92 534/24/91 535/21/92
f 536/24/89 534/24/91 532/24/91
f 534/24/91 536/24/89 537/24/89
f 538/21/90 533/21/92 535/21/92
f 533/21/92 538/21/90 539/21/90
f 538/21/90 536/24/89 539/21/90
f 536/24/89 538/21/90 537/24/89
f 541/17/17 302/7/44 540/7/17
f 302/7/44 541/17/17 304/17/44
f 544/7/36 543/17/21 542/7/21
f 543/17/21 544/7/36 545/17/36
f 542/7/21 541/17/17 540/7/17
f 541/17/17 542/7/21 543/17/21
f 541/17/15 309/17/15 304/17/15
f 309/17/15 541/17/15 546/17/15
f 546/17/15 541/17/15 543/17/15
f 546/17/15 543/17/15 547/17/15
f 547/17/15 543/17/15 545/17/15
f 544/7/14 302/7/14 312/7/14
f 302/7/14 544/7/14 540/7/14
f 540/7/14 544/7/14 542/7/14
f 550/23/93 549/23/94 548/23/94
f 549/23/94 550/23/93 551/23/93
f 554/25/96 553/22/74 552/25/96
f 553/22/74 554/25/96 555/22/74
f 558/19/75 557/19/76 556/19/76
f 557/19/76 558/19/75 559/19/75
f 562/22/71 561/25/95 560/22/71
f 561/25/95 562/22/71 563/25/95
f 563/25/95 549/23/94 561/25/95
f 549/23/94 563/25/95 548/23/94
f 550/23/93 552/25/96 551/23/93
f 552/25/96 550/23/93 554/25/96
f 557/19/76 560/22/71 556/19/76
f 560/22/71 557/19/76 562/22/71
f 555/22/74 558/19/75 553/22/74
f 558/19/75 555/22/74 559/19/75
f 552/25/44 549/23/44 551/23/44
f 549/23/44 552/25/44 561/25/44
f 561/25/44 552/25/44 536/24/44
f 536/24/44 552/25/44 553/22/44
f 532/24/44 561/25/44 536/24/44
f 536/24/44 553/22/44 539/21/44
f 561/25/44 532/24/44 560/22/44
f 539/21/44 553/22/44 533/21/44
f 560/22/44 532/24/44 533/21/44
f 560/22/44 533/21/44 553/22/44
f 560/22/44 553/22/44 558/19/44
f 560/22/44 558/19/44 556/19/44
f 566/26/89 565/26/91 564/26/91
f 565/26/91 566/26/89 567/26/89
f 570/27/90 569/27/92 568/27/92
f 569/27/92 570/27/90 571/27/90
f 565/26/91 569/27/92 564/26/91
f 569/27/92 565/26/91 568/27/92
f 570/27/90 566/26/89 571/27/90
f 566/26/89 570/27/90 567/26/89
f 566/26/44 572/28/44 571/27/44
f 571/27/44 572/28/44 569/27/44
f 566/26/44 573/7/44 572/28/44
f 574/28/44 569/27/44 572/28/44
f 573/7/44 566/26/44 575/7/44
f 574/28/44 564/26/44 569/27/44
f 575/7/44 564/26/44 574/28/44
f 564/26/44 575/7/44 566/26/44
f 578/24/89 577/21/90 576/24/89
f 577/21/90 578/24/89 579/21/90
f 580/24/91 578/24/89 576/24/89
f 578/24/89 580/24/91 581/24/91
f 582/21/92 577/21/90 579/21/90
f 577/21/90 582/21/92 583/21/92
f 582/21/92 580/24/91 583/21/92
f 580/24/91 582/21/92 581/24/91
f 586/17/109 585/7/39 584/7/109
f 585/7/39 586/17/109 587/17/39
f 590/7/23 589/17/110 588/7/110
f 589/17/110 590/7/23 591/17/23
f 588/7/110 586/17/109 584/7/109
f 586/17/109 588/7/110 589/17/110
f 586/17/15 592/17/15 587/17/15
f 592/17/15 586/17/15 593/17/15
f 593/17/15 586/17/15 589/17/15
f 593/17/15 589/17/15 594/17/15
f 594/17/15 589/17/15 591/17/15
f 590/7/14 585/7/14 595/7/14
f 585/7/14 590/7/14 584/7/14
f 584/7/14 590/7/14 588/7/14
f 598/23/94 597/23/93 596/23/93
f 597/23/93 598/23/94 599/23/94
f 602/25/95 601/22/71 600/25/95
f 601/22/71 602/25/95 603/22/71
f 606/19/76 605/19/75 604/19/75
f 605/19/75 606/19/76 607/19/76
f 610/22/74 609/25/96 608/22/74
f 609/25/96 610/22/74 611/25/96
f 611/25/96 597/23/93 609/25/96
f 597/23/93 611/25/96 596/23/93
f 598/23/94 600/25/95 599/23/94
f 600/25/95 598/23/94 602/25/95
f 605/19/75 608/22/74 604/19/75
f 608/22/74 605/19/75 610/22/74
f 603/22/71 606/19/76 601/22/71
f 606/19/76 603/22/71 607/19/76
f 600/25/39 597/23/39 599/23/39
f 597/23/39 600/25/39 609/25/39
f 609/25/39 600/25/39 580/24/39
f 580/24/39 600/25/39 601/22/39
f 576/24/39 609/25/39 580/24/39
f 580/24/39 601/22/39 583/21/39
f 609/25/39 576/24/39 608/22/39
f 583/21/39 601/22/39 577/21/39
f 608/22/39 576/24/39 577/21/39
f 608/22/39 577/21/39 601/22/39
f 608/22/39 601/22/39 606/19/39
f 608/22/39 606/19/39 604/19/39
f 614/26/91 613/26/89 612/26/89
f 613/26/89 614/26/91 615/26/91
f 618/27/92 617/27/90 616/27/90
f 617/27/90 618/27/92 619/27/92
f 613/26/89 617/27/90 612/26/89
f 617/27/90 613/26/89 616/27/90
f 618/27/92 614/26/91 619/27/92
f 614/26/91 618/27/92 615/26/91
f 614/26/39 620/28/39 619/27/39
f 619/27/39 620/28/39 617/27/39
f 614/26/39 621/7/39 620/28/39
f 622/28/39 617/27/39 620/28/39
f 621/7/39 614/26/39 623/7/39
f 622/28/39 612/26/39 617/27/39
f 623/7/39 612/26/39 622/28/39
f 612/26/39 623/7/39 614/26/39
f 30/32/9 33/31/9 34/30/9
f 33/31/9 30/32/9 32/33/9
f 32/33/9 30/32/9 29/32/9
f 32/33/9 29/32/9 31/33/9
f 37/32/9 36/33/9 35/32/9
f 36/33/9 37/32/9 40/33/9
f 40/33/9 37/32/9 38/30/9
f 40/33/9 38/30/9 39/31/9
f 627/34/44 625/34/44 208/37/44
f 625/34/44 630/35/44 208/37/44
f 211/37/44 627/34/44 208/37/44
f 207/36/44 208/37/44 630/35/44
f 627/34/44 211/37/44 628/35/44
f 630/35/44 628/35/44 207/36/44
f 211/37/44 212/36/44 628/35/44
f 207/36/44 628/35/44 212/36/44
f 624/34/90 631/35/89 625/34/90
f 630/35/89 625/34/90 631/35/89
f 629/35/91 628/35/91 631/35/89
f 630/35/89 631/35/89 628/35/91
f 629/35/91 626/34/92 628/35/91
f 627/34/92 628/35/91 626/34/92
f 627/34/92 626/34/92 625/34/90
f 624/34/90 625/34/90 626/34/92
f 276/37/83 262/36/83 264/36/83
f 262/36/83 276/37/83 275/37/83
f 400/36/44 415/38/44 401/36/44
f 415/38/44 400/36/44 413/37/44
f 420/38/44 401/36/44 415/38/44
f 415/38/44 413/37/44 414/34/44
f 401/36/44 420/38/44 412/37/44
f 414/34/44 413/37/44 419/34/44
f 412/37/44 420/38/44 419/34/44
f 412/37/44 419/34/44 413/37/44
f 487/37/58 490/37/58 486/36/58
f 491/36/58 486/36/58 490/37/58
f 633/39/23 64/40/23 632/39/23
f 64/40/23 633/39/23 65/40/23
f 635/39/28 92/40/28 634/39/28
f 92/40/28 635/39/28 89/40/28
f 636/39/27 92/40/27 94/40/27
f 92/40/27 636/39/27 634/39/27
f 637/41/28 638/41/28 639/42/28
f 642/42/24 641/41/24 640/41/24
f 645/42/63 644/41/63 643/41/63
f 646/41/66 647/41/66 648/42/66
f 651/44/36 650/43/36 649/43/36
f 654/43/23 653/43/23 652/44/23
f 240/40/36 658/39/36 239/40/36
f 657/39/36 239/40/36 658/39/36
f 228/40/44 239/40/44 227/45/44
f 657/39/44 227/45/44 239/40/44
f 230/46/44 227/45/44 657/39/44
f 655/39/44 230/46/44 657/39/44
f 230/46/44 655/39/44 232/46/44
f 232/46/44 655/39/44 221/45/44
f 221/45/44 655/39/44 214/40/44
f 216/40/44 214/40/44 655/39/44
f 656/39/23 217/40/23 655/39/23
f 216/40/23 655/39/23 217/40/23
f 659/39/83 252/40/83 253/40/83
f 252/40/83 659/39/83 250/45/83
f 250/45/83 659/39/83 268/46/83
f 268/46/83 659/39/83 267/46/83
f 660/39/83 267/46/83 659/39/83
f 660/39/83 272/45/83 267/46/83
f 255/40/83 272/45/83 660/39/83
f 272/45/83 255/40/83 256/40/83
f 324/46/44 661/39/44 320/45/44
f 320/45/44 661/39/44 319/47/44
f 322/46/44 661/39/44 324/46/44
f 661/39/44 310/40/44 319/47/44
f 661/39/44 322/46/44 663/39/44
f 319/47/44 310/40/44 315/48/44
f 309/40/44 315/48/44 310/40/44
f 315/48/44 309/40/44 313/48/44
f 313/48/44 309/40/44 328/47/44
f 663/39/44 328/47/44 309/40/44
f 322/46/44 327/45/44 663/39/44
f 327/45/44 328/47/44 663/39/44
f 662/39/23 311/40/23 661/39/23
f 310/40/23 661/39/23 311/40/23
f 359/40/36 664/39/36 358/40/36
f 664/39/36 359/40/36 46/39/36
f 41/39/44 376/47/44 375/45/44
f 41/39/44 375/45/44 370/46/44
f 357/40/44 376/47/44 41/39/44
f 376/47/44 357/40/44 361/48/44
f 361/48/44 357/40/44 363/48/44
f 358/40/44 363/48/44 357/40/44
f 363/48/44 358/40/44 367/47/44
f 41/39/44 370/46/44 664/39/44
f 367/47/44 358/40/44 664/39/44
f 372/46/44 664/39/44 370/46/44
f 367/47/44 664/39/44 368/45/44
f 368/45/44 664/39/44 372/46/44
f 41/39/44 391/40/44 357/40/44
f 391/40/44 41/39/44 392/45/44
f 392/45/44 41/39/44 407/46/44
f 407/46/44 41/39/44 405/46/44
f 665/39/44 405/46/44 41/39/44
f 665/39/44 409/45/44 405/46/44
f 395/40/44 409/45/44 665/39/44
f 409/45/44 395/40/44 397/40/44
f 467/46/39 666/39/39 463/45/39
f 463/45/39 666/39/39 462/47/39
f 465/46/39 666/39/39 467/46/39
f 666/39/39 453/40/39 462/47/39
f 666/39/39 465/46/39 668/39/39
f 462/47/39 453/40/39 458/48/39
f 452/40/39 458/48/39 453/40/39
f 458/48/39 452/40/39 456/48/39
f 456/48/39 452/40/39 471/47/39
f 668/39/39 471/47/39 452/40/39
f 465/46/39 470/45/39 668/39/39
f 470/45/39 471/47/39 668/39/39
f 667/39/36 454/40/36 666/39/36
f 453/40/36 666/39/36 454/40/36
f 511/40/58 510/40/58 515/45/58
f 669/39/58 515/45/58 510/40/58
f 513/46/58 515/45/58 669/39/58
f 671/39/58 513/46/58 669/39/58
f 513/46/58 671/39/58 514/46/58
f 514/46/58 671/39/58 501/45/58
f 501/45/58 671/39/58 496/40/58
f 497/40/58 496/40/58 671/39/58
f 509/40/63 670/39/63 510/40/63
f 669/39/63 510/40/63 670/39/63
f 547/40/36 672/39/36 546/40/36
f 672/39/36 547/40/36 673/39/36
f 663/39/44 563/47/44 562/45/44
f 663/39/44 562/45/44 557/46/44
f 309/40/44 563/47/44 663/39/44
f 563/47/44 309/40/44 548/48/44
f 548/48/44 309/40/44 550/48/44
f 546/40/44 550/48/44 309/40/44
f 550/48/44 546/40/44 554/47/44
f 663/39/44 557/46/44 672/39/44
f 554/47/44 546/40/44 672/39/44
f 559/46/44 672/39/44 557/46/44
f 554/47/44 672/39/44 555/45/44
f 555/45/44 672/39/44 559/46/44
f 594/40/23 674/39/23 593/40/23
f 674/39/23 594/40/23 675/39/23
f 676/39/39 611/47/39 610/45/39
f 676/39/39 610/45/39 605/46/39
f 592/40/39 611/47/39 676/39/39
f 611/47/39 592/40/39 596/48/39
f 596/48/39 592/40/39 598/48/39
f 593/40/39 598/48/39 592/40/39
f 598/48/39 593/40/39 602/47/39
f 676/39/39 605/46/39 674/39/39
f 602/47/39 593/40/39 674/39/39
f 607/46/39 674/39/39 605/46/39
f 602/47/39 674/39/39 603/45/39
f 603/45/39 674/39/39 607/46/39
f 685/54/116 686/55/116 687/56/116
f 687/56/116 686/55/116 677/49/116
f 686/55/116 639/55/116 677/49/116
f 677/49/116 639/55/116 678/49/116
f 688/55/116 678/49/116 639/55/116
f 685/54/114 687/56/115 684/53/114
f 683/52/115 684/53/114 687/56/115
f 683/52/115 687/56/115 679/50/111
f 677/49/111 679/50/111 687/56/115
f 686/55/28 685/54/114 682/51/28
f 684/53/114 682/51/28 685/54/114
f 684/53/113 683/52/113 682/51/113
f 683/52/113 679/50/113 682/51/113
f 682/51/113 679/50/113 681/51/113
f 680/50/113 681/51/113 679/50/113
f 680/50/112 679/50/111 678/49/112
f 677/49/111 678/49/112 679/50/111
f 691/50/117 690/49/112 689/49/117
f 690/49/112 691/50/117 692/50/112
f 691/50/113 693/51/113 692/50/113
f 693/51/113 691/50/113 694/51/113
f 694/51/113 691/50/113 695/52/113
f 694/51/113 695/52/113 696/53/113
f 697/54/118 694/51/24 696/53/118
f 694/51/24 697/54/118 698/55/24
f 699/56/119 691/50/117 689/49/117
f 691/50/117 699/56/119 695/52/119
f 699/56/119 696/53/118 695/52/119
f 696/53/118 699/56/119 697/54/118
f 642/55/116 690/49/116 700/55/116
f 690/49/116 642/55/116 689/49/116
f 689/49/116 642/55/116 698/55/116
f 689/49/116 698/55/116 699/56/116
f 699/56/116 698/55/116 697/54/116
f 703/50/120 702/49/121 701/49/120
f 702/49/121 703/50/120 704/50/121
f 703/50/9 705/51/9 704/50/9
f 705/51/9 703/50/9 706/51/9
f 706/51/9 703/50/9 707/52/9
f 706/51/9 707/52/9 708/53/9
f 709/54/122 706/51/63 708/53/122
f 706/51/63 709/54/122 710/55/63
f 711/56/13 703/50/120 701/49/120
f 703/50/120 711/56/13 707/52/13
f 711/56/13 708/53/122 707/52/13
f 708/53/122 711/56/13 709/54/122
f 645/55/123 702/49/123 712/55/123
f 702/49/123 645/55/123 701/49/123
f 701/49/123 645/55/123 710/55/123
f 701/49/123 710/55/123 711/56/123
f 711/56/123 710/55/123 709/54/123
f 721/54/123 722/55/123 723/56/123
f 723/56/123 722/55/123 713/49/123
f 722/55/123 648/55/123 713/49/123
f 713/49/123 648/55/123 714/49/123
f 724/55/123 714/49/123 648/55/123
f 721/54/125 723/56/11 720/53/125
f 719/52/11 720/53/125 723/56/11
f 719/52/11 723/56/11 715/50/124
f 713/49/124 715/50/124 723/56/11
f 722/55/66 721/54/125 718/51/66
f 720/53/125 718/51/66 721/54/125
f 720/53/9 719/52/9 718/51/9
f 719/52/9 715/50/9 718/51/9
f 718/51/9 715/50/9 717/51/9
f 716/50/9 717/51/9 715/50/9
f 716/50/121 715/50/124 714/49/121
f 713/49/124 714/49/121 715/50/124
f 727/51/23 726/58/126 725/57/126
f 726/58/126 727/51/23 728/59/23
f 727/51/127 729/59/127 728/59/127
f 729/59/127 727/51/127 730/51/127
f 729/59/128 726/58/128 728/59/128
f 726/58/128 729/59/128 731/60/128
f 731/60/128 729/59/128 732/49/128
f 732/49/128 729/59/128 733/49/128
f 733/49/128 729/59/128 734/60/128
f 734/60/128 729/59/128 735/58/128
f 735/58/129 730/51/36 736/57/129
f 730/51/36 735/58/129 729/59/36
f 733/49/131 737/61/130 732/49/130
f 737/61/130 733/49/131 738/61/131
f 734/60/132 736/57/129 739/62/132
f 736/57/129 734/60/132 735/58/129
f 734/60/132 738/61/131 733/49/131
f 738/61/131 734/60/132 739/62/132
f 737/61/130 731/60/133 732/49/130
f 731/60/133 737/61/130 740/62/133
f 725/57/126 731/60/133 740/62/133
f 731/60/133 725/57/126 726/58/126
f 740/62/134 727/51/134 725/57/134
f 727/51/134 740/62/134 730/51/134
f 730/51/134 740/62/134 737/61/134
f 730/51/134 737/61/134 738/61/134
f 730/51/134 738/61/134 739/62/134
f 730/51/134 739/62/134 736/57/134
f 200/63/15 173/63/15 171/63/15
f 173/63/15 200/63/15 199/63/15
f 173/63/15 199/63/15 166/63/15
f 166/63/15 199/63/15 185/63/15
f 166/63/15 185/63/15 165/63/15
f 165/63/15 185/63/15 741/63/15
f 741/63/15 185/63/15 742/63/15
f 742/63/15 185/63/15 186/63/15
f 742/63/15 186/63/15 198/63/15
f 198/63/15 186/63/15 182/63/15
f 198/63/15 182/63/15 184/63/15
f 745/65/137 744/64/136 743/64/135
f 744/64/136 745/65/137 746/65/138
f 748/64/140 746/65/138 747/65/139
f 746/65/138 748/64/140 744/64/136
f 748/64/140 750/65/142 749/64/141
f 750/65/142 748/64/140 747/65/139
f 753/64/145 752/66/144 751/64/143
f 752/66/144 753/64/145 754/66/146
f 743/64/135 754/66/146 753/64/145
f 754/66/146 743/64/135 755/66/147
f 756/66/148 748/64/140 749/64/141
f 748/64/140 756/66/148 757/66/149
f 758/65/150 743/64/135 753/64/145
f 743/64/135 758/65/150 745/65/137
f 759/66/151 748/64/140 757/66/149
f 748/64/140 759/66/151 744/64/136
f 750/65/142 751/64/143 749/64/141
f 751/64/143 750/65/142 760/65/152
f 743/64/135 759/66/151 755/66/147
f 759/66/151 743/64/135 744/64/136
f 749/64/141 752/66/144 756/66/148
f 752/66/144 749/64/141 751/64/143
f 760/65/152 753/64/145 751/64/143
f 753/64/145 760/65/152 758/65/150
f 760/65/152 745/65/137 758/65/150
f 745/65/137 760/65/152 746/65/138
f 746/65/138 760/65/152 750/65/142
f 746/65/138 750/65/142 747/65/139
f 763/65/155 762/67/154 761/67/153
f 762/67/154 763/65/155 764/65/156
f 764/65/156 765/67/157 762/67/154
f 765/67/157 764/65/156 766/65/158
f 769/67/161 768/66/160 767/66/159
f 768/66/160 769/67/161 770/67/162
f 772/66/164 771/67/163 761/67/153
f 771/67/163 772/66/164 773/66/165
f 765/67/157 767/66/159 774/66/166
f 767/66/159 765/67/157 769/67/161
f 773/66/165 770/67/162 771/67/163
f 770/67/162 773/66/165 768/66/160
f 761/67/153 775/66/167 772/66/164
f 775/66/167 761/67/153 762/67/154
f 770/67/162 776/65/168 771/67/163
f 776/65/168 770/67/162 777/65/169
f 765/67/157 775/66/167 762/67/154
f 775/66/167 765/67/157 774/66/166
f 778/65/170 770/67/162 769/67/161
f 770/67/162 778/65/170 777/65/169
f 771/67/163 763/65/155 761/67/153
f 763/65/155 771/67/163 776/65/168
f 764/65/156 778/65/170 766/65/158
f 778/65/170 764/65/156 763/65/155
f 778/65/170 763/65/155 777/65/169
f 777/65/169 763/65/155 776/65/168
f 778/65/170 765/67/157 766/65/158
f 765/67/157 778/65/170 769/67/161
f 781/68/173 780/65/172 779/65/171
f 780/65/172 781/68/173 782/68/174
f 784/66/176 781/68/173 783/68/175
f 781/68/173 784/66/176 785/66/177
f 788/68/180 787/66/179 786/68/178
f 787/66/179 788/68/180 789/66/181
f 790/65/182 782/68/174 788/68/180
f 782/68/174 790/65/182 780/65/172
f 791/65/183 788/68/180 786/68/178
f 788/68/180 791/65/183 790/65/182
f 792/66/184 781/68/173 785/66/177
f 781/68/173 792/66/184 782/68/174
f 794/65/186 786/68/178 793/68/185
f 786/68/178 794/65/186 791/65/183
f 788/68/180 792/66/184 789/66/181
f 792/66/184 788/68/180 782/68/174
f 781/68/173 795/65/187 783/68/175
f 795/65/187 781/68/173 779/65/171
f 794/65/186 790/65/182 791/65/183
f 790/65/182 794/65/186 780/65/172
f 780/65/172 794/65/186 795/65/187
f 780/65/172 795/65/187 779/65/171
f 795/65/187 793/68/185 783/68/175
f 793/68/185 795/65/187 794/65/186
f 786/68/178 796/66/188 793/68/185
f 796/66/188 786/68/178 787/66/179
f 783/68/175 796/66/188 784/66/176
f 796/66/188 783/68/175 793/68/185
f 799/65/191 798/68/190 797/68/189
f 798/68/190 799/65/191 800/65/192
f 797/68/189 802/66/194 801/66/193
f 802/66/194 797/68/189 798/68/190
f 800/65/192 804/65/196 803/65/195
f 804/65/196 800/65/192 805/65/197
f 805/65/197 800/65/192 799/65/191
f 805/65/197 799/65/191 806/65/198
f 798/68/190 807/66/199 802/66/194
f 807/66/199 798/68/190 808/68/200
f 801/66/193 809/68/201 797/68/189
f 809/68/201 801/66/193 810/66/202
f 805/65/197 809/68/201 811/68/203
f 809/68/201 805/65/197 806/65/198
f 803/65/195 812/68/204 808/68/200
f 812/68/204 803/65/195 804/65/196
f 800/65/192 808/68/200 798/68/190
f 808/68/200 800/65/192 803/65/195
f 809/68/201 799/65/191 797/68/189
f 799/65/191 809/68/201 806/65/198
f 804/65/196 811/68/203 812/68/204
f 811/68/203 804/65/196 805/65/197
f 812/68/204 807/66/199 808/68/200
f 807/66/199 812/68/204 813/66/205
f 812/68/204 814/66/206 813/66/205
f 814/66/206 812/68/204 811/68/203
f 811/68/203 810/66/202 814/66/206
f 810/66/202 811/68/203 809/68/201
f 817/67/209 816/66/208 815/66/207
f 816/66/208 817/67/209 818/67/210
f 821/66/213 820/67/212 819/66/211
f 820/67/212 821/66/213 822/67/214
f 825/65/217 824/67/216 823/67/215
f 824/67/216 825/65/217 826/65/218
f 827/65/219 818/67/210 817/67/209
f 818/67/210 827/65/219 828/65/220
f 824/67/216 821/66/213 829/66/221
f 821/66/213 824/67/216 822/67/214
f 828/65/220 826/65/218 825/65/217
f 826/65/218 828/65/220 830/65/222
f 830/65/222 828/65/220 827/65/219
f 830/65/222 827/65/219 831/65/223
f 820/67/212 827/65/219 817/67/209
f 827/65/219 820/67/212 831/65/223
f 815/66/207 820/67/212 817/67/209
f 820/67/212 815/66/207 819/66/211
f 823/67/215 816/66/208 818/67/210
f 816/66/208 823/67/215 832/66/224
f 824/67/216 832/66/224 823/67/215
f 832/66/224 824/67/216 829/66/221
f 826/65/218 822/67/214 824/67/216
f 822/67/214 826/65/218 830/65/222
f 820/67/212 830/65/222 831/65/223
f 830/65/222 820/67/212 822/67/214
f 828/65/220 823/67/215 818/67/210
f 823/67/215 828/65/220 825/65/217
f 626/70/44 629/69/44 624/70/44
f 631/69/44 624/70/44 629/69/44
f 836/72/44 835/72/44 834/71/44
f 833/71/44 834/71/44 835/72/44
f 839/72/44 838/71/44 837/71/44
f 838/71/44 839/72/44 840/72/44
f 416/70/44 421/73/44 417/73/44
f 421/73/44 416/70/44 418/70/44
f 844/72/39 843/72/39 842/71/39
f 841/71/39 842/71/39 843/72/39
f 847/72/44 846/71/44 845/71/44
f 846/71/44 847/72/44 848/72/44
f 851/72/39 850/71/39 849/71/39
f 850/71/39 851/72/39 852/72/39
