mtllib tractor-shovel.mtl
g wheel-back-left
v 0.75735 0.40801 -0.57591
v 0.75735 0.43758 -0.57202
v 0.83028 0.41481 -0.60129
v 0.83028 0.43758 -0.59829
v 0.75735 0.40801 -0.79659
v 0.83028 0.41481 -0.77121
v 0.75735 0.43758 -0.80049
v 0.83028 0.43758 -0.77421
v 0.83028 0.35262 -0.70902
v 0.83028 0.3614 -0.73023
v 0.75735 0.32724 -0.71582
v 0.75735 0.33865 -0.74337
v 0.83028 0.37538 -0.74845
v 0.75735 0.3568 -0.76703
v 0.83028 0.46035 -0.77121
v 0.83028 0.48156 -0.76243
v 0.75735 0.46715 -0.79659
v 0.75735 0.4947 -0.78518
v 0.83028 0.46035 -0.60129
v 0.75735 0.46715 -0.57591
v 0.83028 0.48156 -0.61008
v 0.75735 0.4947 -0.58732
v 0.83028 0.49978 -0.62405
v 0.75735 0.51836 -0.60548
v 0.83028 0.35262 -0.66349
v 0.83028 0.34962 -0.68625
v 0.75735 0.32724 -0.65668
v 0.75735 0.32335 -0.68625
v 0.75735 0.38046 -0.78518
v 0.83028 0.3936 -0.76243
v 0.83028 0.49978 -0.74845
v 0.83028 0.51376 -0.73023
v 0.83028 0.52254 -0.70902
v 0.83028 0.52554 -0.68625
v 0.83028 0.52254 -0.66349
v 0.83028 0.51376 -0.64227
v 0.83028 0.3614 -0.64227
v 0.83028 0.37538 -0.62405
v 0.83028 0.3936 -0.61008
v 0.75735 0.33865 -0.62913
v 0.75735 0.3568 -0.60548
v 0.75735 0.54792 -0.65668
v 0.75735 0.55181 -0.68625
v 0.75735 0.38046 -0.58732
v 0.75735 0.53651 -0.74337
v 0.75735 0.51836 -0.76703
v 0.75735 0.54792 -0.71582
v 0.75735 0.53651 -0.62913
v 0.83028 0.38402 -0.88612
v 0.75735 0.3892 -0.86679
v 0.83028 0.43758 -0.89317
v 0.75735 0.43758 -0.87316
v 0.83028 0.29126 -0.53993
v 0.83028 0.33412 -0.50705
v 0.75735 0.30541 -0.55408
v 0.75735 0.34412 -0.52438
v 0.83028 0.33412 -0.86545
v 0.75735 0.34412 -0.84812
v 0.83028 0.63745 -0.73981
v 0.83028 0.61678 -0.78971
v 0.75735 0.61812 -0.73463
v 0.75735 0.59945 -0.77971
v 0.75735 0.48596 -0.86679
v 0.75735 0.53104 -0.84812
v 0.75735 0.56975 -0.81842
v 0.75735 0.30541 -0.81842
v 0.75735 0.27571 -0.77971
v 0.75735 0.62449 -0.68625
v 0.75735 0.25704 -0.73463
v 0.75735 0.61812 -0.63787
v 0.75735 0.25067 -0.68625
v 0.75735 0.25704 -0.63787
v 0.75735 0.59945 -0.59279
v 0.75735 0.27571 -0.59279
v 0.75735 0.56975 -0.55408
v 0.75735 0.53104 -0.52438
v 0.75735 0.48596 -0.50571
v 0.75735 0.3892 -0.50571
v 0.75735 0.43758 -0.49934
v 0.83028 0.38402 -0.48638
v 0.83028 0.43758 -0.47933
v 0.83028 0.49114 -0.48638
v 0.83028 0.49114 -0.88612
v 0.83028 0.25838 -0.58279
v 0.83028 0.23771 -0.6327
v 0.83028 0.54104 -0.86545
v 0.83028 0.5839 -0.83257
v 0.83028 0.29126 -0.83257
v 0.83028 0.23066 -0.68625
v 0.83028 0.23771 -0.73981
v 0.83028 0.25838 -0.78971
v 0.83028 0.5839 -0.53993
v 0.83028 0.61678 -0.58279
v 0.83028 0.63745 -0.6327
v 0.83028 0.54104 -0.50705
v 0.83028 0.6445 -0.68625
v 0.83028 0.43758 -0.97888
v 0.83028 0.51332 -0.96891
v 0.83028 0.36184 -0.96891
v 0.83028 0.29126 -0.93968
v 0.83028 0.5839 -0.93968
v 0.83028 0.23066 -0.89317
v 0.83028 0.43758 -0.89317
v 0.83028 0.6445 -0.89317
v 0.83028 0.38402 -0.88612
v 0.83028 0.33412 -0.86545
v 0.83028 0.49114 -0.88612
v 0.83028 0.54104 -0.86545
v 0.83028 0.5839 -0.83257
v 0.83028 0.69101 -0.83257
v 0.83028 0.61678 -0.78971
v 0.83028 0.18415 -0.83257
v 0.83028 0.29126 -0.83257
v 0.83028 0.25838 -0.78971
v 0.83028 0.72024 -0.76199
v 0.83028 0.63745 -0.73981
v 0.83028 0.6445 -0.68625
v 0.83028 0.73021 -0.68625
v 0.83028 0.63745 -0.6327
v 0.83028 0.15492 -0.76199
v 0.83028 0.23771 -0.73981
v 0.83028 0.23066 -0.68625
v 0.83028 0.14495 -0.68625
v 0.83028 0.23771 -0.6327
v 0.83028 0.72024 -0.61051
v 0.83028 0.61678 -0.58279
v 0.83028 0.5839 -0.53993
v 0.83028 0.15492 -0.61051
v 0.83028 0.25838 -0.58279
v 0.83028 0.29126 -0.53993
v 0.83028 0.69101 -0.53993
v 0.83028 0.54104 -0.50705
v 0.83028 0.49114 -0.48638
v 0.83028 0.18415 -0.53993
v 0.83028 0.33412 -0.50705
v 0.83028 0.38402 -0.48638
v 0.83028 0.6445 -0.47933
v 0.83028 0.23066 -0.47933
v 0.83028 0.43758 -0.47933
v 0.83028 0.29126 -0.43282
v 0.83028 0.5839 -0.43282
v 0.83028 0.36184 -0.40359
v 0.83028 0.51332 -0.40359
v 0.83028 0.43758 -0.39362
v 0.83028 0.065637 -0.68625
v 0.83028 0.078311 -0.78252
v 0.68442 0 -0.68625
v 0.68442 0.01491 -0.79951
v 0.83028 0.80952 -0.68625
v 0.68442 0.87516 -0.68625
v 0.83028 0.79685 -0.78252
v 0.68442 0.86025 -0.79951
v 0.58759 0.43758 -1.1238
v 0.68442 0.43758 -1.1238
v 0.58759 0.55083 -1.1089
v 0.68442 0.55083 -1.1089
v 0.68442 0.43758 -0.24867
v 0.58759 0.43758 -0.24867
v 0.68442 0.55083 -0.26358
v 0.58759 0.55083 -0.26358
v 0.68442 0.81654 -0.46746
v 0.58759 0.81654 -0.46746
v 0.68442 0.86025 -0.573
v 0.58759 0.86025 -0.573
v 0.58759 0.86025 -0.79951
v 0.68442 0.81654 -0.90504
v 0.58759 0.81654 -0.90504
v 0.68442 0.058625 -0.90504
v 0.58759 0.01491 -0.79951
v 0.58759 0.058625 -0.90504
v 0.58759 0 -0.68625
v 0.68442 0.21879 -0.3073
v 0.68442 0.32433 -0.26358
v 0.83028 0.25161 -0.36414
v 0.83028 0.34131 -0.32698
v 0.83028 0.078311 -0.58999
v 0.68442 0.01491 -0.573
v 0.83028 0.53385 -1.0455
v 0.83028 0.62355 -1.0084
v 0.68442 0.65637 -1.0652
v 0.83028 0.17458 -0.42325
v 0.83028 0.11547 -0.50028
v 0.68442 0.12816 -0.37684
v 0.68442 0.058625 -0.46746
v 0.58759 0.32433 -0.26358
v 0.68442 0.12816 -0.99567
v 0.83028 0.17458 -0.94925
v 0.68442 0.21879 -1.0652
v 0.83028 0.25161 -1.0084
v 0.83028 0.75969 -0.87222
v 0.58759 0.21879 -1.0652
v 0.58759 0.32433 -1.1089
v 0.68442 0.32433 -1.1089
v 0.83028 0.43758 -1.0582
v 0.48759 0.62355 -0.36414
v 0.48759 0.70058 -0.42325
v 0.58759 0.65637 -0.3073
v 0.58759 0.747 -0.37684
v 0.58759 0.21879 -0.3073
v 0.48759 0.25161 -0.36414
v 0.48759 0.34131 -0.32698
v 0.83028 0.34131 -1.0455
v 0.48759 0.79685 -0.78252
v 0.48759 0.75969 -0.87222
v 0.48759 0.43758 -0.31431
v 0.48759 0.53385 -0.32698
v 0.48759 0.79685 -0.58999
v 0.58759 0.87516 -0.68625
v 0.48759 0.80952 -0.68625
v 0.68442 0.747 -0.99567
v 0.58759 0.747 -0.99567
v 0.48759 0.065637 -0.68625
v 0.48759 0.078311 -0.78252
v 0.48759 0.70058 -0.94925
v 0.58759 0.12816 -0.99567
v 0.48759 0.75969 -0.50028
v 0.48759 0.34131 -1.0455
v 0.48759 0.43758 -1.0582
v 0.48759 0.17458 -0.94925
v 0.48759 0.25161 -1.0084
v 0.48759 0.53385 -1.0455
v 0.58759 0.12816 -0.37684
v 0.58759 0.058625 -0.46746
v 0.48759 0.17458 -0.42325
v 0.48759 0.11547 -0.50028
v 0.48759 0.62355 -1.0084
v 0.58759 0.65637 -1.0652
v 0.83028 0.11547 -0.87222
v 0.58759 0.01491 -0.573
v 0.48759 0.078311 -0.58999
v 0.48759 0.11547 -0.87222
v 0.83028 0.62355 -0.36414
v 0.68442 0.65637 -0.3073
v 0.83028 0.70058 -0.42325
v 0.68442 0.747 -0.37684
v 0.83028 0.75969 -0.50028
v 0.83028 0.79685 -0.58999
v 0.83028 0.70058 -0.94925
v 0.83028 0.43758 -0.31431
v 0.83028 0.53385 -0.32698
v 0.83028 0.43758 -0.97888
v 0.83028 0.51332 -0.96891
v 0.83028 0.36184 -0.96891
v 0.83028 0.5839 -0.93968
v 0.83028 0.29126 -0.93968
v 0.83028 0.6445 -0.89317
v 0.83028 0.69101 -0.83257
v 0.83028 0.72024 -0.76199
v 0.83028 0.73021 -0.68625
v 0.83028 0.23066 -0.89317
v 0.83028 0.18415 -0.83257
v 0.83028 0.15492 -0.76199
v 0.83028 0.72024 -0.61051
v 0.83028 0.69101 -0.53993
v 0.83028 0.6445 -0.47933
v 0.83028 0.14495 -0.68625
v 0.83028 0.15492 -0.61051
v 0.83028 0.18415 -0.53993
v 0.83028 0.23066 -0.47933
v 0.83028 0.5839 -0.43282
v 0.83028 0.51332 -0.40359
v 0.83028 0.29126 -0.43282
v 0.83028 0.36184 -0.40359
v 0.83028 0.43758 -0.39362
vn 0.33894 -0.2435 0.90875
vn 0.33894 0 0.94081
vn 0.33894 -0.2435 -0.90875
vn 0.33894 0 -0.94081
vn 0.33894 -0.90875 -0.2435
vn 0.33894 -0.81476 -0.4704
vn 0.33894 -0.66525 -0.66525
vn 0.33894 0.2435 -0.90875
vn 0.33894 0.4704 -0.81476
vn 0.33894 0.2435 0.90875
vn 0.33894 0.4704 0.81476
vn 0.33894 0.66525 0.66525
vn 0.33894 -0.90875 0.2435
vn 0.33894 -0.94081 0
vn 0.33894 -0.4704 -0.81476
vn 1 0 0
vn 0.33894 -0.81476 0.4704
vn 0.33894 -0.66525 0.66525
vn 0.33894 0.90875 0.2435
vn 0.33894 0.94081 0
vn 0.33894 -0.4704 0.81476
vn 0.33894 0.81476 -0.4704
vn 0.33894 0.66525 -0.66525
vn 0.33894 0.90875 -0.2435
vn 0.33894 0.81476 0.4704
vn 0.26461 0.24959 0.9315
vn 0.26461 0 0.96436
vn 0.26461 0.6819 -0.6819
vn 0.26461 0.48218 -0.83516
vn 0.26461 0.48218 0.83516
vn 0.26461 -0.9315 0.24959
vn 0.26461 -0.83516 0.48218
vn 0.26461 0.24959 -0.9315
vn 0.26461 0 -0.96436
vn 0.26461 -0.24959 -0.9315
vn 0.26461 -0.24959 0.9315
vn 0.26461 0.83516 -0.48218
vn 0.26461 0.9315 -0.24959
vn 0.26461 -0.48218 0.83516
vn 0.26461 -0.6819 0.6819
vn 0.26461 0.6819 0.6819
vn 0.26461 0.96436 0
vn 0.26461 0.9315 0.24959
vn 0.26461 0.83516 0.48218
vn 0.26461 -0.6819 -0.6819
vn 0.26461 -0.83516 -0.48218
vn 0.26461 -0.9315 -0.24959
vn 0.26461 -0.48218 -0.83516
vn 0.26461 -0.96436 0
vn 1 0 1.4901e-08
vn 0.41036 -0.91192 0
vn 0.41036 -0.88085 -0.23602
vn 0.20636 -0.97848 0
vn 0.20636 -0.94513 -0.25325
vn 0.41036 0.91192 0
vn 0.20636 0.97848 0
vn 0.41036 0.88085 -0.23602
vn 0.20636 0.94513 -0.25325
vn -0.28003 0 -0.95999
vn 0.20636 0 -0.97848
vn -0.28003 0.24846 -0.92728
vn 0.20636 0.25325 -0.94513
vn 0.20636 0 0.97848
vn -0.28003 0 0.95999
vn 0.20636 0.25325 0.94513
vn -0.28003 0.24846 0.92728
vn 0.20636 0.84738 0.48924
vn -0.28003 0.83138 0.48
vn 0.20636 0.94513 0.25325
vn -0.28003 0.92728 0.24846
vn -0.28003 0.92728 -0.24846
vn 0.20636 0.84738 -0.48924
vn -0.28003 0.83138 -0.48
vn 0.20636 -0.84738 -0.48924
vn -0.28003 -0.92728 -0.24846
vn -0.28003 -0.83138 -0.48
vn -0.28003 -0.95999 0
vn 0.20636 -0.48924 0.84738
vn 0.20636 -0.25325 0.94513
vn 0.41036 -0.45596 0.78975
vn 0.41036 -0.23602 0.88085
vn 0.41036 -0.88085 0.23602
vn 0.20636 -0.94513 0.25325
vn 0.41036 0.23602 -0.88085
vn 0.41036 0.45596 -0.78975
vn 0.20636 0.48924 -0.84738
vn 0.41036 -0.64483 0.64483
vn 0.41036 -0.78975 0.45596
vn 0.20636 -0.69189 0.69189
vn 0.20636 -0.84738 0.48924
vn -0.28003 -0.24846 0.92728
vn 0.20636 -0.69189 -0.69189
vn 0.41036 -0.64483 -0.64483
vn 0.20636 -0.48924 -0.84738
vn 0.41036 -0.45596 -0.78975
vn 0.41036 0.78975 -0.45596
vn -0.28003 -0.48 -0.83138
vn -0.28003 -0.24846 -0.92728
vn 0.20636 -0.25325 -0.94513
vn 0.41036 0 -0.91192
vn -0.54873 0.418 0.724
vn -0.54873 0.59114 0.59114
vn -0.28003 0.48 0.83138
vn -0.28003 0.67882 0.67882
vn -0.28003 -0.48 0.83138
vn -0.54873 -0.418 0.724
vn -0.54873 -0.21637 0.80752
vn 0.41036 -0.23602 -0.88085
vn -0.54873 0.80752 -0.21637
vn -0.54873 0.724 -0.418
vn -0.54873 0 0.836
vn -0.54873 0.21637 0.80752
vn -0.54873 0.80752 0.21637
vn -0.28003 0.95999 0
vn -0.54873 0.836 0
vn 0.20636 0.69189 -0.69189
vn -0.28003 0.67882 -0.67882
vn -0.54873 -0.836 0
vn -0.54873 -0.80752 -0.21637
vn -0.54873 0.59114 -0.59114
vn -0.28003 -0.67882 -0.67882
vn -0.54873 0.724 0.418
vn -0.54873 -0.21637 -0.80752
vn -0.54873 0 -0.836
vn -0.54873 -0.59114 -0.59114
vn -0.54873 -0.418 -0.724
vn -0.54873 0.21637 -0.80752
vn -0.28003 -0.67882 0.67882
vn -0.28003 -0.83138 0.48
vn -0.54873 -0.59114 0.59114
vn -0.54873 -0.724 0.418
vn -0.54873 0.418 -0.724
vn -0.28003 0.48 -0.83138
vn 0.41036 -0.78975 -0.45596
vn -0.28003 -0.92728 0.24846
vn -0.54873 -0.80752 0.21637
vn -0.54873 -0.724 -0.418
vn 0.41036 0.45596 0.78975
vn 0.20636 0.48924 0.84738
vn 0.41036 0.64483 0.64483
vn 0.20636 0.69189 0.69189
vn 0.41036 0.78975 0.45596
vn 0.41036 0.88085 0.23602
vn -1 0 0
vn 0.41036 0.64483 -0.64483
vn 0.41036 0 0.91192
vn 0.41036 0.23602 0.88085
vt 0.46875 0.275
vt 0.46875 0.28541
vt 0.46875 0.2951
vt 0.46875 0.28851
vt 0.46875 0.30111
vt 0.46875 0.30343
vt 0.46875 0.31192
vt 0.46875 0.30982
vt 0.46875 0.31383
vt 0.46875 0.3152
vt 0.46875 0.32543
vt 0.46875 0.32721
vt 0.46875 0.32022
vt 0.59375 0.525
vt 0.59375 0.61635
vt 0.59375 0.60691
vt 0.59375 0.60752
vt 0.59375 0.59898
vt 0.59375 0.54711
vt 0.59375 0.56771
vt 0.59375 0.58541
vt 0.59375 0.53851
vt 0.59375 0.55111
vt 0.59375 0.56192
vt 0.59375 0.57022
vt 0.59375 0.57543
vt 0.59375 0.61043
vt 0.59375 0.57721
vt 0.59375 0.54948
vt 0.59375 0.57229
vt 0.59375 0.59188
vt 0.59375 0.61958
vt 0.59375 0.625
vt 0.59375 0.65088
vt 0.59375 0.59912
vt 0.59375 0.575
vt 0.59375 0.675
vt 0.59375 0.55429
vt 0.59375 0.69571
vt 0.59375 0.6067
vt 0.59375 0.58964
vt 0.59375 0.6433
vt 0.59375 0.66036
vt 0.59375 0.7116
vt 0.59375 0.68624
vt 0.59375 0.5384
vt 0.59375 0.56376
vt 0.59375 0.72159
vt 0.59375 0.6933
vt 0.59375 0.725
vt 0.59375 0.52841
vt 0.59375 0.5567
vt 0.34375 0.275
vt 0.34375 0.445
vt 0.34375 0.475
vt 0.34375 0.43921
vt 0.34375 0.46819
vt 0.34375 0.32676
vt 0.34375 0.44821
vt 0.34375 0.319
vt 0.34375 0.36
vt 0.34375 0.375
vt 0.34375 0.42222
vt 0.34375 0.39521
vt 0.34375 0.41642
vt 0.34375 0.30962
vt 0.34375 0.34188
vt 0.34375 0.36958
vt 0.34375 0.39083
vt 0.34375 0.40419
vt 0.34375 0.40875
usemtl colormap
f 3/1/1 2/1/2 1/1/1
f 2/1/2 3/1/1 4/1/2
f 7/1/4 6/1/3 5/1/3
f 6/1/3 7/1/4 8/1/4
f 11/1/5 10/1/6 9/1/5
f 10/1/6 11/1/5 12/1/6
f 12/1/6 13/1/7 10/1/6
f 13/1/7 12/1/6 14/1/7
f 17/4/8 16/3/9 15/2/8
f 16/3/9 17/4/8 18/5/9
f 21/3/11 20/4/10 19/2/10
f 20/4/10 21/3/11 22/5/11
f 23/6/12 22/5/11 21/3/11
f 22/5/11 23/6/12 24/7/12
f 27/1/13 26/1/14 25/1/13
f 26/1/14 27/1/13 28/1/14
f 7/1/4 15/2/8 8/1/4
f 15/2/8 7/1/4 17/4/8
f 28/1/14 9/1/5 26/1/14
f 9/1/5 28/1/14 11/1/5
f 29/1/15 13/1/7 14/1/7
f 13/1/7 29/1/15 30/1/15
f 15/2/16 6/1/16 8/1/16
f 6/1/16 15/2/16 16/3/16
f 6/1/16 16/3/16 30/1/16
f 30/1/16 16/3/16 13/1/16
f 13/1/16 16/3/16 31/6/16
f 13/1/16 31/6/16 32/8/16
f 13/1/16 32/8/16 10/1/16
f 10/1/16 32/8/16 33/9/16
f 10/1/16 33/9/16 9/1/16
f 9/1/16 33/9/16 34/10/16
f 9/1/16 34/10/16 26/1/16
f 26/1/16 34/10/16 35/9/16
f 26/1/16 35/9/16 25/1/16
f 25/1/16 35/9/16 36/8/16
f 25/1/16 36/8/16 37/1/16
f 37/1/16 36/8/16 23/6/16
f 37/1/16 23/6/16 38/1/16
f 38/1/16 23/6/16 21/3/16
f 38/1/16 21/3/16 39/1/16
f 39/1/16 21/3/16 19/2/16
f 39/1/16 19/2/16 3/1/16
f 3/1/16 19/2/16 4/1/16
f 40/1/17 25/1/13 37/1/17
f 25/1/13 40/1/17 27/1/13
f 41/1/18 37/1/17 38/1/18
f 37/1/17 41/1/18 40/1/17
f 34/10/20 42/11/19 35/9/19
f 42/11/19 34/10/20 43/12/20
f 38/1/18 44/1/21 41/1/18
f 44/1/21 38/1/18 39/1/21
f 31/6/23 45/13/22 32/8/22
f 45/13/22 31/6/23 46/7/23
f 33/9/24 43/12/20 34/10/20
f 43/12/20 33/9/24 47/11/24
f 39/1/21 1/1/1 44/1/21
f 1/1/1 39/1/21 3/1/1
f 32/8/22 47/11/24 33/9/24
f 47/11/24 32/8/22 45/13/22
f 36/8/25 24/7/12 23/6/12
f 24/7/12 36/8/25 48/13/25
f 35/9/19 48/13/25 36/8/25
f 48/13/25 35/9/19 42/11/19
f 19/2/10 2/1/2 4/1/2
f 2/1/2 19/2/10 20/4/10
f 18/5/9 31/6/23 16/3/9
f 31/6/23 18/5/9 46/7/23
f 5/1/3 30/1/15 29/1/15
f 30/1/15 5/1/3 6/1/3
f 51/14/27 50/14/26 49/14/26
f 50/14/26 51/14/27 52/14/27
f 55/14/28 54/14/29 53/14/28
f 54/14/29 55/14/28 56/14/29
f 49/14/26 58/14/30 57/14/30
f 58/14/30 49/14/26 50/14/26
f 61/17/31 60/16/32 59/15/31
f 60/16/32 61/17/31 62/18/32
f 63/19/16 50/14/16 52/14/16
f 50/14/16 63/19/16 64/20/16
f 50/14/16 64/20/16 58/14/16
f 58/14/16 64/20/16 65/21/16
f 58/14/16 65/21/16 66/14/16
f 66/14/16 65/21/16 62/18/16
f 66/14/16 62/18/16 7/14/16
f 7/14/16 67/14/16 66/14/16
f 7/14/16 62/18/16 17/22/16
f 17/22/16 62/18/16 18/23/16
f 18/23/16 62/18/16 46/24/16
f 67/14/16 7/14/16 5/14/16
f 67/14/16 5/14/16 29/14/16
f 67/14/16 29/14/16 14/14/16
f 46/24/16 62/18/16 61/17/16
f 46/24/16 61/17/16 45/25/16
f 45/25/16 61/17/16 47/26/16
f 47/26/16 61/17/16 68/27/16
f 47/26/16 68/27/16 43/28/16
f 67/14/16 14/14/16 69/14/16
f 69/14/16 14/14/16 12/14/16
f 69/14/16 12/14/16 11/14/16
f 43/28/16 68/27/16 70/17/16
f 43/28/16 70/17/16 42/26/16
f 42/26/16 70/17/16 48/25/16
f 69/14/16 11/14/16 71/14/16
f 71/14/16 11/14/16 28/14/16
f 71/14/16 28/14/16 27/14/16
f 71/14/16 27/14/16 72/14/16
f 72/14/16 27/14/16 40/14/16
f 48/25/16 70/17/16 73/18/16
f 48/25/16 73/18/16 24/24/16
f 24/24/16 73/18/16 22/23/16
f 72/14/16 40/14/16 74/14/16
f 74/14/16 40/14/16 41/14/16
f 74/14/16 41/14/16 44/14/16
f 22/23/16 73/18/16 75/21/16
f 74/14/16 44/14/16 55/14/16
f 22/23/16 75/21/16 20/22/16
f 55/14/16 44/14/16 1/14/16
f 20/22/16 75/21/16 2/14/16
f 55/14/16 1/14/16 2/14/16
f 55/14/16 2/14/16 75/21/16
f 55/14/16 75/21/16 76/20/16
f 55/14/16 76/20/16 56/14/16
f 56/14/16 76/20/16 77/19/16
f 56/14/16 77/19/16 78/14/16
f 78/14/16 77/19/16 79/14/16
f 78/14/33 81/14/34 80/14/33
f 81/14/34 78/14/33 79/14/34
f 77/19/35 81/14/34 79/14/34
f 81/14/34 77/19/35 82/29/35
f 83/29/36 52/14/27 51/14/27
f 52/14/27 83/29/36 63/19/36
f 85/14/38 74/14/37 84/14/37
f 74/14/37 85/14/38 72/14/38
f 86/30/39 65/21/40 64/20/39
f 65/21/40 86/30/39 87/31/40
f 57/14/30 66/14/41 88/14/41
f 66/14/41 57/14/30 58/14/30
f 89/14/42 72/14/38 85/14/38
f 72/14/38 89/14/42 71/14/42
f 91/14/44 69/14/43 90/14/43
f 69/14/43 91/14/44 67/14/44
f 56/14/29 80/14/33 54/14/29
f 80/14/33 56/14/29 78/14/33
f 84/14/37 55/14/28 53/14/28
f 55/14/28 84/14/37 74/14/37
f 88/14/41 67/14/44 91/14/44
f 67/14/44 88/14/41 66/14/41
f 75/21/45 93/16/46 92/31/45
f 93/16/46 75/21/45 73/18/46
f 73/18/46 94/15/47 93/16/46
f 94/15/47 73/18/46 70/17/47
f 90/14/43 71/14/42 89/14/42
f 71/14/42 90/14/43 69/14/43
f 62/18/32 87/31/40 60/16/32
f 87/31/40 62/18/32 65/21/40
f 75/21/45 95/30/48 76/20/48
f 95/30/48 75/21/45 92/31/45
f 68/27/49 59/15/31 96/32/49
f 59/15/31 68/27/49 61/17/31
f 76/20/48 82/29/35 77/19/35
f 82/29/35 76/20/48 95/30/48
f 70/17/47 96/32/49 94/15/47
f 96/32/49 70/17/47 68/27/49
f 83/29/36 64/20/39 63/19/36
f 64/20/39 83/29/36 86/30/39
f 144/33/50 142/35/50 143/34/50
f 141/37/50 143/34/50 142/35/50
f 140/36/50 141/37/50 142/35/50
f 137/39/50 141/37/50 140/36/50
f 138/38/50 137/39/50 140/36/50
f 139/33/50 137/39/50 138/38/50
f 139/33/50 133/42/50 137/39/50
f 136/40/50 139/33/50 138/38/50
f 134/46/50 136/40/50 138/38/50
f 131/44/50 137/39/50 133/42/50
f 135/41/50 136/40/50 134/46/50
f 130/36/50 135/41/50 134/46/50
f 128/51/50 130/36/50 134/46/50
f 132/43/50 131/44/50 133/42/50
f 127/37/50 131/44/50 132/43/50
f 125/48/50 131/44/50 127/37/50
f 129/47/50 130/36/50 128/51/50
f 124/52/50 129/47/50 128/51/50
f 123/14/50 124/52/50 128/51/50
f 126/45/50 125/48/50 127/37/50
f 119/49/50 125/48/50 126/45/50
f 118/50/50 125/48/50 119/49/50
f 122/38/50 124/52/50 123/14/50
f 120/51/50 122/38/50 123/14/50
f 121/52/50 122/38/50 120/51/50
f 114/47/50 121/52/50 120/51/50
f 112/46/50 114/47/50 120/51/50
f 117/39/50 118/50/50 119/49/50
f 115/48/50 118/50/50 117/39/50
f 116/49/50 115/48/50 117/39/50
f 111/45/50 115/48/50 116/49/50
f 110/44/50 115/48/50 111/45/50
f 113/36/50 114/47/50 112/46/50
f 106/41/50 113/36/50 112/46/50
f 102/38/50 106/41/50 112/46/50
f 109/37/50 110/44/50 111/45/50
f 104/39/50 110/44/50 109/37/50
f 108/43/50 104/39/50 109/37/50
f 107/42/50 104/39/50 108/43/50
f 103/33/50 104/39/50 107/42/50
f 105/40/50 106/41/50 102/38/50
f 103/33/50 105/40/50 102/38/50
f 101/37/50 104/39/50 103/33/50
f 102/38/50 101/37/50 103/33/50
f 100/36/50 101/37/50 102/38/50
f 98/34/50 101/37/50 100/36/50
f 99/35/50 98/34/50 100/36/50
f 97/33/50 98/34/50 99/35/50
f 147/53/53 146/53/52 145/53/51
f 146/53/52 147/53/53 148/53/54
f 151/56/57 150/55/56 149/54/55
f 150/55/56 151/56/57 152/57/58
f 155/58/61 154/53/60 153/53/59
f 154/53/60 155/58/61 156/58/62
f 159/58/65 158/53/64 157/53/63
f 158/53/64 159/58/65 160/58/66
f 163/57/69 162/59/68 161/59/67
f 162/59/68 163/57/69 164/57/70
f 166/59/72 165/57/71 152/57/58
f 165/57/71 166/59/72 167/59/73
f 169/53/75 168/53/74 148/53/54
f 168/53/74 169/53/75 170/53/76
f 171/53/77 148/53/54 147/53/53
f 148/53/54 171/53/77 169/53/75
f 174/53/80 173/53/79 172/53/78
f 173/53/79 174/53/80 175/53/81
f 177/53/83 145/53/51 176/53/82
f 145/53/51 177/53/83 147/53/53
f 156/58/62 179/61/85 178/60/84
f 179/61/85 156/58/62 180/62/86
f 183/53/89 182/53/88 181/53/87
f 182/53/88 183/53/89 184/53/90
f 157/53/63 185/53/91 173/53/79
f 185/53/91 157/53/63 158/53/64
f 188/53/94 187/53/93 186/53/92
f 187/53/93 188/53/94 189/53/95
f 190/63/96 152/57/58 151/56/57
f 152/57/58 190/63/96 166/59/72
f 192/53/98 188/53/94 191/53/97
f 188/53/94 192/53/98 193/53/99
f 156/58/62 194/53/100 154/53/60
f 194/53/100 156/58/62 178/60/84
f 197/62/103 196/64/102 195/61/101
f 196/64/102 197/62/103 198/65/104
f 185/53/91 200/53/106 199/53/105
f 200/53/106 185/53/91 201/53/107
f 154/53/60 202/53/108 193/53/99
f 202/53/108 154/53/60 194/53/100
f 167/59/73 203/56/109 165/57/71
f 203/56/109 167/59/73 204/63/110
f 160/58/66 205/53/111 158/53/64
f 205/53/111 160/58/66 206/60/112
f 158/53/64 201/53/107 185/53/91
f 201/53/107 158/53/64 205/53/111
f 208/55/114 207/56/113 164/57/70
f 207/56/113 208/55/114 209/54/115
f 210/65/116 167/59/73 166/59/72
f 167/59/73 210/65/116 211/65/117
f 212/53/118 169/53/75 171/53/77
f 169/53/75 212/53/118 213/53/119
f 211/65/117 204/63/110 167/59/73
f 204/63/110 211/65/117 214/64/120
f 170/53/76 186/53/92 168/53/74
f 186/53/92 170/53/76 215/53/121
f 162/59/68 196/64/102 198/65/104
f 196/64/102 162/59/68 216/63/122
f 217/53/123 153/53/59 192/53/98
f 153/53/59 217/53/123 218/53/124
f 150/55/56 164/57/70 163/57/69
f 164/57/70 150/55/56 208/55/114
f 219/53/125 191/53/97 215/53/121
f 191/53/97 219/53/125 220/53/126
f 221/60/127 153/53/59 218/53/124
f 153/53/59 221/60/127 155/58/61
f 152/57/58 208/55/114 150/55/56
f 208/55/114 152/57/58 165/57/71
f 172/53/78 222/53/128 183/53/89
f 222/53/128 172/53/78 199/53/105
f 224/53/130 223/53/129 222/53/128
f 223/53/129 224/53/130 225/53/131
f 220/53/126 192/53/98 191/53/97
f 192/53/98 220/53/126 217/53/123
f 173/53/79 199/53/105 172/53/78
f 199/53/105 173/53/79 185/53/91
f 226/61/132 155/58/61 221/60/127
f 155/58/61 226/61/132 227/62/133
f 165/57/71 209/54/115 208/55/114
f 209/54/115 165/57/71 203/56/109
f 164/57/70 216/63/122 162/59/68
f 216/63/122 164/57/70 207/56/113
f 214/64/120 227/62/133 226/61/132
f 227/62/133 214/64/120 211/65/117
f 160/58/66 195/61/101 206/60/112
f 195/61/101 160/58/66 197/62/103
f 168/53/74 187/53/93 228/53/134
f 187/53/93 168/53/74 186/53/92
f 153/53/59 193/53/99 192/53/98
f 193/53/99 153/53/59 154/53/60
f 230/53/136 171/53/77 229/53/135
f 171/53/77 230/53/136 212/53/118
f 213/53/119 170/53/76 169/53/75
f 170/53/76 213/53/119 231/53/137
f 229/53/135 147/53/53 177/53/83
f 147/53/53 229/53/135 171/53/77
f 148/53/54 228/53/134 146/53/52
f 228/53/134 148/53/54 168/53/74
f 211/65/117 180/62/86 227/62/133
f 180/62/86 211/65/117 210/65/116
f 234/64/140 233/62/139 232/61/138
f 233/62/139 234/64/140 235/65/141
f 236/63/142 235/65/141 234/64/140
f 235/65/141 236/63/142 161/59/67
f 149/54/55 163/57/69 237/56/143
f 163/57/69 149/54/55 150/55/56
f 184/53/90 176/53/82 182/53/88
f 176/53/82 184/53/90 177/53/83
f 217/53/144 221/60/144 218/53/144
f 221/60/144 217/53/144 220/53/144
f 221/60/144 220/53/144 226/61/144
f 226/61/144 220/53/144 219/53/144
f 226/61/144 219/53/144 214/64/144
f 214/64/144 219/53/144 231/53/144
f 214/64/144 231/53/144 204/63/144
f 204/63/144 231/53/144 213/53/144
f 204/63/144 213/53/144 203/56/144
f 203/56/144 213/53/144 212/53/144
f 203/56/144 212/53/144 209/54/144
f 209/54/144 212/53/144 230/53/144
f 209/54/144 230/53/144 207/56/144
f 207/56/144 230/53/144 225/53/144
f 207/56/144 225/53/144 216/63/144
f 216/63/144 225/53/144 224/53/144
f 216/63/144 224/53/144 196/64/144
f 196/64/144 224/53/144 200/53/144
f 196/64/144 200/53/144 195/61/144
f 195/61/144 200/53/144 201/53/144
f 195/61/144 201/53/144 206/60/144
f 206/60/144 201/53/144 205/53/144
f 231/53/137 215/53/121 170/53/76
f 215/53/121 231/53/137 219/53/125
f 225/53/131 229/53/135 223/53/129
f 229/53/135 225/53/131 230/53/136
f 180/62/86 238/64/145 179/61/85
f 238/64/145 180/62/86 210/65/116
f 199/53/105 224/53/130 222/53/128
f 224/53/130 199/53/105 200/53/106
f 191/53/97 186/53/92 215/53/121
f 186/53/92 191/53/97 188/53/94
f 237/56/143 161/59/67 236/63/142
f 161/59/67 237/56/143 163/57/69
f 235/65/141 197/62/103 233/62/139
f 197/62/103 235/65/141 198/65/104
f 240/60/147 157/53/63 239/53/146
f 157/53/63 240/60/147 159/58/65
f 161/59/67 198/65/104 235/65/141
f 198/65/104 161/59/67 162/59/68
f 181/53/87 172/53/78 183/53/89
f 172/53/78 181/53/87 174/53/80
f 175/53/81 157/53/63 173/53/79
f 157/53/63 175/53/81 239/53/146
f 238/64/145 166/59/72 190/63/96
f 166/59/72 238/64/145 210/65/116
f 233/62/139 160/58/66 159/58/65
f 160/58/66 233/62/139 197/62/103
f 193/53/99 189/53/95 188/53/94
f 189/53/95 193/53/99 202/53/108
f 178/60/16 202/53/16 194/53/16
f 202/53/16 178/60/16 179/61/16
f 202/53/16 179/61/16 189/53/16
f 189/53/16 179/61/16 238/64/16
f 189/53/16 238/64/16 241/53/16
f 241/53/16 187/53/16 189/53/16
f 241/53/16 238/64/16 242/66/16
f 187/53/16 241/53/16 243/53/16
f 242/66/16 238/64/16 244/67/16
f 187/53/16 243/53/16 245/53/16
f 244/67/16 238/64/16 190/63/16
f 244/67/16 190/63/16 246/68/16
f 246/68/16 190/63/16 247/69/16
f 247/69/16 190/63/16 151/56/16
f 247/69/16 151/56/16 248/70/16
f 248/70/16 151/56/16 149/54/16
f 248/70/16 149/54/16 249/71/16
f 187/53/16 245/53/16 228/53/16
f 228/53/16 245/53/16 250/53/16
f 228/53/16 250/53/16 251/53/16
f 228/53/16 251/53/16 146/53/16
f 146/53/16 251/53/16 252/53/16
f 249/71/16 149/54/16 237/56/16
f 249/71/16 237/56/16 253/70/16
f 253/70/16 237/56/16 254/69/16
f 254/69/16 237/56/16 236/63/16
f 254/69/16 236/63/16 255/68/16
f 146/53/16 252/53/16 145/53/16
f 145/53/16 252/53/16 256/53/16
f 145/53/16 256/53/16 257/53/16
f 145/53/16 257/53/16 176/53/16
f 176/53/16 257/53/16 258/53/16
f 176/53/16 258/53/16 182/53/16
f 182/53/16 258/53/16 259/53/16
f 255/68/16 236/63/16 234/64/16
f 255/68/16 234/64/16 260/67/16
f 260/67/16 234/64/16 261/66/16
f 182/53/16 259/53/16 181/53/16
f 181/53/16 259/53/16 262/53/16
f 181/53/16 262/53/16 263/53/16
f 261/66/16 234/64/16 232/61/16
f 181/53/16 263/53/16 174/53/16
f 261/66/16 232/61/16 264/53/16
f 174/53/16 263/53/16 264/53/16
f 174/53/16 264/53/16 232/61/16
f 174/53/16 232/61/16 240/60/16
f 174/53/16 240/60/16 175/53/16
f 175/53/16 240/60/16 239/53/16
f 223/53/129 177/53/83 184/53/90
f 177/53/83 223/53/129 229/53/135
f 227/62/133 156/58/62 155/58/61
f 156/58/62 227/62/133 180/62/86
f 232/61/138 159/58/65 240/60/147
f 159/58/65 232/61/138 233/62/139
f 222/53/128 184/53/90 183/53/89
f 184/53/90 222/53/128 223/53/129
g body
v 0.5049 0.78882 -1.035
v 0.5049 0.28392 -1.035
v 0.5049 0.78882 -0.13743
v 0.5049 0.67663 -0.13743
v 0.5049 0.28392 -0.025231
v 0.5049 0.67663 -0.025231
v 0.5049 0.78882 -0.025231
v 0.3927 0.78882 -0.025231
v 0.43029 1.462 -0.23168
v 0.38018 0.89609 -0.058127
v 0.32935 1.3548 -0.19878
v -0.32935 1.3548 -0.19878
v -0.43029 1.462 -0.23168
v -0.38018 0.89609 -0.058127
v -0.5049 0.78882 -0.025231
v -0.3927 0.78882 -0.025231
v 0.3927 0.28392 -0.025231
v 0.3927 0.73272 -0.025231
v 0.3366 0.78882 -0.025231
v -0.5049 0.28392 -1.035
v -0.5049 0.78882 -1.035
v -0.5049 0.28392 -0.025231
v -0.5049 0.67663 -0.13743
v -0.5049 0.67663 -0.025231
v -0.5049 0.78882 -0.13743
v -0.2805 0.28392 0.66286
v -0.2805 0.28392 -1.035
v -0.3927 0.28392 0.66286
v -0.3927 0.28392 -0.025231
v -0.1122 0.17172 -1.135
v -0.1122 0.28392 -1.135
v -0.2805 0.17172 -1.135
v -0.2805 0.28392 -1.135
v 0.1122 0.28392 -1.135
v 0.2805 0.50833 -1.135
v -0.2805 0.50833 -1.135
v 0.2805 0.28392 -1.135
v 0.1122 0.17172 -1.135
v 0.2805 0.17172 -1.135
v -0.2805 0.50833 -1.035
v -0.2805 0.17172 0.61286
v -0.3927 0.73272 -0.025231
v -0.3366 0.78882 -0.025231
v 0.2805 0.28392 -1.035
v 0.3927 0.28392 0.66286
v 0.2805 0.28392 0.66286
v 0.2805 0.50833 -1.035
v 0.2805 0.17172 0.61286
v 0.1122 0.28392 -1.235
v 0.1122 0.17172 -1.235
v -0.1122 0.17172 -1.235
v -0.1122 0.28392 -1.235
v -0.2805 0.67663 0.66286
v -0.2805 0.67663 0.76286
v -0.2805 0.38393 0.76286
v 0.2805 0.67663 0.66286
v 0.2805 0.67663 0.76286
v 0.2805 0.38393 0.76286
v 0.43029 1.462 -0.93503
v 0.41367 0.86971 -1.023
v 0.35699 1.3811 -0.94705
v -0.41367 0.86971 -1.023
v -0.35699 1.3811 -0.94705
v -0.43029 1.462 -0.93503
v 0.49438 0.88374 -0.9244
v 0.49438 0.88374 -0.31028
v 0.44081 1.3671 -0.8526
v 0.47793 1.0322 -0.19969
v 0.44081 1.3671 -0.30241
v -0.47793 1.0322 -0.19969
v -0.44081 1.3671 -0.30241
v -0.49438 0.88374 -0.31028
v -0.44081 1.3671 -0.8526
v -0.49438 0.88374 -0.9244
v -0.3927 0.60049 0.60355
v -0.3927 0.53971 0.68276
v -0.6171 0.60049 0.60355
v -0.6171 0.53971 0.68276
v -0.3927 0.52938 0.34263
v -0.3927 0.50248 0.27769
v -0.6171 0.52938 0.34263
v -0.6171 0.50248 0.27769
v -0.3927 0.55083 -0.26358
v -0.3927 0.65637 -0.3073
v -0.7293 0.55083 -0.26358
v -0.7293 0.65637 -0.3073
v -0.3927 0.45222 0.07769
v -0.3927 0.4605 0.081119
v -0.6171 0.45222 0.07769
v -0.6171 0.4605 0.081119
v -0.3927 0.45969 0.22192
v -0.6171 0.45969 0.22192
v -0.3927 0.747 -0.37684
v -0.3927 0.81654 -0.46746
v -0.7293 0.747 -0.37684
v -0.7293 0.81654 -0.46746
v -0.3927 0.82702 -1.0757
v -0.3927 0.91454 -0.96163
v -0.7293 0.82702 -1.0757
v -0.7293 0.91454 -0.96163
v -0.3927 0.81654 -0.90504
v -0.3927 0.747 -0.99567
v -0.7293 0.81654 -0.90504
v -0.7293 0.747 -0.99567
v -0.3927 0.86025 -0.573
v -0.3927 0.87516 -0.68625
v -0.7293 0.86025 -0.573
v -0.7293 0.87516 -0.68625
v -0.3927 0.53856 0.41233
v -0.6171 0.53856 0.41233
v -0.3927 0.6387 0.31334
v -0.3927 0.65173 0.41233
v -0.6171 0.6387 0.31334
v -0.6171 0.65173 0.41233
v -0.3927 0.28392 0.14498
v -0.6171 0.28392 0.14498
v -0.3927 0.33897 0.15222
v -0.6171 0.33897 0.15222
v -0.6171 0.28392 -0.13743
v -0.3927 0.28392 -0.24867
v -0.7293 0.28392 -0.24867
v -0.7293 0.28392 -0.13743
v -0.3927 0.98833 -0.68625
v -0.3927 0.96956 -0.54371
v -0.7293 0.98833 -0.68625
v -0.7293 0.96956 -0.54371
v -0.3927 0.6387 0.51131
v -0.6171 0.6387 0.51131
v -0.3927 0.43758 -0.24867
v -0.7293 0.43758 -0.24867
v -0.3927 0.40392 0.17913
v -0.6171 0.40392 0.17913
v -0.3927 0.60049 0.2211
v -0.6171 0.60049 0.2211
v -0.3927 0.52938 0.48202
v -0.6171 0.52938 0.48202
v -0.3927 0.45969 0.60274
v -0.3927 0.50248 0.54697
v -0.6171 0.45969 0.60274
v -0.6171 0.50248 0.54697
v -0.3927 0.45222 -0.13743
v -0.6171 0.45222 -0.13743
v -0.3927 0.58012 -0.15427
v -0.7293 0.58012 -0.15427
v -0.7293 0.45222 -0.13743
v -0.6171 0.53971 0.1419
v -0.3927 0.91454 -0.41088
v -0.7293 0.91454 -0.41088
v -0.3927 0.66834 -1.2344
v -0.3927 0.58832 -1.1543
v -0.3927 0.96956 -0.8288
v -0.3927 0.86025 -0.79951
v -0.3927 0.82702 -0.29681
v -0.3927 0.71295 -0.20929
v -0.3927 0.53971 0.1419
v -0.7293 0.71295 -0.20929
v -0.7293 0.82702 -0.29681
v -0.7293 0.96956 -0.8288
v -0.7293 0.86025 -0.79951
v -0.7293 0.58832 -1.1543
v -0.7293 0.66834 -1.2344
v 0.7293 0.66834 -1.2344
v 0.7293 0.58832 -1.1543
v 0.7293 0.82702 -1.0757
v 0.7293 0.747 -0.99567
v 0.7293 0.91454 -0.96163
v 0.7293 0.81654 -0.90504
v 0.7293 0.96956 -0.8288
v 0.7293 0.86025 -0.79951
v 0.7293 0.98833 -0.68625
v 0.7293 0.87516 -0.68625
v 0.7293 0.96956 -0.54371
v 0.7293 0.86025 -0.573
v 0.7293 0.81654 -0.46746
v 0.7293 0.91454 -0.41088
v 0.7293 0.747 -0.37684
v 0.7293 0.82702 -0.29681
v 0.7293 0.65637 -0.3073
v 0.7293 0.55083 -0.26358
v 0.7293 0.71295 -0.20929
v 0.7293 0.43758 -0.24867
v 0.7293 0.28392 -0.24867
v 0.7293 0.28392 -0.13743
v 0.7293 0.58012 -0.15427
v 0.7293 0.45222 -0.13743
v 0.6171 0.45222 -0.13743
v 0.3927 0.58012 -0.15427
v 0.3927 0.45222 -0.13743
v 0.3927 0.71295 -0.20929
v 0.3927 0.82702 -0.29681
v 0.3927 0.96956 -0.54371
v 0.3927 0.91454 -0.41088
v 0.3927 0.98833 -0.68625
v 0.3927 0.96956 -0.8288
v 0.3927 0.91454 -0.96163
v 0.3927 0.82702 -1.0757
v 0.6171 0.50248 0.54697
v 0.6171 0.52938 0.48202
v 0.3927 0.50248 0.54697
v 0.3927 0.52938 0.48202
v 0.3927 0.43758 -0.24867
v 0.3927 0.55083 -0.26358
v 0.3927 0.87516 -0.68625
v 0.3927 0.86025 -0.79951
v 0.3927 0.81654 -0.46746
v 0.3927 0.86025 -0.573
v 0.3927 0.81654 -0.90504
v 0.3927 0.40392 0.17913
v 0.3927 0.45969 0.22192
v 0.6171 0.40392 0.17913
v 0.6171 0.45969 0.22192
v 0.3927 0.28392 0.14498
v 0.3927 0.33897 0.15222
v 0.6171 0.28392 0.14498
v 0.6171 0.33897 0.15222
v 0.6171 0.52938 0.34263
v 0.6171 0.50248 0.27769
v 0.3927 0.52938 0.34263
v 0.3927 0.50248 0.27769
v 0.6171 0.53856 0.41233
v 0.3927 0.53856 0.41233
v 0.3927 0.65637 -0.3073
v 0.3927 0.747 -0.37684
v 0.6171 0.45969 0.60274
v 0.3927 0.45969 0.60274
v 0.3927 0.747 -0.99567
v 0.6171 0.28392 -0.13743
v 0.3927 0.28392 -0.24867
v 0.3927 0.66834 -1.2344
v 0.3927 0.58832 -1.1543
v 0.3927 0.45222 0.07769
v 0.3927 0.4605 0.081119
v 0.3927 0.53971 0.1419
v 0.3927 0.60049 0.2211
v 0.3927 0.6387 0.31334
v 0.3927 0.65173 0.41233
v 0.3927 0.6387 0.51131
v 0.3927 0.60049 0.60355
v 0.3927 0.53971 0.68276
v 0.6171 0.60049 0.2211
v 0.6171 0.6387 0.31334
v 0.6171 0.65173 0.41233
v 0.6171 0.53971 0.1419
v 0.6171 0.45222 0.07769
v 0.6171 0.4605 0.081119
v 0.6171 0.6387 0.51131
v 0.6171 0.60049 0.60355
v 0.6171 0.53971 0.68276
v 0.25701 0.86063 0.14601
v 0.23505 0.86063 0.19905
v 0.23505 0.86063 0.092979
v 0.2208 0.86063 0.14601
v 0.20944 0.86063 0.11859
v 0.20944 0.86063 0.17344
v 0.18201 0.86063 0.071012
v 0.18201 0.86063 0.10723
v 0.18201 0.86063 0.22101
v 0.18201 0.86063 0.1848
v 0.15459 0.86063 0.17344
v 0.12898 0.86063 0.092979
v 0.12898 0.86063 0.19905
v 0.15459 0.86063 0.11859
v 0.14323 0.86063 0.14601
v 0.10701 0.86063 0.14601
v 0.12049 0.78882 0.084494
v 0.18201 0.78882 0.059012
v 0.24353 0.78882 0.084494
v 0.26901 0.78882 0.14601
v 0.095013 0.78882 0.14601
v 0.12049 0.78882 0.20753
v 0.24353 0.78882 0.20753
v 0.18201 0.78882 0.23301
v 0.22856 1.1479 0.14601
v 0.21492 1.1479 0.17892
v 0.21492 1.1479 0.1131
v 0.18201 1.1479 0.099469
v 0.18201 1.1479 0.19256
v 0.1491 1.1479 0.1131
v 0.1491 1.1479 0.17892
v 0.13547 1.1479 0.14601
v 0.125 0.19642 0.71286
v 0.175 0.24643 0.71286
v 0.125 0.19642 0.66286
v 0.175 0.24643 0.66286
v -0.125 0.19642 0.71286
v -0.125 0.19642 0.66286
v -0.175 0.24643 0.71286
v -0.175 0.24643 0.66286
v 0.125 0.37143 0.71286
v 0.125 0.37143 0.66286
v 0.175 0.32143 0.71286
v 0.175 0.32143 0.66286
v -0.175 0.32143 0.66286
v -0.125 0.37143 0.66286
v -0.125 0.37143 0.71286
v -0.175 0.32143 0.71286
v -0.125 0.38333 -1.185
v -0.175 0.43333 -1.185
v -0.125 0.38333 -1.135
v -0.175 0.43333 -1.135
v 0.125 0.38333 -1.185
v 0.125 0.38333 -1.135
v 0.175 0.43333 -1.185
v 0.175 0.43333 -1.135
v -0.125 0.55833 -1.185
v -0.125 0.55833 -1.135
v -0.175 0.50833 -1.185
v -0.175 0.50833 -1.135
v 0.175 0.50833 -1.135
v 0.125 0.55833 -1.135
v 0.125 0.55833 -1.185
v 0.175 0.50833 -1.185
v 0.087062 0.78882 0.29222
v 0.12774 0.78882 0.27537
v 0.092673 0.8363 0.29783
v 0.12774 0.8363 0.2833
v 0.16841 0.78882 0.29222
v 0.18526 0.78882 0.33289
v 0.1628 0.8363 0.29783
v 0.17733 0.8363 0.33289
v 0.070214 0.78882 0.33289
v 0.078148 0.8363 0.33289
v 0.087062 0.78882 0.37357
v 0.092673 0.8363 0.36796
v 0.16841 0.78882 0.37357
v 0.12774 0.78882 0.39042
v 0.1628 0.8363 0.36796
v 0.12774 0.8363 0.38248
v 0.14559 0.87619 0.33289
v 0.14036 0.87619 0.34551
v 0.14036 0.87619 0.32027
v 0.12774 0.87619 0.31504
v 0.12774 0.87619 0.35074
v 0.11512 0.87619 0.32027
v 0.11512 0.87619 0.34551
v 0.10989 0.87619 0.33289
v 0.15851 0.8363 0.33289
v 0.1495 0.8363 0.31113
v 0.1495 0.8363 0.35465
v 0.12774 0.8363 0.30212
v 0.12774 0.8363 0.36367
v 0.10598 0.8363 0.31113
v 0.10598 0.8363 0.35465
v 0.096963 0.8363 0.33289
v -0.3927 0.73272 0.76286
v -0.3366 0.78882 0.76286
v -0.6171 0.67663 -0.025231
v -0.6171 0.67663 -0.13743
v 0.6171 0.90103 -0.13743
v 0.6171 0.90103 -0.025231
v 0.5049 0.90103 -0.13743
v 0.5049 0.90103 -0.025231
v 0.6171 0.67663 -0.13743
v 0.6171 0.67663 -0.025231
v -0.6171 0.90103 -0.13743
v -0.6171 0.90103 -0.025231
v -0.5049 0.90103 -0.13743
v -0.5049 0.90103 -0.025231
v 0.3366 0.78882 0.76286
v 0.3927 0.73272 0.76286
v 0.43029 1.462 -0.98503
v 0.43029 1.512 -0.98503
v -0.43029 1.462 -0.98503
v -0.43029 1.512 -0.98503
v 0.43029 1.512 -0.23168
v 0.43029 1.487 -0.13168
v -0.43029 1.512 -0.23168
v -0.43029 1.487 -0.13168
v -0.3927 0.38393 0.76286
v 0.43029 1.462 -0.13168
v -0.43029 1.462 -0.13168
v 0.3927 0.38393 0.76286
v 0.12774 0.78882 0.27537
v 0.12049 0.78882 0.20753
v 0.16841 0.78882 0.29222
v 0.087062 0.78882 0.29222
v 0.18201 0.78882 0.23301
v 0.18526 0.78882 0.33289
v 0.24353 0.78882 0.20753
v 0.095013 0.78882 0.14601
v 0.16841 0.78882 0.37357
v 0.12049 0.78882 0.084494
v 0.070214 0.78882 0.33289
v 0.18201 0.78882 0.059012
v 0.24353 0.78882 0.084494
v 0.26901 0.78882 0.14601
v 0.087062 0.78882 0.37357
v 0.12774 0.78882 0.39042
v -0.5049 0.67663 -0.025231
v -0.6171 0.67663 -0.025231
v -0.5049 0.78882 -0.025231
v -0.6171 0.90102 -0.025231
v -0.5049 0.90102 -0.025231
v 0.6171 0.67663 -0.025231
v 0.5049 0.67663 -0.025231
v 0.6171 0.90102 -0.025231
v 0.5049 0.78882 -0.025231
v 0.5049 0.90102 -0.025231
v 0.3927 0.78882 -0.025231
v 0.3366 0.78882 -0.025231
v 0.38018 0.89609 -0.058127
v -0.3366 0.78882 -0.025231
v -0.3927 0.78882 -0.025231
v -0.38018 0.89609 -0.058127
v 0.32935 1.3548 -0.19878
v -0.32935 1.3548 -0.19878
v 0.49438 0.88374 -0.9244
v 0.49438 0.88374 -0.31028
v 0.44081 1.3671 -0.8526
v 0.44081 1.3671 -0.30241
v 0.47793 1.0322 -0.19969
v 0.41367 0.86971 -1.023
v -0.41367 0.86971 -1.023
v -0.49438 0.88374 -0.9244
v -0.44081 1.3671 -0.8526
v -0.49438 0.88374 -0.31028
v -0.44081 1.3671 -0.30241
v -0.47793 1.0322 -0.19969
vn 0 0.29319 0.95605
vn 0 0 1
vn 0 -1 0
vn 0 0 -1
vn 0 0.70711 -0.70711
vn 0 1 0
vn 0 0.14693 -0.98915
vn 0.99391 0.11016 0
vn -0.99391 0.11016 0
vn 0 0.86603 0.5
vn 0 0.065403 0.99786
vn 0 -0.96593 0.25882
vn 0 -0.86603 0.5
vn 0 -0.25882 -0.96593
vn 0 -0.5 -0.86603
vn 0 0.38268 -0.92388
vn 0 0.5 -0.86603
vn 0 -0.70711 0.70711
vn 0 -0.70711 -0.70711
vn 0 -0.86603 -0.5
vn 0 0.79335 -0.60876
vn 0 0.86603 -0.5
vn 0 -0.79335 0.60876
vn 0 -0.96593 -0.25882
vn 0 0.96593 -0.25882
vn 0 -0.13053 0.99144
vn 0 -0.25882 0.96593
vn 0 0.96593 0.25882
vn 0 -0.5 0.86603
vn 0 -0.79335 -0.60876
vn 0 0.13053 0.99144
vn 0 0.25882 0.96593
vn 0 0.5 0.86603
vn 0 0.70711 0.70711
vn 0 -0.13053 -0.99144
vn 0 -0.99786 0.065403
vn 0 0.79335 0.60876
vn -0.69744 0.16483 -0.69744
vn 0 0.16483 -0.98632
vn 0.69744 0.16483 -0.69744
vn 0.98632 0.16483 0
vn -0.98632 0.16483 0
vn -0.69744 0.16483 0.69744
vn 0.69744 0.16483 0.69744
vn 0 0.16483 0.98632
vn -0.99964 -0.026997 0
vn -0.70685 -0.026997 0.70685
vn 0 -0.026997 0.99964
vn 0.70685 -0.026997 0.70685
vn 0.70685 -0.026997 -0.70685
vn 0.99964 -0.026997 0
vn 0 -0.026997 -0.99964
vn -0.70685 -0.026997 -0.70685
vn 0.38268 -0.92388 -3.6645e-15
vn 0.92388 -0.38268 -8.8468e-15
vn -0.38268 -0.92388 3.6645e-15
vn -0.92388 -0.38268 8.8468e-15
vn 0.38268 0.92388 -3.6645e-15
vn 0.92388 0.38268 -8.8468e-15
vn -9.5757e-15 0 -1
vn -0.38268 0.92388 3.6645e-15
vn -0.92388 0.38268 8.8468e-15
vn -0.38268 -0.92388 0
vn -0.92388 -0.38268 0
vn 0.38268 -0.92388 0
vn 0.92388 -0.38268 0
vn -0.38268 0.92388 0
vn -0.92388 0.38268 0
vn 0.38268 0.92388 0
vn 0.92388 0.38268 0
vn -0.69744 0.16483 -0.69744
vn 0 0.16483 -0.98632
vn 0.69744 0.16483 -0.69744
vn 0.98632 0.16483 0
vn -0.98632 0.16483 0
vn -0.69744 0.16483 0.69744
vn 0.69744 0.16483 0.69744
vn 0 0.16483 0.98632
vn 0.67266 0.3083 -0.67266
vn 0.95129 0.3083 0
vn 0 0.3083 -0.95129
vn 0.67266 0.3083 0.67266
vn -0.67266 0.3083 -0.67266
vn -0.95129 0.3083 0
vn -0.67266 0.3083 0.67266
vn 0 0.3083 0.95129
vn -0.70711 0.70711 0
vn 0.70711 0.70711 0
vn 0 0.99251 0.12218
vn 0 0.61541 0.78821
vn 0 -0.38268 0.92388
vn 0 -0.40704 0.91341
vn 9.5757e-15 0 1
vt 0.46875 0.37934
vt 0.46875 0.31256
vt 0.46875 0.3645
vt 0.46875 0.46839
vt 0.46875 0.39353
vt 0.46875 0.4542
vt 0.46875 0.37192
vt 0.46875 0.29771
vt 0.46875 0.34224
vt 0.46875 0.32578
vt 0.46875 0.39004
vt 0.46875 0.45769
vt 0.46875 0.39189
vt 0.46875 0.45583
vt 0.46875 0.41153
vt 0.46875 0.36488
vt 0.46875 0.34763
vt 0.46875 0.34469
vt 0.46875 0.33705
vt 0.46875 0.35078
vt 0.46875 0.38075
vt 0.46875 0.32279
vt 0.46875 0.32514
vt 0.46875 0.3249
vt 0.46875 0.40648
vt 0.46875 0.42622
vt 0.46875 0.4292
vt 0.46875 0.45405
vt 0.46875 0.43863
vt 0.46875 0.44287
vt 0.46875 0.3473
vt 0.46875 0.37573
vt 0.46875 0.37943
vt 0.46875 0.29063
vt 0.46875 0.475
vt 0.46875 0.46967
vt 0.46875 0.31863
vt 0.46875 0.30907
vt 0.46875 0.3591
vt 0.46875 0.38415
vt 0.46875 0.36143
vt 0.46875 0.39681
vt 0.46875 0.315
vt 0.46875 0.33214
vt 0.46875 0.41786
vt 0.46875 0.3837
vt 0.46875 0.56256
vt 0.46875 0.59224
vt 0.46875 0.62934
vt 0.46875 0.62192
vt 0.46875 0.6145
vt 0.46875 0.64418
vt 0.46875 0.71839
vt 0.46875 0.725
vt 0.46875 0.72169
vt 0.46875 0.57578
vt 0.46875 0.54771
vt 0.46875 0.525
vt 0.46875 0.625
vt 0.84375 0.3645
vt 0.84375 0.39418
vt 0.84375 0.37934
vt 0.84375 0.275
vt 0.84375 0.33214
vt 0.84375 0.41786
vt 0.84375 0.475
vt 0.09375 0.025
vt 0.09375 0.06122
vt 0.09375 0.21609
vt 0.09375 0.057049
vt 0.09375 0.22026
vt 0.09375 0.10716
vt 0.09375 0.052312
vt 0.09375 0.225
usemtl colormap
f 267/72/16 266/73/16 265/72/16
f 266/73/16 267/72/16 268/74/16
f 266/73/16 268/74/16 269/73/16
f 269/73/16 268/74/16 270/74/16
f 273/75/148 272/72/148 271/72/148
f 272/72/148 273/75/148 274/76/148
f 274/76/148 273/75/148 275/77/148
f 275/77/148 273/75/148 276/77/148
f 277/75/148 276/77/148 273/75/148
f 277/75/148 278/76/148 276/77/148
f 279/72/148 278/76/148 277/75/148
f 278/76/148 279/72/148 280/72/148
f 270/74/149 281/73/149 269/73/149
f 281/73/149 270/74/149 282/78/149
f 282/78/149 270/74/149 271/72/149
f 282/78/149 271/72/149 272/72/149
f 282/78/149 272/72/149 283/72/149
f 286/73/144 285/72/144 284/73/144
f 285/72/144 286/73/144 287/74/144
f 287/74/144 286/73/144 288/74/144
f 289/72/144 285/72/144 287/74/144
f 292/73/150 291/73/150 290/73/150
f 291/73/150 292/73/150 293/73/150
f 293/73/150 284/73/150 291/73/150
f 284/73/150 293/73/150 286/73/150
f 296/79/151 295/73/151 294/79/151
f 295/73/151 296/79/151 297/73/151
f 295/73/151 297/73/151 298/73/151
f 299/80/152 298/73/151 297/73/151
f 299/80/152 297/73/151 300/80/152
f 301/73/151 298/73/151 299/80/152
f 301/73/151 302/79/151 298/73/151
f 302/79/151 301/73/151 303/79/151
f 300/80/144 291/73/144 304/80/144
f 291/73/144 300/80/144 297/73/144
f 297/73/144 305/79/144 291/73/144
f 291/73/144 305/79/144 290/73/144
f 305/79/144 297/73/144 296/79/144
f 306/78/149 286/73/149 293/73/149
f 286/73/149 306/78/149 288/74/149
f 288/74/149 306/78/149 279/72/149
f 279/72/149 306/78/149 307/72/149
f 279/72/149 307/72/149 280/72/149
f 269/73/150 308/73/150 266/73/150
f 308/73/150 269/73/150 281/73/150
f 308/73/150 281/73/150 309/73/150
f 308/73/150 309/73/150 310/73/150
f 311/80/16 301/73/16 299/80/16
f 301/73/16 311/80/16 308/73/16
f 308/73/16 303/79/16 301/73/16
f 303/79/16 308/73/16 312/79/16
f 312/79/16 308/73/16 310/73/16
f 298/73/16 314/79/16 313/73/16
f 314/79/16 298/73/16 302/79/16
f 315/79/151 313/73/152 314/79/151
f 313/73/152 315/79/151 316/73/152
f 300/80/152 311/80/153 299/80/152
f 311/80/153 300/80/152 304/80/153
f 316/73/152 298/73/153 313/73/152
f 298/73/153 316/73/152 295/73/153
f 318/74/16 290/73/16 317/74/16
f 290/73/16 318/74/16 319/81/16
f 294/79/144 316/73/144 315/79/144
f 316/73/144 294/79/144 295/73/144
f 305/79/150 303/79/150 312/79/150
f 303/79/150 305/79/150 302/79/150
f 302/79/150 305/79/150 314/79/150
f 314/79/150 305/79/150 294/79/150
f 294/79/150 305/79/150 296/79/150
f 315/79/150 314/79/150 294/79/150
f 320/74/149 290/73/149 310/73/149
f 290/73/149 320/74/149 317/74/149
f 318/74/150 320/74/150 321/74/150
f 320/74/150 318/74/150 317/74/150
f 322/81/144 320/74/144 310/73/144
f 320/74/144 322/81/144 321/74/144
f 265/72/154 324/82/154 323/75/154
f 324/82/154 265/72/154 285/72/154
f 323/75/154 324/82/154 325/83/154
f 285/72/154 326/82/154 324/82/154
f 323/75/154 325/83/154 327/83/154
f 326/82/154 285/72/154 328/75/154
f 326/82/154 328/75/154 327/83/154
f 327/83/154 328/75/154 323/75/154
f 265/72/155 329/84/155 267/72/155
f 329/84/155 265/72/155 323/75/155
f 267/72/155 329/84/155 330/84/155
f 323/75/155 331/85/155 329/84/155
f 267/72/155 330/84/155 332/86/155
f 332/86/155 271/72/155 267/72/155
f 331/85/155 323/75/155 273/75/155
f 332/86/155 273/75/155 271/72/155
f 331/85/155 273/75/155 333/85/155
f 333/85/155 273/75/155 332/86/155
f 277/75/156 334/86/156 279/72/156
f 279/72/156 334/86/156 289/72/156
f 277/75/156 335/85/156 334/86/156
f 336/84/156 289/72/156 334/86/156
f 277/75/156 337/85/156 335/85/156
f 328/75/156 337/85/156 277/75/156
f 338/84/156 289/72/156 336/84/156
f 337/85/156 328/75/156 338/84/156
f 338/84/156 285/72/156 289/72/156
f 285/72/156 338/84/156 328/75/156
f 341/87/157 340/88/158 339/87/157
f 340/88/158 341/87/157 342/88/158
f 345/89/159 344/90/160 343/89/159
f 344/90/160 345/89/159 346/90/160
f 349/91/161 348/92/162 347/91/161
f 348/92/162 349/91/161 350/92/162
f 353/93/163 352/94/164 351/93/163
f 352/94/164 353/93/163 354/94/164
f 346/90/160 355/95/165 344/90/160
f 355/95/165 346/90/160 356/95/165
f 359/96/166 358/97/167 357/96/166
f 358/97/167 359/96/166 360/97/167
f 363/98/168 362/99/169 361/98/168
f 362/99/169 363/98/168 364/99/169
f 367/97/160 366/96/170 365/97/160
f 366/96/170 367/97/160 368/96/170
f 371/100/171 370/101/150 369/100/171
f 370/101/150 371/100/171 372/101/150
f 374/102/150 343/89/159 373/102/150
f 343/89/159 374/102/150 345/89/159
f 377/103/172 376/104/153 375/103/172
f 376/104/153 377/103/172 378/104/153
f 381/105/174 380/1/173 379/1/173
f 380/1/173 381/105/174 382/105/174
f 380/1/150 383/1/150 379/1/150
f 383/1/150 384/1/150 379/1/150
f 384/1/150 383/1/150 385/1/150
f 385/1/150 383/1/150 386/1/150
f 389/106/153 388/107/175 387/106/153
f 388/107/175 389/106/153 390/107/175
f 378/104/153 391/103/175 376/104/153
f 391/103/175 378/104/153 392/103/175
f 385/1/151 393/108/151 384/1/151
f 393/108/151 385/1/151 394/108/151
f 395/109/176 382/105/174 381/105/174
f 382/105/174 395/109/176 396/109/176
f 398/87/169 375/103/172 397/87/169
f 375/103/172 398/87/169 377/103/172
f 400/89/171 373/102/150 399/89/171
f 373/102/150 400/89/171 374/102/150
f 403/95/177 402/90/167 401/95/177
f 402/90/167 403/95/177 404/90/167
f 350/92/162 357/96/166 348/92/162
f 357/96/166 350/92/162 359/96/166
f 407/110/179 406/93/178 405/93/178
f 408/110/179 406/93/178 407/110/179
f 406/93/178 408/110/179 409/93/178
f 380/1/144 406/93/144 383/1/144
f 406/93/144 380/1/144 353/93/144
f 353/93/144 380/1/144 354/94/144
f 354/94/144 380/1/144 410/88/144
f 410/88/144 380/1/144 382/105/144
f 410/88/144 382/105/144 398/87/144
f 398/87/144 382/105/144 396/109/144
f 398/87/144 396/109/144 356/95/144
f 398/87/144 356/95/144 377/103/144
f 377/103/144 356/95/144 346/90/144
f 377/103/144 346/90/144 345/89/144
f 377/103/144 345/89/144 378/104/144
f 378/104/144 345/89/144 374/102/144
f 378/104/144 374/102/144 392/103/144
f 392/103/144 374/102/144 400/89/144
f 392/103/144 400/89/144 404/90/144
f 392/103/144 404/90/144 341/87/144
f 341/87/144 404/90/144 403/95/144
f 341/87/144 403/95/144 342/88/144
f 383/1/149 409/93/149 386/1/149
f 409/93/149 383/1/149 406/93/149
f 355/95/165 396/109/176 395/109/176
f 396/109/176 355/95/165 356/95/165
f 390/107/175 411/99/157 388/107/175
f 411/99/157 390/107/175 412/99/157
f 361/98/16 414/112/16 413/111/16
f 414/112/16 361/98/16 366/96/16
f 366/96/16 361/98/16 362/99/16
f 366/96/16 362/99/16 365/97/16
f 365/97/16 362/99/16 415/107/16
f 365/97/16 415/107/16 416/100/16
f 416/100/16 415/107/16 387/106/16
f 416/100/16 387/106/16 370/101/16
f 370/101/16 387/106/16 388/107/16
f 370/101/16 388/107/16 369/100/16
f 369/100/16 388/107/16 358/97/16
f 358/97/16 388/107/16 411/99/16
f 358/97/16 411/99/16 357/96/16
f 357/96/16 411/99/16 417/98/16
f 357/96/16 417/98/16 348/92/16
f 348/92/16 417/98/16 347/91/16
f 347/91/16 417/98/16 418/113/16
f 347/91/16 418/113/16 393/108/16
f 393/108/16 418/113/16 384/1/16
f 384/1/16 418/113/16 405/93/16
f 405/93/16 418/113/16 407/110/16
f 384/1/16 405/93/16 379/1/16
f 379/1/16 405/93/16 351/93/16
f 379/1/16 351/93/16 352/94/16
f 379/1/16 352/94/16 419/88/16
f 379/1/16 419/88/16 381/105/16
f 381/105/16 419/88/16 397/87/16
f 381/105/16 397/87/16 395/109/16
f 395/109/16 397/87/16 355/95/16
f 355/95/16 397/87/16 375/103/16
f 355/95/16 375/103/16 344/90/16
f 344/90/16 375/103/16 343/89/16
f 343/89/16 375/103/16 376/104/16
f 343/89/16 376/104/16 373/102/16
f 373/102/16 376/104/16 391/103/16
f 373/102/16 391/103/16 399/89/16
f 399/89/16 391/103/16 402/90/16
f 402/90/16 391/103/16 339/87/16
f 402/90/16 339/87/16 401/95/16
f 401/95/16 339/87/16 340/88/16
f 417/98/181 420/113/180 418/113/180
f 420/113/180 417/98/181 421/98/181
f 422/107/172 387/106/153 415/107/172
f 387/106/153 422/107/172 389/106/153
f 404/90/167 399/89/171 402/90/167
f 399/89/171 404/90/167 400/89/171
f 418/113/180 408/110/179 407/110/179
f 408/110/179 418/113/180 420/113/180
f 406/93/153 351/93/153 405/93/153
f 351/93/153 406/93/153 353/93/153
f 364/99/169 415/107/172 362/99/169
f 415/107/172 364/99/169 422/107/172
f 392/103/175 339/87/157 391/103/175
f 339/87/157 392/103/175 341/87/157
f 386/1/144 394/108/144 385/1/144
f 394/108/144 386/1/144 420/113/144
f 420/113/144 349/91/144 394/108/144
f 420/113/144 386/1/144 408/110/144
f 408/110/144 386/1/144 409/93/144
f 421/98/144 349/91/144 420/113/144
f 421/98/144 350/92/144 349/91/144
f 421/98/144 359/96/144 350/92/144
f 412/99/144 359/96/144 421/98/144
f 412/99/144 360/97/144 359/96/144
f 390/107/144 360/97/144 412/99/144
f 390/107/144 371/100/144 360/97/144
f 389/106/144 371/100/144 390/107/144
f 389/106/144 372/101/144 371/100/144
f 389/106/144 423/100/144 372/101/144
f 422/107/144 423/100/144 389/106/144
f 422/107/144 367/97/144 423/100/144
f 364/99/144 367/97/144 422/107/144
f 364/99/144 368/96/144 367/97/144
f 363/98/144 368/96/144 364/99/144
f 363/98/144 424/112/144 368/96/144
f 424/112/144 363/98/144 425/111/144
f 412/99/157 417/98/181 411/99/157
f 417/98/181 412/99/157 421/98/181
f 394/108/182 347/91/161 393/108/182
f 347/91/161 394/108/182 349/91/161
f 360/97/167 369/100/171 358/97/167
f 369/100/171 360/97/167 371/100/171
f 423/100/159 365/97/160 416/100/159
f 365/97/160 423/100/159 367/97/160
f 410/88/152 397/87/169 419/88/152
f 397/87/169 410/88/152 398/87/169
f 354/94/164 419/88/152 352/94/164
f 419/88/152 354/94/164 410/88/152
f 372/101/150 416/100/159 370/101/150
f 416/100/159 372/101/150 423/100/159
f 425/111/152 361/98/152 413/111/152
f 361/98/152 425/111/152 363/98/152
f 368/96/165 414/112/165 366/96/165
f 414/112/165 368/96/165 424/112/165
f 424/112/166 413/111/166 414/112/166
f 413/111/166 424/112/166 425/111/166
f 428/98/16 427/112/16 426/111/16
f 427/112/16 428/98/16 429/96/16
f 429/96/16 428/98/16 430/99/16
f 429/96/16 430/99/16 431/97/16
f 431/97/16 430/99/16 432/107/16
f 431/97/16 432/107/16 433/100/16
f 433/100/16 432/107/16 434/106/16
f 433/100/16 434/106/16 435/101/16
f 435/101/16 434/106/16 436/107/16
f 435/101/16 436/107/16 437/100/16
f 437/100/16 436/107/16 438/97/16
f 438/97/16 436/107/16 439/99/16
f 438/97/16 439/99/16 440/96/16
f 440/96/16 439/99/16 441/98/16
f 440/96/16 441/98/16 442/92/16
f 442/92/16 441/98/16 443/91/16
f 443/91/16 441/98/16 444/113/16
f 443/91/16 444/113/16 445/108/16
f 445/108/16 444/113/16 446/1/16
f 446/1/16 444/113/16 447/1/16
f 447/1/16 444/113/16 448/110/16
f 447/1/16 448/110/16 449/93/16
f 448/110/179 450/93/178 449/93/178
f 450/93/178 448/110/179 451/110/179
f 451/110/179 452/93/178 450/93/178
f 448/110/179 453/113/180 451/110/179
f 453/113/180 448/110/179 444/113/180
f 444/113/180 454/98/181 453/113/180
f 454/98/181 444/113/180 441/98/181
f 455/107/175 439/99/157 436/107/175
f 439/99/157 455/107/175 456/99/157
f 457/106/153 436/107/175 434/106/153
f 436/107/175 457/106/153 455/107/175
f 458/107/172 434/106/153 432/107/172
f 434/106/153 458/107/172 457/106/153
f 459/99/169 432/107/172 430/99/169
f 432/107/172 459/99/169 458/107/172
f 460/98/168 430/99/169 428/98/168
f 430/99/169 460/98/168 459/99/169
f 456/99/157 441/98/181 439/99/157
f 441/98/181 456/99/157 454/98/181
f 463/90/167 462/89/171 461/90/167
f 462/89/171 463/90/167 464/89/171
f 466/91/161 445/108/182 465/108/182
f 445/108/182 466/91/161 443/91/161
f 467/101/150 433/100/159 435/101/150
f 433/100/159 467/101/150 468/100/159
f 469/97/167 437/100/171 438/97/167
f 437/100/171 469/97/167 470/100/171
f 468/100/159 431/97/160 433/100/159
f 431/97/160 468/100/159 471/97/160
f 474/109/176 473/95/165 472/109/176
f 473/95/165 474/109/176 475/95/165
f 478/1/173 477/105/174 476/1/173
f 477/105/174 478/1/173 479/105/174
f 482/89/159 481/90/160 480/89/159
f 481/90/160 482/89/159 483/90/160
f 464/89/171 484/102/150 462/89/171
f 484/102/150 464/89/171 485/102/150
f 486/92/162 443/91/161 466/91/161
f 443/91/161 486/92/162 442/92/162
f 483/90/160 475/95/165 481/90/160
f 475/95/165 483/90/160 473/95/165
f 487/96/166 438/97/167 440/96/166
f 438/97/167 487/96/166 469/97/167
f 489/95/183 461/90/167 488/95/183
f 461/90/167 489/95/183 463/90/167
f 471/97/160 429/96/170 431/97/160
f 429/96/170 471/97/160 490/96/170
f 470/100/171 435/101/150 437/100/171
f 435/101/150 470/100/171 467/101/150
f 487/96/166 442/92/162 486/92/162
f 442/92/162 487/96/166 440/96/166
f 485/102/150 480/89/159 484/102/150
f 480/89/159 485/102/150 482/89/159
f 476/1/150 491/1/150 478/1/150
f 492/1/150 491/1/150 476/1/150
f 446/1/150 491/1/150 492/1/150
f 491/1/150 446/1/150 447/1/150
f 465/108/151 446/1/151 492/1/151
f 446/1/151 465/108/151 445/108/151
f 479/105/174 472/109/176 477/105/174
f 472/109/176 479/105/174 474/109/176
f 449/93/149 491/1/149 447/1/149
f 491/1/149 449/93/149 450/93/149
f 493/111/152 428/98/152 426/111/152
f 428/98/152 493/111/152 460/98/152
f 493/111/166 427/112/166 494/112/166
f 427/112/166 493/111/166 426/111/166
f 490/96/165 427/112/165 429/96/165
f 427/112/165 490/96/165 494/112/165
f 340/88/158 403/95/165 401/95/165
f 403/95/165 340/88/158 342/88/158
f 476/1/144 465/108/144 492/1/144
f 465/108/144 476/1/144 452/93/144
f 465/108/144 452/93/144 453/113/144
f 453/113/144 452/93/144 451/110/144
f 453/113/144 466/91/144 465/108/144
f 452/93/144 476/1/144 495/93/144
f 495/93/144 476/1/144 496/94/144
f 496/94/144 476/1/144 497/88/144
f 497/88/144 476/1/144 477/105/144
f 454/98/144 466/91/144 453/113/144
f 454/98/144 486/92/144 466/91/144
f 454/98/144 487/96/144 486/92/144
f 456/99/144 487/96/144 454/98/144
f 456/99/144 469/97/144 487/96/144
f 455/107/144 469/97/144 456/99/144
f 455/107/144 470/100/144 469/97/144
f 497/88/144 477/105/144 498/87/144
f 498/87/144 477/105/144 472/109/144
f 498/87/144 472/109/144 473/95/144
f 457/106/144 470/100/144 455/107/144
f 457/106/144 467/101/144 470/100/144
f 457/106/144 468/100/144 467/101/144
f 458/107/144 468/100/144 457/106/144
f 458/107/144 471/97/144 468/100/144
f 459/99/144 471/97/144 458/107/144
f 459/99/144 490/96/144 471/97/144
f 460/98/144 490/96/144 459/99/144
f 460/98/144 494/112/144 490/96/144
f 494/112/144 460/98/144 493/111/144
f 498/87/144 473/95/144 499/103/144
f 499/103/144 473/95/144 483/90/144
f 499/103/144 483/90/144 482/89/144
f 499/103/144 482/89/144 500/104/144
f 500/104/144 482/89/144 485/102/144
f 500/104/144 485/102/144 501/103/144
f 501/103/144 485/102/144 464/89/144
f 501/103/144 464/89/144 463/90/144
f 501/103/144 463/90/144 502/87/144
f 502/87/144 463/90/144 489/95/144
f 502/87/144 489/95/144 503/88/144
f 498/87/169 505/103/172 504/87/169
f 505/103/172 498/87/169 499/103/172
f 499/103/172 506/104/153 505/103/172
f 506/104/153 499/103/172 500/104/153
f 497/88/152 504/87/169 507/88/152
f 504/87/169 497/88/152 498/87/169
f 508/93/16 491/1/16 450/93/16
f 491/1/16 508/93/16 478/1/16
f 478/1/16 508/93/16 509/94/16
f 478/1/16 509/94/16 507/88/16
f 478/1/16 507/88/16 479/105/16
f 479/105/16 507/88/16 504/87/16
f 479/105/16 504/87/16 474/109/16
f 474/109/16 504/87/16 475/95/16
f 475/95/16 504/87/16 505/103/16
f 475/95/16 505/103/16 481/90/16
f 481/90/16 505/103/16 480/89/16
f 480/89/16 505/103/16 506/104/16
f 480/89/16 506/104/16 484/102/16
f 484/102/16 506/104/16 510/103/16
f 484/102/16 510/103/16 462/89/16
f 462/89/16 510/103/16 461/90/16
f 461/90/16 510/103/16 511/87/16
f 461/90/16 511/87/16 488/95/16
f 488/95/16 511/87/16 512/88/16
f 500/104/153 510/103/175 506/104/153
f 510/103/175 500/104/153 501/103/175
f 497/88/152 509/94/164 496/94/164
f 509/94/164 497/88/152 507/88/152
f 501/103/175 511/87/157 510/103/175
f 511/87/157 501/103/175 502/87/157
f 496/94/164 508/93/163 495/93/163
f 508/93/163 496/94/164 509/94/164
f 502/87/157 512/88/184 511/87/157
f 512/88/184 502/87/157 503/88/184
f 450/93/153 495/93/153 508/93/153
f 495/93/153 450/93/153 452/93/153
f 488/95/183 503/88/165 489/95/183
f 503/88/165 488/95/183 512/88/165
f 515/114/153 514/114/153 513/114/153
f 514/114/153 515/114/153 516/114/153
f 516/114/153 515/114/153 517/114/153
f 518/114/153 514/114/153 516/114/153
f 517/114/153 515/114/153 519/114/153
f 517/114/153 519/114/153 520/114/153
f 514/114/153 518/114/153 521/114/153
f 521/114/153 518/114/153 522/114/153
f 521/114/153 522/114/153 523/114/153
f 520/114/153 519/114/153 524/114/153
f 521/114/153 523/114/153 525/114/153
f 520/114/153 524/114/153 526/114/153
f 525/114/153 523/114/153 527/114/153
f 526/114/153 524/114/153 527/114/153
f 525/114/153 527/114/153 524/114/153
f 525/114/153 524/114/153 528/114/153
f 524/114/185 530/1/186 529/1/185
f 530/1/186 524/114/185 519/114/186
f 515/114/187 532/1/188 531/1/187
f 532/1/188 515/114/187 513/114/188
f 519/114/186 531/1/187 530/1/186
f 531/1/187 519/114/186 515/114/187
f 534/1/190 528/114/189 533/1/189
f 528/114/189 534/1/190 525/114/190
f 533/1/189 524/114/185 529/1/185
f 524/114/185 533/1/189 528/114/189
f 514/114/191 536/1/192 535/1/191
f 536/1/192 514/114/191 521/114/192
f 521/114/192 534/1/190 536/1/192
f 534/1/190 521/114/192 525/114/190
f 513/114/188 535/1/191 532/1/188
f 535/1/191 513/114/188 514/114/191
f 539/106/153 538/106/153 537/106/153
f 538/106/153 539/106/153 540/106/153
f 538/106/153 540/106/153 541/106/153
f 541/106/153 540/106/153 542/106/153
f 541/106/153 542/106/153 543/106/153
f 543/106/153 542/106/153 544/106/153
f 523/114/194 544/106/193 527/114/193
f 544/106/193 523/114/194 543/106/194
f 541/106/195 523/114/194 522/114/195
f 523/114/194 541/106/195 543/106/194
f 538/106/196 522/114/195 518/114/196
f 522/114/195 538/106/196 541/106/195
f 537/106/198 517/114/197 539/106/197
f 517/114/197 537/106/198 516/114/198
f 537/106/198 518/114/196 516/114/198
f 518/114/196 537/106/198 538/106/196
f 540/106/199 517/114/197 520/114/199
f 517/114/197 540/106/199 539/106/197
f 542/106/200 520/114/199 526/114/200
f 520/114/199 542/106/200 540/106/199
f 526/114/200 544/106/193 542/106/200
f 544/106/193 526/114/200 527/114/193
f 547/1/201 546/115/202 545/1/201
f 546/115/202 547/1/201 548/115/202
f 550/1/203 545/1/201 549/1/203
f 545/1/201 550/1/203 547/1/201
f 552/115/204 549/1/203 551/115/204
f 549/1/203 552/115/204 550/1/203
f 555/116/206 554/106/205 553/106/205
f 554/106/205 555/116/206 556/116/206
f 548/115/202 555/116/206 546/115/202
f 555/116/206 548/115/202 556/116/206
f 552/115/207 547/1/207 550/1/207
f 547/1/207 552/115/207 548/115/207
f 548/115/207 552/115/207 557/116/207
f 548/115/207 557/116/207 556/116/207
f 556/116/207 557/116/207 558/106/207
f 556/116/207 558/106/207 554/106/207
f 553/106/205 558/106/208 559/106/208
f 558/106/208 553/106/205 554/106/205
f 557/116/209 551/115/204 560/116/209
f 551/115/204 557/116/209 552/115/204
f 559/106/208 557/116/209 560/116/209
f 557/116/209 559/106/208 558/106/208
f 563/1/210 562/115/211 561/1/210
f 562/115/211 563/1/210 564/115/211
f 566/1/212 561/1/210 565/1/212
f 561/1/210 566/1/212 563/1/210
f 568/115/213 565/1/212 567/115/213
f 565/1/212 568/115/213 566/1/212
f 571/116/215 570/106/214 569/106/214
f 570/106/214 571/116/215 572/116/215
f 564/115/211 571/116/215 562/115/211
f 571/116/215 564/115/211 572/116/215
f 568/115/149 563/1/149 566/1/149
f 563/1/149 568/115/149 564/115/149
f 564/115/149 568/115/149 573/116/149
f 564/115/149 573/116/149 572/116/149
f 572/116/149 573/116/149 574/106/149
f 572/116/149 574/106/149 570/106/149
f 569/106/214 574/106/216 575/106/216
f 574/106/216 569/106/214 570/106/214
f 573/116/217 567/115/213 576/116/217
f 567/115/213 573/116/217 568/115/213
f 575/106/216 573/116/217 576/116/217
f 573/116/217 575/106/216 574/106/216
f 579/117/218 578/1/219 577/1/218
f 578/1/219 579/117/218 580/117/219
f 583/117/220 582/1/221 581/1/220
f 582/1/221 583/117/220 584/117/221
f 580/117/219 581/1/220 578/1/219
f 581/1/220 580/117/219 583/117/220
f 587/1/223 586/117/222 585/1/222
f 586/117/222 587/1/223 588/117/223
f 585/1/222 579/117/218 577/1/218
f 579/117/218 585/1/222 586/117/222
f 591/117/224 590/1/225 589/1/224
f 590/1/225 591/117/224 592/117/225
f 592/117/225 587/1/223 590/1/225
f 587/1/223 592/117/225 588/117/223
f 591/117/224 582/1/221 584/117/221
f 582/1/221 591/117/224 589/1/224
f 595/106/153 594/106/153 593/106/153
f 594/106/153 595/106/153 596/106/153
f 594/106/153 596/106/153 597/106/153
f 597/106/153 596/106/153 598/106/153
f 597/106/153 598/106/153 599/106/153
f 599/106/153 598/106/153 600/106/153
f 583/117/153 591/117/153 584/117/153
f 591/117/153 583/117/153 601/117/153
f 601/117/153 583/117/153 602/117/153
f 603/117/153 591/117/153 601/117/153
f 602/117/153 583/117/153 580/117/153
f 591/117/153 603/117/153 592/117/153
f 602/117/153 580/117/153 604/117/153
f 592/117/153 603/117/153 605/117/153
f 604/117/153 580/117/153 579/117/153
f 592/117/153 605/117/153 588/117/153
f 604/117/153 579/117/153 606/117/153
f 588/117/153 605/117/153 607/117/153
f 606/117/153 579/117/153 608/117/153
f 588/117/153 607/117/153 608/117/153
f 588/117/153 608/117/153 579/117/153
f 588/117/153 579/117/153 586/117/153
f 595/106/226 601/117/227 602/117/226
f 601/117/227 595/106/226 593/106/227
f 596/106/228 602/117/226 604/117/228
f 602/117/226 596/106/228 595/106/226
f 594/106/229 601/117/227 593/106/227
f 601/117/227 594/106/229 603/117/229
f 608/117/231 598/106/230 606/117/230
f 598/106/230 608/117/231 600/106/231
f 608/117/231 599/106/232 600/106/231
f 599/106/232 608/117/231 607/117/232
f 598/106/230 604/117/228 606/117/230
f 604/117/228 598/106/230 596/106/228
f 597/106/233 607/117/232 605/117/233
f 607/117/232 597/106/233 599/106/232
f 594/106/229 605/117/233 603/117/229
f 605/117/233 594/106/229 597/106/233
f 284/118/151 304/119/151 291/118/151
f 304/119/151 284/118/151 285/120/151
f 304/119/151 285/120/151 311/119/151
f 311/119/151 285/120/151 265/120/151
f 265/120/151 308/118/151 311/119/151
f 308/118/151 265/120/151 266/118/151
f 609/121/215 307/120/234 306/121/215
f 307/120/234 609/121/215 610/120/234
f 611/122/150 287/122/150 288/122/150
f 287/122/150 611/122/150 612/122/150
f 615/123/153 614/123/235 613/123/235
f 614/123/235 615/123/153 616/123/153
f 614/123/235 617/122/16 613/123/235
f 617/122/16 614/123/235 618/122/16
f 611/122/144 619/123/234 612/122/144
f 619/123/234 611/122/144 620/123/234
f 622/123/16 289/120/16 621/123/16
f 289/120/16 622/123/16 279/120/16
f 271/120/144 615/123/144 267/120/144
f 615/123/144 271/120/144 616/123/144
f 619/123/234 622/123/153 621/123/153
f 622/123/153 619/123/234 620/123/234
f 270/122/150 617/122/150 618/122/150
f 617/122/150 270/122/150 268/122/150
f 623/120/235 282/121/217 283/120/235
f 282/121/217 623/120/235 624/121/217
f 627/124/151 626/125/151 625/124/151
f 626/125/151 627/124/151 628/125/151
f 631/125/236 630/126/237 629/125/236
f 630/126/237 631/125/236 632/126/237
f 292/118/144 306/121/215 293/118/144
f 306/121/215 292/118/144 609/121/215
f 609/121/215 292/118/144 633/127/144
f 328/124/150 625/124/150 323/124/150
f 625/124/150 328/124/150 627/124/150
f 628/125/153 629/125/236 626/125/153
f 629/125/236 628/125/153 631/125/236
f 630/126/237 635/124/149 634/124/149
f 635/124/149 630/126/237 632/126/237
f 629/125/16 625/124/16 626/125/16
f 625/124/16 629/125/16 323/124/16
f 323/124/16 629/125/16 273/124/16
f 273/124/16 629/125/16 630/126/16
f 273/124/16 630/126/16 634/124/16
f 624/121/217 281/118/16 282/121/217
f 281/118/16 624/121/217 309/118/16
f 309/118/16 624/121/217 636/127/16
f 635/124/150 273/124/150 634/124/150
f 273/124/150 635/124/150 277/124/150
f 322/127/238 309/118/165 636/127/238
f 309/118/165 322/127/238 310/118/165
f 328/124/153 273/124/153 323/124/153
f 273/124/153 328/124/153 277/124/153
f 328/124/144 628/125/144 627/124/144
f 628/125/144 328/124/144 631/125/144
f 631/125/144 328/124/144 277/124/144
f 631/125/144 277/124/144 635/124/144
f 631/125/144 635/124/144 632/126/144
f 624/121/149 322/127/238 636/127/238
f 322/127/238 624/121/149 321/122/149
f 321/122/149 624/121/149 318/122/149
f 609/121/149 318/122/149 624/121/149
f 609/121/149 624/121/149 623/120/149
f 609/121/149 623/120/149 610/120/149
f 633/127/238 318/122/149 609/121/149
f 318/122/149 633/127/238 319/127/238
f 633/127/238 290/118/165 319/127/238
f 290/118/165 633/127/238 292/118/165
f 310/118/239 305/128/239 312/128/239
f 305/128/239 310/118/239 290/118/239
f 639/120/153 638/120/153 637/120/153
f 637/120/153 638/120/153 640/120/153
f 639/120/153 641/120/153 638/120/153
f 642/120/153 641/120/153 639/120/153
f 641/120/153 642/120/153 643/120/153
f 640/120/153 638/120/153 644/120/153
f 645/120/153 643/120/153 642/120/153
f 644/120/153 307/120/153 640/120/153
f 646/120/153 307/120/153 644/120/153
f 640/120/153 307/120/153 647/120/153
f 648/120/153 307/120/153 646/120/153
f 610/120/153 647/120/153 307/120/153
f 648/120/153 283/120/153 307/120/153
f 649/120/153 283/120/153 648/120/153
f 650/120/153 283/120/153 649/120/153
f 610/120/153 651/120/153 647/120/153
f 610/120/153 652/120/153 651/120/153
f 610/120/153 645/120/153 652/120/153
f 283/120/153 650/120/153 623/120/153
f 643/120/153 623/120/153 650/120/153
f 623/120/153 645/120/153 610/120/153
f 645/120/153 623/120/153 643/120/153
f 655/130/149 654/129/149 653/129/149
f 654/129/149 655/130/149 656/125/149
f 656/125/149 655/130/149 657/125/149
f 660/125/149 659/129/149 658/129/149
f 659/129/149 660/125/149 661/130/149
f 661/130/149 660/125/149 662/125/149
f 619/132/151 287/131/151 612/131/151
f 287/131/151 619/132/151 289/133/151
f 289/133/151 619/132/151 621/132/151
f 267/133/151 617/131/151 268/131/151
f 617/131/151 267/133/151 613/132/151
f 613/132/151 267/133/151 615/132/151
f 546/135/240 549/134/240 545/134/240
f 549/134/240 546/135/240 551/135/240
f 551/135/240 546/135/240 555/136/240
f 551/135/240 555/136/240 560/136/240
f 560/136/240 555/136/240 553/137/240
f 560/136/240 553/137/240 559/137/240
f 562/135/151 565/134/151 561/134/151
f 565/134/151 562/135/151 567/135/151
f 567/135/151 562/135/151 571/136/151
f 567/135/151 571/136/151 576/136/151
f 576/136/151 571/136/151 569/137/151
f 576/136/151 569/137/151 575/137/151
f 665/139/148 664/138/148 663/138/148
f 664/138/148 665/139/148 666/138/148
f 666/138/148 665/139/148 667/138/148
f 667/138/148 665/139/148 668/139/148
f 668/139/148 665/139/148 669/140/148
f 668/139/148 669/140/148 670/140/148
f 673/142/155 672/141/155 671/141/155
f 672/141/155 673/142/155 674/142/155
f 672/141/155 674/142/155 675/143/155
f 677/144/154 325/145/154 676/144/154
f 325/145/154 677/144/154 327/145/154
f 680/141/156 679/142/156 678/141/156
f 679/142/156 680/141/156 681/142/156
f 681/142/156 680/141/156 682/143/156
g shovel
v -0.3927 0.60356 0.65211
v -0.3927 0.60076 0.6309
v -0.45827 0.60356 0.65211
v -0.45827 0.60076 0.6309
v -0.3927 0.75371 0.58992
v -0.3927 0.76189 0.60969
v -0.45827 0.75371 0.58992
v -0.45827 0.76189 0.60969
v -0.3927 0.62477 0.57294
v -0.45827 0.62477 0.57294
v -0.3927 0.61174 0.58992
v -0.45827 0.61174 0.58992
v 0.3927 0.72371 0.55992
v 0.45827 0.72371 0.55992
v 0.3927 0.74068 0.57294
v 0.45827 0.74068 0.57294
v 0.45827 0.66151 0.71007
v 0.3927 0.66151 0.71007
v 0.45827 0.68273 0.71286
v 0.3927 0.68273 0.71286
v 0.45827 0.62477 0.68885
v 0.3927 0.62477 0.68885
v 0.45827 0.64174 0.70188
v 0.3927 0.64174 0.70188
v -0.49105 0.31762 0.90744
v -0.49105 0.31762 0.9729
v -0.57302 0.31762 0.90744
v -0.57302 0.31762 0.9729
v -0.45827 0.64174 0.55992
v -0.3927 0.64174 0.55992
v 0.49105 0.64994 0.66368
v 0.45827 0.64994 0.66368
v 0.49105 0.71551 0.66368
v 0.45827 0.71551 0.66368
v -0.3927 0.76469 0.6309
v -0.3927 0.76189 0.65211
v -0.45827 0.76469 0.6309
v -0.45827 0.76189 0.65211
v -0.49105 0.69051 0.77885
v -0.57302 0.69051 0.77885
v -0.45827 0.68273 0.54894
v -0.45827 0.70394 0.55173
v -0.45827 0.66151 0.55173
v -0.45827 0.72371 0.55992
v -0.45827 0.74068 0.57294
v -0.45827 0.64994 0.59811
v -0.45827 0.60356 0.60969
v -0.45827 0.71551 0.59811
v -0.45827 0.64994 0.66368
v -0.45827 0.71551 0.66368
v -0.45827 0.61174 0.67188
v -0.45827 0.75371 0.67188
v -0.45827 0.62477 0.68885
v -0.45827 0.74068 0.68885
v -0.45827 0.64174 0.70188
v -0.45827 0.72371 0.70188
v -0.45827 0.66151 0.71007
v -0.45827 0.70394 0.71007
v -0.45827 0.68273 0.71286
v 0.3927 0.70394 0.71007
v 0.45827 0.70394 0.71007
v 0.45827 0.72371 0.70188
v 0.3927 0.72371 0.70188
v 0.3927 0.66151 0.55173
v 0.45827 0.66151 0.55173
v 0.3927 0.68273 0.54894
v 0.45827 0.68273 0.54894
v 0.57302 0.64994 0.71286
v 0.57302 0.64994 0.62311
v 0.49105 0.64994 0.71286
v 0.54802 0.64994 0.59811
v 0.45827 0.64994 0.59811
v -0.3927 0.68273 0.54894
v -0.3927 0.66151 0.55173
v -0.3927 0.70394 0.55173
v -0.3927 0.72371 0.55992
v -0.3927 0.74068 0.57294
v -0.3927 0.60356 0.60969
v -0.3927 0.75371 0.67188
v -0.3927 0.61174 0.67188
v -0.3927 0.74068 0.68885
v -0.3927 0.62477 0.68885
v -0.3927 0.72371 0.70188
v -0.3927 0.64174 0.70188
v -0.3927 0.70394 0.71007
v -0.3927 0.66151 0.71007
v -0.3927 0.68273 0.71286
v 0.57302 0.31762 0.90744
v 0.57302 0.31762 0.9729
v 0.49105 0.31762 0.90744
v 0.49105 0.31762 0.9729
v 0.45827 0.76189 0.60969
v 0.45827 0.76469 0.6309
v 0.3927 0.76189 0.60969
v 0.3927 0.76469 0.6309
v 0.45827 0.75371 0.67188
v 0.45827 0.74068 0.68885
v 0.3927 0.75371 0.67188
v 0.3927 0.74068 0.68885
v -0.57302 0.26513 0.8437
v -0.49105 0.26513 0.8437
v -0.57302 0.64994 0.71286
v -0.49105 0.64994 0.71286
v -0.49105 0.71551 0.66368
v -0.49105 0.64994 0.66368
v -0.49105 0.71551 0.74379
v -0.49105 0.24013 0.8786
v -0.49105 0.24013 0.9729
v 0.3927 0.70394 0.55173
v 0.3927 0.64174 0.55992
v 0.3927 0.62477 0.57294
v 0.3927 0.61174 0.58992
v 0.3927 0.75371 0.58992
v 0.3927 0.60356 0.60969
v 0.3927 0.60076 0.6309
v 0.3927 0.60356 0.65211
v 0.3927 0.76189 0.65211
v 0.3927 0.61174 0.67188
v 0.45827 0.75371 0.58992
v 0.45827 0.61174 0.67188
v 0.45827 0.60076 0.6309
v 0.45827 0.60356 0.60969
v 0.45827 0.70394 0.55173
v 0.45827 0.64174 0.55992
v -0.54802 0.64994 0.59811
v -0.57302 0.64994 0.62311
v 0.45827 0.71551 0.59811
v 0.54802 0.71551 0.59811
v 0.49105 0.71551 0.74379
v 0.57302 0.71551 0.74379
v 0.57302 0.71551 0.62311
v 0.45827 0.60356 0.65211
v 0.45827 0.61174 0.58992
v 0.45827 0.62477 0.57294
v -0.54802 0.71551 0.59811
v 0.45827 0.76189 0.65211
v 0.57302 0.26513 0.8437
v 0.57302 0.69051 0.77885
v 0.57302 0.24013 0.8786
v 0.57302 0.24013 0.9729
v 0.49105 0.24013 0.9729
v 0.49105 0.24013 0.8786
v 0.49105 0.26513 0.8437
v 0.49105 0.69051 0.77885
v -0.57302 0.24013 0.8786
v -0.57302 0.71551 0.62311
v -0.57302 0.71551 0.74379
v -0.57302 0.24013 0.9729
v 0.17863 0.070711 1.235
v 0.17863 0 1.1643
v 0.059543 0.070711 1.235
v 0.059543 0 1.1643
v 0.53589 0.040533 1.1238
v 0.53589 0.11124 1.1945
v 0.53589 0 1.1643
v 0.53589 0.070711 1.235
v -0.4168 0.11124 1.1945
v -0.4168 0.040533 1.1238
v -0.53589 0.11124 1.1945
v -0.53589 0.040533 1.1238
v -0.17863 0.11124 1.1945
v -0.17863 0.040533 1.1238
v -0.29772 0.11124 1.1945
v -0.29772 0.040533 1.1238
v 0.4168 0.070711 1.235
v 0.4168 0 1.1643
v 0.29772 0.070711 1.235
v 0.29772 0 1.1643
v 0.4168 0.11124 1.1945
v 0.4168 0.040533 1.1238
v -0.17863 0 1.1643
v -0.17863 0.070711 1.235
v -0.65498 0.070711 1.235
v -0.65498 0 1.1643
v -0.65498 0.15178 1.154
v -0.65498 0.23284 1.0729
v -0.65498 0.19142 0.9729
v -0.65498 0.71213 0.9729
v -0.65498 0.71213 1.0729
v 0.17863 0.040533 1.1238
v 0.17863 0.11124 1.1945
v 0.29772 0.11124 1.1945
v 0.29772 0.040533 1.1238
v 0.65498 0.070711 1.235
v 0.65498 0.15178 1.154
v 0.059543 0.11124 1.1945
v -0.059543 0.11124 1.1945
v -0.059543 0.070711 1.235
v -0.4168 0.070711 1.235
v -0.29772 0.070711 1.235
v -0.53589 0.070711 1.235
v -0.4168 0 1.1643
v -0.29772 0 1.1643
v -0.53589 0 1.1643
v 0.65498 0.71213 0.9729
v 0.65498 0.19142 0.9729
v 0.65498 0.71213 1.0729
v 0.65498 0.23284 1.0729
v 0.65498 0 1.1643
v -0.059543 0 1.1643
v 0.059543 0.040533 1.1238
v -0.059543 0.040533 1.1238
v 0.65498 0.15178 1.154
v -0.65498 0.15178 1.154
vn 0 -0.96593 0.25882
vn 0 0.86603 -0.5
vn 0 0.96593 -0.25882
vn 0 -0.86603 -0.5
vn 0 0.5 -0.86603
vn 0 -0.25882 0.96593
vn 0 -0.5 0.86603
vn 0 -0.5 -0.86603
vn 0 0.96593 0.25882
vn 0 0.32599 0.94537
vn 0 0.59859 0.80105
vn 0 0.25882 0.96593
vn 0 0.5 0.86603
vn 0 -0.25882 -0.96593
vn 0 0.25882 -0.96593
vn 0 0.86603 0.5
vn 0 -0.59599 -0.80299
vn 0 -0.3219 -0.94677
vn 0 -0.86603 0.5
vn 0 -0.96593 -0.25882
vn 0 0.95243 0.30476
vn -0.38268 0 -0.92388
vn 0.92388 0 -0.38268
vn 0 -0.9521 -0.30579
vn -0.92388 0 -0.38268
vn 0.38268 0 -0.92388
vn 0.70711 -0.5 0.5
vn -0.70711 -0.5 0.5
vn 0 0.38268 0.92388
vt 0.46875 0.44821
vt 0.46875 0.46819
vt 0.46875 0.375
vt 0.46875 0.41642
vt 0.46875 0.355
vt 0.46875 0.294
vt 0.46875 0.32676
vt 0.71875 0.275
vt 0.71875 0.34676
vt 0.46875 0.59676
vt 0.46875 0.55393
usemtl colormap
f 685/1/241 684/1/150 683/1/241
f 684/1/150 685/1/241 686/1/150
f 689/146/242 688/147/243 687/146/242
f 688/147/243 689/146/242 690/147/243
f 693/1/244 692/1/166 691/1/166
f 692/1/166 693/1/244 694/1/244
f 697/149/152 696/148/245 695/148/245
f 696/148/245 697/149/152 698/149/152
f 701/1/149 700/1/246 699/1/246
f 700/1/246 701/1/149 702/1/149
f 705/1/247 704/1/165 703/1/165
f 704/1/165 705/1/247 706/1/247
f 709/1/153 708/1/153 707/1/153
f 708/1/153 709/1/153 710/1/153
f 711/1/248 691/1/166 692/1/166
f 691/1/166 711/1/248 712/1/248
f 715/150/149 714/1/149 713/1/149
f 714/1/149 715/150/149 716/150/149
f 719/106/153 718/147/249 717/106/153
f 718/147/249 719/106/153 720/147/249
f 721/151/251 709/1/250 707/1/250
f 709/1/250 721/151/251 722/151/251
f 725/1/144 724/152/144 723/1/144
f 724/152/144 725/1/144 711/1/144
f 724/152/144 711/1/144 726/148/144
f 726/148/144 711/1/144 692/1/144
f 726/148/144 692/1/144 727/149/144
f 727/149/144 692/1/144 694/1/144
f 727/149/144 694/1/144 689/146/144
f 689/146/144 694/1/144 728/1/144
f 728/1/144 694/1/144 729/1/144
f 730/150/144 689/146/144 728/1/144
f 689/146/144 730/150/144 690/147/144
f 728/1/144 729/1/144 731/1/144
f 690/147/144 730/150/144 732/150/144
f 731/1/144 729/1/144 686/1/144
f 731/1/144 686/1/144 685/1/144
f 690/147/144 732/150/144 719/106/144
f 731/1/144 685/1/144 733/1/144
f 731/1/144 733/1/144 732/150/144
f 719/106/144 732/150/144 720/147/144
f 720/147/144 732/150/144 734/146/144
f 734/146/144 732/150/144 733/1/144
f 734/146/144 733/1/144 735/1/144
f 734/146/144 735/1/144 736/149/144
f 736/149/144 735/1/144 737/1/144
f 736/149/144 737/1/144 738/148/144
f 738/148/144 737/1/144 739/1/144
f 738/148/144 739/1/144 740/152/144
f 740/152/144 739/1/144 741/1/144
f 701/1/149 742/152/252 702/1/149
f 742/152/252 701/1/149 743/152/252
f 744/148/253 742/152/252 743/152/252
f 742/152/252 744/148/253 745/148/253
f 748/1/151 747/1/254 746/1/254
f 747/1/254 748/1/151 749/1/151
f 752/1/150 751/1/150 750/1/150
f 751/1/150 752/1/150 753/1/150
f 753/1/150 752/1/150 713/1/150
f 753/1/150 713/1/150 754/1/150
f 754/1/150 713/1/150 714/1/150
f 757/152/16 756/1/16 755/1/16
f 756/1/16 757/152/16 758/148/16
f 756/1/16 758/148/16 712/1/16
f 712/1/16 758/148/16 759/149/16
f 712/1/16 759/149/16 691/1/16
f 691/1/16 759/149/16 687/146/16
f 691/1/16 687/146/16 693/1/16
f 693/1/16 687/146/16 688/147/16
f 693/1/16 688/147/16 760/1/16
f 760/1/16 688/147/16 717/106/16
f 760/1/16 717/106/16 684/1/16
f 684/1/16 717/106/16 718/147/16
f 684/1/16 718/147/16 683/1/16
f 683/1/16 718/147/16 761/146/16
f 683/1/16 761/146/16 762/1/16
f 762/1/16 761/146/16 763/149/16
f 762/1/16 763/149/16 764/1/16
f 764/1/16 763/149/16 765/148/16
f 764/1/16 765/148/16 766/1/16
f 766/1/16 765/148/16 767/152/16
f 766/1/16 767/152/16 768/1/16
f 768/1/16 767/152/16 769/1/16
f 726/148/245 757/152/255 724/152/255
f 757/152/255 726/148/245 758/148/245
f 772/1/153 771/1/153 770/1/153
f 771/1/153 772/1/153 773/1/153
f 723/1/151 756/1/254 725/1/254
f 756/1/254 723/1/151 755/1/151
f 776/147/243 775/106/153 774/147/243
f 775/106/153 776/147/243 777/106/153
f 780/146/256 779/149/181 778/146/256
f 779/149/181 780/146/256 781/149/181
f 784/1/258 783/1/257 782/1/257
f 783/1/257 784/1/258 785/1/258
f 788/150/16 787/1/16 786/150/16
f 787/1/16 788/150/16 785/1/16
f 785/1/16 788/150/16 783/1/16
f 783/1/16 788/150/16 721/151/16
f 783/1/16 721/151/16 707/1/16
f 783/1/16 707/1/16 789/1/16
f 789/1/16 707/1/16 790/1/16
f 790/1/16 707/1/16 708/1/16
f 746/1/144 791/152/144 748/1/144
f 791/152/144 746/1/144 792/1/144
f 791/152/144 792/1/144 695/148/144
f 695/148/144 792/1/144 793/1/144
f 695/148/144 793/1/144 697/149/144
f 697/149/144 793/1/144 794/1/144
f 697/149/144 794/1/144 795/146/144
f 795/146/144 794/1/144 796/1/144
f 795/146/144 796/1/144 776/147/144
f 776/147/144 796/1/144 797/1/144
f 776/147/144 797/1/144 777/106/144
f 777/106/144 797/1/144 798/1/144
f 777/106/144 798/1/144 799/147/144
f 799/147/144 798/1/144 800/1/144
f 799/147/144 800/1/144 780/146/144
f 780/146/144 800/1/144 704/1/144
f 780/146/144 704/1/144 781/149/144
f 781/149/144 704/1/144 706/1/144
f 781/149/144 706/1/144 745/148/144
f 745/148/144 706/1/144 700/1/144
f 745/148/144 700/1/144 742/152/144
f 742/152/144 700/1/144 702/1/144
f 697/149/152 801/146/242 698/149/152
f 801/146/242 697/149/152 795/146/242
f 725/1/254 712/1/248 711/1/248
f 712/1/248 725/1/254 756/1/254
f 704/1/165 802/1/259 703/1/165
f 802/1/259 704/1/165 800/1/259
f 797/1/150 804/1/260 803/1/150
f 804/1/260 797/1/150 796/1/260
f 791/152/255 749/1/151 748/1/151
f 749/1/151 791/152/255 805/152/255
f 732/150/149 787/1/149 731/1/149
f 787/1/149 732/150/149 786/150/149
f 769/1/149 739/1/246 768/1/246
f 739/1/246 769/1/149 741/1/149
f 746/1/254 806/1/248 792/1/248
f 806/1/248 746/1/254 747/1/254
f 784/1/150 787/1/150 785/1/150
f 787/1/150 784/1/150 807/1/150
f 807/1/150 784/1/150 808/1/150
f 728/1/150 787/1/150 807/1/150
f 787/1/150 728/1/150 731/1/150
f 715/150/153 809/150/153 716/150/153
f 809/150/153 715/150/153 810/150/153
f 811/150/261 810/150/153 715/150/153
f 812/150/261 810/150/153 811/150/261
f 810/150/153 812/150/261 813/150/153
f 798/1/241 803/1/150 814/1/241
f 803/1/150 798/1/241 797/1/150
f 794/1/244 816/1/166 815/1/244
f 816/1/166 794/1/244 793/1/166
f 795/146/242 774/147/243 801/146/242
f 774/147/243 795/146/242 776/147/243
f 779/149/181 745/148/253 744/148/253
f 745/148/253 779/149/181 781/149/181
f 768/1/246 737/1/247 766/1/247
f 737/1/247 768/1/246 739/1/246
f 817/150/262 728/1/151 807/1/262
f 728/1/151 817/150/262 730/150/151
f 777/106/153 818/147/249 775/106/153
f 818/147/249 777/106/153 799/147/249
f 799/147/249 778/146/256 818/147/249
f 778/146/256 799/147/249 780/146/256
f 812/150/16 751/1/263 813/150/263
f 751/1/263 812/150/16 750/1/16
f 750/1/16 812/150/16 819/1/16
f 819/1/16 812/150/16 820/151/16
f 819/1/16 820/151/16 770/1/16
f 819/1/16 770/1/16 821/1/16
f 821/1/16 770/1/16 822/1/16
f 822/1/16 770/1/16 771/1/16
f 805/152/16 747/1/16 749/1/16
f 747/1/16 805/152/16 696/148/16
f 747/1/16 696/148/16 806/1/16
f 806/1/16 696/148/16 698/149/16
f 806/1/16 698/149/16 816/1/16
f 816/1/16 698/149/16 801/146/16
f 816/1/16 801/146/16 815/1/16
f 815/1/16 801/146/16 809/150/16
f 809/150/16 801/146/16 774/147/16
f 754/1/16 815/1/16 809/150/16
f 815/1/16 754/1/16 804/1/16
f 809/150/16 774/147/16 716/150/16
f 804/1/16 754/1/16 714/1/16
f 716/150/16 774/147/16 775/106/16
f 716/150/16 775/106/16 818/147/16
f 804/1/16 714/1/16 803/1/16
f 716/150/16 818/147/16 778/146/16
f 716/150/16 778/146/16 714/1/16
f 803/1/16 714/1/16 814/1/16
f 814/1/16 714/1/16 802/1/16
f 802/1/16 714/1/16 778/146/16
f 802/1/16 778/146/16 779/149/16
f 802/1/16 779/149/16 703/1/16
f 703/1/16 779/149/16 744/148/16
f 703/1/16 744/148/16 705/1/16
f 705/1/16 744/148/16 743/152/16
f 705/1/16 743/152/16 699/1/16
f 699/1/16 743/152/16 701/1/16
f 792/1/248 816/1/166 793/1/166
f 816/1/166 792/1/248 806/1/248
f 823/1/150 821/1/264 822/1/150
f 821/1/264 823/1/150 824/1/264
f 752/1/144 715/150/144 713/1/144
f 715/150/144 752/1/144 811/150/144
f 811/150/144 752/1/144 825/1/144
f 811/150/144 825/1/144 826/151/144
f 826/151/144 825/1/144 772/1/144
f 772/1/144 825/1/144 824/1/144
f 772/1/144 824/1/144 823/1/144
f 772/1/144 823/1/144 773/1/144
f 796/1/260 815/1/244 804/1/260
f 815/1/244 796/1/260 794/1/244
f 695/148/245 805/152/255 791/152/255
f 805/152/255 695/148/245 696/148/245
f 800/1/259 814/1/241 802/1/259
f 814/1/241 800/1/259 798/1/241
f 727/149/152 687/146/242 759/149/152
f 687/146/242 727/149/152 689/146/242
f 720/147/249 761/146/256 718/147/249
f 761/146/256 720/147/249 734/146/256
f 735/1/165 762/1/259 764/1/165
f 762/1/259 735/1/165 733/1/259
f 827/1/264 783/1/257 789/1/264
f 783/1/257 827/1/264 782/1/257
f 808/1/265 817/150/262 807/1/262
f 817/150/262 808/1/265 828/150/265
f 766/1/247 735/1/165 764/1/165
f 735/1/165 766/1/247 737/1/247
f 813/150/263 753/1/266 810/150/266
f 753/1/266 813/150/263 751/1/263
f 752/1/258 819/1/257 825/1/257
f 819/1/257 752/1/258 750/1/258
f 763/149/181 738/148/253 765/148/253
f 738/148/253 763/149/181 736/149/181
f 729/1/260 693/1/244 760/1/260
f 693/1/244 729/1/260 694/1/244
f 690/147/243 717/106/153 688/147/243
f 717/106/153 690/147/243 719/106/153
f 817/150/153 732/150/153 730/150/153
f 732/150/153 817/150/153 786/150/153
f 786/150/153 817/150/153 788/150/261
f 788/150/261 817/150/153 829/150/261
f 829/150/261 817/150/153 828/150/153
f 809/150/151 753/1/266 754/1/151
f 753/1/266 809/150/151 810/150/266
f 686/1/150 760/1/260 684/1/150
f 760/1/260 686/1/150 729/1/260
f 734/146/256 763/149/181 761/146/256
f 763/149/181 734/146/256 736/149/181
f 829/150/261 721/151/251 788/150/261
f 721/151/251 829/150/261 722/151/251
f 767/152/252 741/1/149 769/1/149
f 741/1/149 767/152/252 740/152/252
f 784/1/144 828/150/265 808/1/265
f 828/150/265 784/1/144 829/150/144
f 829/150/144 784/1/144 782/1/144
f 829/150/144 782/1/144 722/151/144
f 722/151/144 782/1/144 709/1/144
f 709/1/144 782/1/144 827/1/144
f 709/1/144 827/1/144 830/1/144
f 709/1/144 830/1/144 710/1/144
f 765/148/253 740/152/252 767/152/252
f 740/152/252 765/148/253 738/148/253
f 820/151/251 772/1/250 770/1/250
f 772/1/250 820/151/251 826/151/251
f 699/1/246 706/1/247 705/1/247
f 706/1/247 699/1/246 700/1/246
f 723/1/151 757/152/255 755/1/151
f 757/152/255 723/1/151 724/152/255
f 727/149/152 758/148/245 726/148/245
f 758/148/245 727/149/152 759/149/152
f 830/1/150 789/1/264 790/1/150
f 789/1/264 830/1/150 827/1/264
f 824/1/264 819/1/257 821/1/264
f 819/1/257 824/1/264 825/1/257
f 733/1/259 683/1/241 762/1/259
f 683/1/241 733/1/259 685/1/241
f 811/150/261 820/151/251 812/150/261
f 820/151/251 811/150/261 826/151/251
f 833/153/268 832/153/267 831/153/267
f 832/153/267 833/153/268 834/153/268
f 837/153/268 836/153/144 835/153/144
f 836/153/144 837/153/268 838/153/268
f 841/153/165 840/153/165 839/153/165
f 840/153/165 841/153/165 842/153/165
f 845/153/165 844/153/165 843/153/165
f 844/153/165 845/153/165 846/153/165
f 849/153/268 848/153/267 847/153/267
f 848/153/267 849/153/268 850/153/268
f 851/153/165 835/153/165 836/153/165
f 835/153/165 851/153/165 852/153/165
f 853/153/268 843/153/144 844/153/144
f 843/153/144 853/153/268 854/153/268
f 857/153/144 856/153/144 855/153/144
f 858/153/144 856/153/144 857/153/144
f 858/153/144 859/153/144 856/153/144
f 859/153/144 858/153/144 860/154/144
f 861/154/144 860/154/144 858/153/144
f 863/153/16 832/153/267 862/153/16
f 832/153/267 863/153/16 831/153/267
f 863/153/165 865/153/165 864/153/165
f 865/153/165 863/153/165 862/153/165
f 867/153/181 838/153/181 866/153/181
f 838/153/181 867/153/181 836/153/181
f 836/153/181 867/153/181 851/153/181
f 851/153/181 867/153/181 864/153/181
f 864/153/181 867/153/181 863/153/181
f 849/153/181 851/153/181 864/153/181
f 851/153/181 849/153/181 847/153/181
f 863/153/181 867/153/181 868/153/181
f 833/153/181 863/153/181 868/153/181
f 863/153/181 833/153/181 831/153/181
f 868/153/181 867/153/181 869/153/181
f 869/153/181 867/153/181 843/153/181
f 854/153/181 869/153/181 843/153/181
f 869/153/181 854/153/181 870/153/181
f 843/153/181 867/153/181 845/153/181
f 845/153/181 867/153/181 839/153/181
f 871/153/181 845/153/181 839/153/181
f 845/153/181 871/153/181 872/153/181
f 839/153/181 867/153/181 841/153/181
f 857/153/181 841/153/181 867/153/181
f 855/153/181 841/153/181 857/153/181
f 841/153/181 855/153/181 873/153/181
f 874/153/268 839/153/144 840/153/144
f 839/153/144 874/153/268 871/153/268
f 850/153/268 864/153/144 865/153/144
f 864/153/144 850/153/268 849/153/268
f 871/153/268 875/153/267 872/153/267
f 875/153/267 871/153/268 874/153/268
f 855/153/165 876/153/267 873/153/267
f 876/153/267 855/153/165 856/153/165
f 845/153/16 875/153/267 846/153/16
f 875/153/267 845/153/16 872/153/267
f 879/154/16 878/153/16 877/154/16
f 878/153/16 879/154/16 880/153/16
f 878/153/16 880/153/16 881/153/16
f 881/153/16 880/153/16 867/153/16
f 881/153/16 867/153/16 866/153/16
f 854/153/268 882/153/267 870/153/267
f 882/153/267 854/153/268 853/153/268
f 860/154/153 879/154/153 877/154/153
f 879/154/153 860/154/153 861/154/153
f 841/153/16 876/153/267 842/153/16
f 876/153/267 841/153/16 873/153/267
f 834/153/268 868/153/144 883/153/144
f 868/153/144 834/153/268 833/153/268
f 851/153/16 848/153/267 852/153/16
f 848/153/267 851/153/16 847/153/267
f 838/153/268 881/153/165 866/153/165
f 881/153/165 838/153/268 837/153/268
f 869/153/165 883/153/165 868/153/165
f 883/153/165 869/153/165 884/153/165
f 869/153/16 882/153/267 884/153/16
f 882/153/267 869/153/16 870/153/267
f 850/129/166 852/129/166 848/129/166
f 865/129/166 852/129/166 850/129/166
f 859/129/166 852/129/166 865/129/166
f 859/129/166 865/129/166 862/129/166
f 859/129/166 835/129/166 852/129/166
f 878/129/166 835/129/166 859/129/166
f 835/129/166 878/129/166 881/129/166
f 835/129/166 881/129/166 837/129/166
f 859/129/166 862/129/166 883/129/166
f 883/129/166 862/129/166 834/129/166
f 834/129/166 862/129/166 832/129/166
f 859/129/166 883/129/166 884/129/166
f 859/129/166 884/129/166 844/129/166
f 844/129/166 884/129/166 853/129/166
f 853/129/166 884/129/166 882/129/166
f 859/129/166 844/129/166 846/129/166
f 859/129/166 846/129/166 840/129/166
f 840/129/166 846/129/166 874/129/166
f 874/129/166 846/129/166 875/129/166
f 859/129/166 840/129/166 842/129/166
f 859/129/166 842/129/166 856/129/166
f 856/129/166 842/129/166 876/129/166
f 830/129/151 860/155/151 710/129/151
f 710/129/151 860/155/151 708/129/151
f 830/129/151 859/129/151 860/155/151
f 859/129/151 830/129/151 878/129/151
f 877/155/151 708/129/151 860/155/151
f 878/129/151 830/129/151 823/129/151
f 790/129/151 823/129/151 830/129/151
f 822/129/151 878/129/151 823/129/151
f 878/129/151 822/129/151 877/155/151
f 823/129/151 790/129/151 773/129/151
f 773/129/151 790/129/151 708/129/151
f 877/155/151 822/129/151 771/129/151
f 773/129/151 708/129/151 771/129/151
f 877/155/151 771/129/151 708/129/151
f 879/125/149 858/156/269 880/156/269
f 858/156/269 879/125/149 861/125/149
f 880/156/269 886/129/181 885/129/181
f 886/129/181 880/156/269 858/156/269
g wheel-back-right
v -0.75735 0.43758 -0.87316
v -0.75735 0.48596 -0.86679
v -0.75735 0.3892 -0.86679
v -0.75735 0.34412 -0.84812
v -0.75735 0.53104 -0.84812
v -0.75735 0.30541 -0.81842
v -0.75735 0.56975 -0.81842
v -0.75735 0.27571 -0.77971
v -0.75735 0.43758 -0.80049
v -0.75735 0.59945 -0.77971
v -0.75735 0.40801 -0.79659
v -0.75735 0.38046 -0.78518
v -0.75735 0.3568 -0.76703
v -0.75735 0.46715 -0.79659
v -0.75735 0.4947 -0.78518
v -0.75735 0.51836 -0.76703
v -0.75735 0.25704 -0.73463
v -0.75735 0.33865 -0.74337
v -0.75735 0.32724 -0.71582
v -0.75735 0.61812 -0.73463
v -0.75735 0.53651 -0.74337
v -0.75735 0.54792 -0.71582
v -0.75735 0.25067 -0.68625
v -0.75735 0.32335 -0.68625
v -0.75735 0.32724 -0.65668
v -0.75735 0.25704 -0.63787
v -0.75735 0.33865 -0.62913
v -0.75735 0.62449 -0.68625
v -0.75735 0.55181 -0.68625
v -0.75735 0.54792 -0.65668
v -0.75735 0.61812 -0.63787
v -0.75735 0.53651 -0.62913
v -0.75735 0.27571 -0.59279
v -0.75735 0.3568 -0.60548
v -0.75735 0.38046 -0.58732
v -0.75735 0.59945 -0.59279
v -0.75735 0.51836 -0.60548
v -0.75735 0.4947 -0.58732
v -0.75735 0.30541 -0.55408
v -0.75735 0.56975 -0.55408
v -0.75735 0.40801 -0.57591
v -0.75735 0.46715 -0.57591
v -0.75735 0.43758 -0.57202
v -0.75735 0.34412 -0.52438
v -0.75735 0.53104 -0.52438
v -0.75735 0.3892 -0.50571
v -0.75735 0.48596 -0.50571
v -0.75735 0.43758 -0.49934
v -0.83028 0.33412 -0.86545
v -0.83028 0.38402 -0.88612
v -0.83028 0.38402 -0.48638
v -0.83028 0.43758 -0.47933
v -0.83028 0.29126 -0.83257
v -0.83028 0.25838 -0.78971
v -0.83028 0.63745 -0.6327
v -0.83028 0.61678 -0.58279
v -0.83028 0.63745 -0.73981
v -0.83028 0.6445 -0.68625
v -0.83028 0.49114 -0.88612
v -0.83028 0.54104 -0.86545
v -0.83028 0.29126 -0.53993
v -0.83028 0.33412 -0.50705
v -0.83028 0.43758 -0.89317
v -0.83028 0.61678 -0.78971
v -0.83028 0.5839 -0.53993
v -0.83028 0.23771 -0.73981
v -0.83028 0.23066 -0.68625
v -0.83028 0.25838 -0.58279
v -0.83028 0.5839 -0.83257
v -0.83028 0.49114 -0.48638
v -0.83028 0.54104 -0.50705
v -0.83028 0.23771 -0.6327
v -0.83028 0.43758 -0.97888
v -0.83028 0.51332 -0.96891
v -0.83028 0.36184 -0.96891
v -0.83028 0.29126 -0.93968
v -0.83028 0.5839 -0.93968
v -0.83028 0.23066 -0.89317
v -0.83028 0.43758 -0.89317
v -0.83028 0.6445 -0.89317
v -0.83028 0.38402 -0.88612
v -0.83028 0.33412 -0.86545
v -0.83028 0.49114 -0.88612
v -0.83028 0.54104 -0.86545
v -0.83028 0.5839 -0.83257
v -0.83028 0.69101 -0.83257
v -0.83028 0.61678 -0.78971
v -0.83028 0.18415 -0.83257
v -0.83028 0.29126 -0.83257
v -0.83028 0.25838 -0.78971
v -0.83028 0.72024 -0.76199
v -0.83028 0.63745 -0.73981
v -0.83028 0.6445 -0.68625
v -0.83028 0.73021 -0.68625
v -0.83028 0.63745 -0.6327
v -0.83028 0.15492 -0.76199
v -0.83028 0.23771 -0.73981
v -0.83028 0.23066 -0.68625
v -0.83028 0.14495 -0.68625
v -0.83028 0.23771 -0.6327
v -0.83028 0.72024 -0.61051
v -0.83028 0.61678 -0.58279
v -0.83028 0.5839 -0.53993
v -0.83028 0.15492 -0.61051
v -0.83028 0.25838 -0.58279
v -0.83028 0.29126 -0.53993
v -0.83028 0.69101 -0.53993
v -0.83028 0.54104 -0.50705
v -0.83028 0.49114 -0.48638
v -0.83028 0.18415 -0.53993
v -0.83028 0.33412 -0.50705
v -0.83028 0.38402 -0.48638
v -0.83028 0.6445 -0.47933
v -0.83028 0.23066 -0.47933
v -0.83028 0.43758 -0.47933
v -0.83028 0.29126 -0.43282
v -0.83028 0.5839 -0.43282
v -0.83028 0.36184 -0.40359
v -0.83028 0.51332 -0.40359
v -0.83028 0.43758 -0.39362
v -0.83028 0.43758 -1.0582
v -0.68442 0.43758 -1.1238
v -0.83028 0.53385 -1.0455
v -0.68442 0.55083 -1.1089
v -0.68442 0.81654 -0.90504
v -0.68442 0.86025 -0.79951
v -0.83028 0.75969 -0.87222
v -0.83028 0.79685 -0.78252
v -0.68442 0.12816 -0.99567
v -0.68442 0.21879 -1.0652
v -0.83028 0.17458 -0.94925
v -0.83028 0.25161 -1.0084
v -0.58759 0.43758 -1.1238
v -0.58759 0.55083 -1.1089
v -0.58759 0.81654 -0.90504
v -0.58759 0.86025 -0.79951
v -0.58759 0.86025 -0.573
v -0.58759 0.81654 -0.46746
v -0.68442 0.86025 -0.573
v -0.68442 0.81654 -0.46746
v -0.58759 0.65637 -0.3073
v -0.68442 0.65637 -0.3073
v -0.58759 0.747 -0.37684
v -0.68442 0.747 -0.37684
v -0.68442 0.12816 -0.37684
v -0.83028 0.17458 -0.42325
v -0.68442 0.21879 -0.3073
v -0.83028 0.25161 -0.36414
v -0.58759 0.21879 -1.0652
v -0.68442 0.32433 -1.1089
v -0.58759 0.32433 -1.1089
v -0.68442 0.01491 -0.79951
v -0.83028 0.078311 -0.78252
v -0.68442 0 -0.68625
v -0.83028 0.065637 -0.68625
v -0.68442 0.32433 -0.26358
v -0.83028 0.34131 -0.32698
v -0.68442 0.747 -0.99567
v -0.83028 0.70058 -0.94925
v -0.58759 0.43758 -0.24867
v -0.68442 0.43758 -0.24867
v -0.58759 0.55083 -0.26358
v -0.68442 0.55083 -0.26358
v -0.83028 0.53385 -0.32698
v -0.83028 0.62355 -0.36414
v -0.58759 0.01491 -0.79951
v -0.58759 0 -0.68625
v -0.68442 0.65637 -1.0652
v -0.58759 0.65637 -1.0652
v -0.83028 0.62355 -1.0084
v -0.83028 0.34131 -1.0455
v -0.68442 0.87516 -0.68625
v -0.83028 0.80952 -0.68625
v -0.83028 0.43758 -0.31431
v -0.68442 0.01491 -0.573
v -0.83028 0.078311 -0.58999
v -0.68442 0.058625 -0.46746
v -0.83028 0.11547 -0.50028
v -0.58759 0.01491 -0.573
v -0.58759 0.058625 -0.46746
v -0.58759 0.12816 -0.37684
v -0.48759 0.11547 -0.87222
v -0.58759 0.058625 -0.90504
v -0.48759 0.078311 -0.78252
v -0.48759 0.25161 -1.0084
v -0.48759 0.34131 -1.0455
v -0.68442 0.058625 -0.90504
v -0.58759 0.87516 -0.68625
v -0.58759 0.747 -0.99567
v -0.48759 0.53385 -0.32698
v -0.48759 0.62355 -0.36414
v -0.83028 0.11547 -0.87222
v -0.48759 0.43758 -1.0582
v -0.48759 0.53385 -1.0455
v -0.48759 0.62355 -1.0084
v -0.48759 0.70058 -0.94925
v -0.48759 0.17458 -0.94925
v -0.48759 0.75969 -0.87222
v -0.48759 0.79685 -0.78252
v -0.48759 0.80952 -0.68625
v -0.48759 0.065637 -0.68625
v -0.48759 0.79685 -0.58999
v -0.48759 0.078311 -0.58999
v -0.48759 0.75969 -0.50028
v -0.48759 0.11547 -0.50028
v -0.48759 0.70058 -0.42325
v -0.48759 0.17458 -0.42325
v -0.48759 0.25161 -0.36414
v -0.48759 0.34131 -0.32698
v -0.48759 0.43758 -0.31431
v -0.83028 0.70058 -0.42325
v -0.58759 0.21879 -0.3073
v -0.58759 0.32433 -0.26358
v -0.58759 0.12816 -0.99567
v -0.83028 0.75969 -0.50028
v -0.83028 0.79685 -0.58999
v -0.83028 0.43758 -0.97888
v -0.83028 0.36184 -0.96891
v -0.83028 0.51332 -0.96891
v -0.83028 0.29126 -0.93968
v -0.83028 0.5839 -0.93968
v -0.83028 0.23066 -0.89317
v -0.83028 0.18415 -0.83257
v -0.83028 0.15492 -0.76199
v -0.83028 0.14495 -0.68625
v -0.83028 0.6445 -0.89317
v -0.83028 0.69101 -0.83257
v -0.83028 0.72024 -0.76199
v -0.83028 0.15492 -0.61051
v -0.83028 0.18415 -0.53993
v -0.83028 0.23066 -0.47933
v -0.83028 0.73021 -0.68625
v -0.83028 0.72024 -0.61051
v -0.83028 0.69101 -0.53993
v -0.83028 0.6445 -0.47933
v -0.83028 0.29126 -0.43282
v -0.83028 0.36184 -0.40359
v -0.83028 0.5839 -0.43282
v -0.83028 0.51332 -0.40359
v -0.83028 0.43758 -0.39362
v -0.83028 0.52254 -0.66349
v -0.83028 0.51376 -0.64227
v -0.83028 0.41481 -0.60129
v -0.83028 0.43758 -0.59829
v -0.83028 0.3614 -0.73023
v -0.83028 0.35262 -0.70902
v -0.83028 0.41481 -0.77121
v -0.83028 0.43758 -0.77421
v -0.83028 0.34962 -0.68625
v -0.83028 0.35262 -0.66349
v -0.83028 0.46035 -0.77121
v -0.83028 0.3936 -0.76243
v -0.83028 0.48156 -0.76243
v -0.83028 0.37538 -0.74845
v -0.83028 0.49978 -0.74845
v -0.83028 0.51376 -0.73023
v -0.83028 0.52254 -0.70902
v -0.83028 0.52554 -0.68625
v -0.83028 0.3614 -0.64227
v -0.83028 0.37538 -0.62405
v -0.83028 0.49978 -0.62405
v -0.83028 0.3936 -0.61008
v -0.83028 0.48156 -0.61008
v -0.83028 0.46035 -0.60129
vn -0.26461 0.48218 0.83516
vn -0.26461 0.24959 0.9315
vn -0.26461 0.24959 -0.9315
vn -0.26461 0 -0.96436
vn -0.26461 0.6819 0.6819
vn -0.26461 0.83516 0.48218
vn -0.26461 -0.9315 -0.24959
vn -0.26461 -0.83516 -0.48218
vn -0.26461 -0.9315 0.24959
vn -0.26461 -0.96436 0
vn -0.26461 -0.24959 0.9315
vn -0.26461 -0.48218 0.83516
vn -0.26461 0.6819 -0.6819
vn -0.26461 0.48218 -0.83516
vn -0.26461 0 0.96436
vn -0.26461 -0.83516 0.48218
vn -0.26461 -0.6819 -0.6819
vn -0.26461 0.9315 0.24959
vn -0.26461 0.96436 0
vn -0.26461 0.83516 -0.48218
vn -0.26461 -0.6819 0.6819
vn -0.26461 -0.24959 -0.9315
vn -0.26461 -0.48218 -0.83516
vn -0.26461 0.9315 -0.24959
vn -1 0 1.4901e-08
vn -0.41036 0 -0.91192
vn -0.20636 0 -0.97848
vn -0.41036 0.23602 -0.88085
vn -0.20636 0.25325 -0.94513
vn -0.20636 0.84738 -0.48924
vn -0.20636 0.94513 -0.25325
vn -0.41036 0.78975 -0.45596
vn -0.41036 0.88085 -0.23602
vn -0.20636 -0.69189 -0.69189
vn -0.20636 -0.48924 -0.84738
vn -0.41036 -0.64483 -0.64483
vn -0.41036 -0.45596 -0.78975
vn 0.28003 0 -0.95999
vn 0.28003 0.24846 -0.92728
vn 0.28003 0.83138 -0.48
vn 0.28003 0.92728 -0.24846
vn 0.28003 0.92728 0.24846
vn 0.28003 0.83138 0.48
vn -0.20636 0.94513 0.25325
vn -0.20636 0.84738 0.48924
vn 0.28003 0.48 0.83138
vn -0.20636 0.48924 0.84738
vn 0.28003 0.67882 0.67882
vn -0.20636 0.69189 0.69189
vn -0.20636 -0.69189 0.69189
vn -0.41036 -0.64483 0.64483
vn -0.20636 -0.48924 0.84738
vn -0.41036 -0.45596 0.78975
vn 0.28003 -0.48 -0.83138
vn -0.20636 -0.25325 -0.94513
vn 0.28003 -0.24846 -0.92728
vn -0.20636 -0.94513 -0.25325
vn -0.41036 -0.88085 -0.23602
vn -0.20636 -0.97848 0
vn -0.41036 -0.91192 0
vn -0.20636 -0.25325 0.94513
vn -0.41036 -0.23602 0.88085
vn -0.20636 0.69189 -0.69189
vn -0.41036 0.64483 -0.64483
vn 0.28003 0 0.95999
vn -0.20636 0 0.97848
vn 0.28003 0.24846 0.92728
vn -0.20636 0.25325 0.94513
vn -0.41036 0.23602 0.88085
vn -0.41036 0.45596 0.78975
vn 0.28003 -0.92728 -0.24846
vn 0.28003 -0.95999 0
vn -0.20636 0.48924 -0.84738
vn 0.28003 0.48 -0.83138
vn -0.41036 0.45596 -0.78975
vn -0.41036 -0.23602 -0.88085
vn -0.20636 0.97848 0
vn -0.41036 0.91192 0
vn -0.41036 0 0.91192
vn -0.20636 -0.94513 0.25325
vn -0.41036 -0.88085 0.23602
vn -0.20636 -0.84738 0.48924
vn -0.41036 -0.78975 0.45596
vn 0.28003 -0.92728 0.24846
vn 0.28003 -0.83138 0.48
vn 0.28003 -0.67882 0.67882
vn 0.54873 -0.724 -0.418
vn 0.28003 -0.83138 -0.48
vn 0.54873 -0.80752 -0.21637
vn 0.54873 -0.418 -0.724
vn 0.54873 -0.21637 -0.80752
vn -0.20636 -0.84738 -0.48924
vn 0.28003 0.95999 0
vn 0.28003 0.67882 -0.67882
vn 0.54873 0.21637 0.80752
vn 0.54873 0.418 0.724
vn -0.41036 -0.78975 -0.45596
vn -0.41036 0.64483 0.64483
vn 0.28003 -0.48 0.83138
vn 0.28003 -0.24846 0.92728
vn 0.28003 -0.67882 -0.67882
vn -0.41036 0.78975 0.45596
vn 0.54873 -0.59114 0.59114
vn 0.54873 -0.418 0.724
vn 0.54873 -0.80752 0.21637
vn 0.54873 -0.724 0.418
vn -0.41036 0.88085 0.23602
vn 0.54873 -0.59114 -0.59114
vn 0.54873 0 0.836
vn 0.54873 0.418 -0.724
vn 0.54873 0.59114 -0.59114
vn 0.54873 -0.836 0
vn 0.54873 0.836 0
vn 0.54873 0.80752 0.21637
vn 0.54873 0.21637 -0.80752
vn 0.54873 0 -0.836
vn 0.54873 0.724 -0.418
vn 0.54873 0.80752 -0.21637
vn 0.54873 0.724 0.418
vn 0.54873 0.59114 0.59114
vn 0.54873 -0.21637 0.80752
vn -0.33894 0.90875 0.2435
vn -0.33894 0.81476 0.4704
vn -0.33894 -0.2435 0.90875
vn -0.33894 0 0.94081
vn -0.33894 -0.81476 -0.4704
vn -0.33894 -0.90875 -0.2435
vn -0.33894 -0.2435 -0.90875
vn -0.33894 0 -0.94081
vn -0.33894 -0.94081 0
vn -0.33894 -0.90875 0.2435
vn -0.33894 0.4704 0.81476
vn -0.33894 0.66525 0.66525
vn -0.33894 0.2435 -0.90875
vn -0.33894 -0.66525 -0.66525
vn -0.33894 -0.4704 -0.81476
vn -0.33894 -0.66525 0.66525
vn -0.33894 -0.4704 0.81476
vn -0.33894 0.90875 -0.2435
vn -0.33894 0.94081 0
vn -0.33894 0.4704 -0.81476
vn -0.33894 0.66525 -0.66525
vn -0.33894 0.2435 0.90875
vn -0.33894 -0.81476 0.4704
vn -0.33894 0.81476 -0.4704
usemtl colormap
f 889/14/144 888/19/144 887/14/144
f 888/19/144 889/14/144 890/14/144
f 888/19/144 890/14/144 891/20/144
f 891/20/144 890/14/144 892/14/144
f 891/20/144 892/14/144 893/21/144
f 893/21/144 892/14/144 894/14/144
f 893/21/144 894/14/144 895/14/144
f 895/14/144 896/18/144 893/21/144
f 895/14/144 894/14/144 897/14/144
f 897/14/144 894/14/144 898/14/144
f 898/14/144 894/14/144 899/14/144
f 896/18/144 895/14/144 900/22/144
f 896/18/144 900/22/144 901/23/144
f 896/18/144 901/23/144 902/24/144
f 899/14/144 894/14/144 903/14/144
f 899/14/144 903/14/144 904/14/144
f 904/14/144 903/14/144 905/14/144
f 896/18/144 902/24/144 906/17/144
f 906/17/144 902/24/144 907/25/144
f 906/17/144 907/25/144 908/26/144
f 905/14/144 903/14/144 909/14/144
f 905/14/144 909/14/144 910/14/144
f 910/14/144 909/14/144 911/14/144
f 911/14/144 909/14/144 912/14/144
f 911/14/144 912/14/144 913/14/144
f 906/17/144 908/26/144 914/27/144
f 914/27/144 908/26/144 915/28/144
f 914/27/144 915/28/144 916/26/144
f 914/27/144 916/26/144 917/17/144
f 917/17/144 916/26/144 918/25/144
f 913/14/144 912/14/144 919/14/144
f 913/14/144 919/14/144 920/14/144
f 920/14/144 919/14/144 921/14/144
f 917/17/144 918/25/144 922/18/144
f 922/18/144 918/25/144 923/24/144
f 922/18/144 923/24/144 924/23/144
f 921/14/144 919/14/144 925/14/144
f 922/18/144 924/23/144 926/21/144
f 921/14/144 925/14/144 927/14/144
f 926/21/144 924/23/144 928/22/144
f 927/14/144 925/14/144 929/14/144
f 926/21/144 928/22/144 929/14/144
f 926/21/144 929/14/144 925/14/144
f 926/21/144 925/14/144 930/14/144
f 926/21/144 930/14/144 931/20/144
f 931/20/144 930/14/144 932/14/144
f 931/20/144 932/14/144 933/19/144
f 933/19/144 932/14/144 934/14/144
f 890/14/270 936/14/271 935/14/270
f 936/14/271 890/14/270 889/14/271
f 938/14/273 932/14/272 937/14/272
f 932/14/272 938/14/273 934/14/273
f 939/14/274 894/14/275 892/14/274
f 894/14/275 939/14/274 940/14/275
f 922/18/277 941/15/276 917/17/276
f 941/15/276 922/18/277 942/16/277
f 914/27/279 943/15/278 906/17/278
f 943/15/278 914/27/279 944/32/279
f 891/20/281 945/29/280 888/19/280
f 945/29/280 891/20/281 946/30/281
f 948/14/283 925/14/282 947/14/282
f 925/14/282 948/14/283 930/14/283
f 889/14/271 949/14/284 936/14/271
f 949/14/284 889/14/271 887/14/284
f 906/17/278 950/16/285 896/18/285
f 950/16/285 906/17/278 943/15/278
f 926/21/286 942/16/277 922/18/277
f 942/16/277 926/21/286 951/31/286
f 952/14/287 909/14/288 903/14/287
f 909/14/288 952/14/287 953/14/288
f 940/14/275 903/14/287 894/14/275
f 903/14/287 940/14/275 952/14/287
f 917/17/276 944/32/279 914/27/279
f 944/32/279 917/17/276 941/15/276
f 887/14/284 945/29/280 949/14/284
f 945/29/280 887/14/284 888/19/280
f 954/14/289 925/14/282 919/14/289
f 925/14/282 954/14/289 947/14/282
f 896/18/285 955/31/290 893/21/290
f 955/31/290 896/18/285 950/16/285
f 956/29/291 934/14/273 938/14/273
f 934/14/273 956/29/291 933/19/291
f 893/21/290 946/30/281 891/20/281
f 946/30/281 893/21/290 955/31/290
f 892/14/274 935/14/270 939/14/274
f 935/14/270 892/14/274 890/14/270
f 956/29/291 931/20/292 933/19/291
f 931/20/292 956/29/291 957/30/292
f 953/14/288 912/14/293 909/14/288
f 912/14/293 953/14/288 958/14/293
f 957/30/292 926/21/286 931/20/292
f 926/21/286 957/30/292 951/31/286
f 937/14/272 930/14/283 948/14/283
f 930/14/283 937/14/272 932/14/272
f 958/14/293 919/14/289 912/14/293
f 919/14/289 958/14/293 954/14/289
f 961/35/294 960/34/294 959/33/294
f 962/36/294 960/34/294 961/35/294
f 962/36/294 963/37/294 960/34/294
f 964/38/294 963/37/294 962/36/294
f 965/33/294 963/37/294 964/38/294
f 965/33/294 966/39/294 963/37/294
f 964/38/294 967/40/294 965/33/294
f 964/38/294 968/41/294 967/40/294
f 969/42/294 966/39/294 965/33/294
f 970/43/294 966/39/294 969/42/294
f 971/37/294 966/39/294 970/43/294
f 971/37/294 972/44/294 966/39/294
f 973/45/294 972/44/294 971/37/294
f 974/46/294 968/41/294 964/38/294
f 974/46/294 975/36/294 968/41/294
f 974/46/294 976/47/294 975/36/294
f 973/45/294 977/48/294 972/44/294
f 978/49/294 977/48/294 973/45/294
f 979/39/294 977/48/294 978/49/294
f 979/39/294 980/50/294 977/48/294
f 981/49/294 980/50/294 979/39/294
f 982/51/294 976/47/294 974/46/294
f 982/51/294 983/52/294 976/47/294
f 982/51/294 984/38/294 983/52/294
f 985/14/294 984/38/294 982/51/294
f 985/14/294 986/52/294 984/38/294
f 981/49/294 987/48/294 980/50/294
f 988/45/294 987/48/294 981/49/294
f 989/37/294 987/48/294 988/45/294
f 990/51/294 986/52/294 985/14/294
f 990/51/294 991/47/294 986/52/294
f 990/51/294 992/36/294 991/47/294
f 989/37/294 993/44/294 987/48/294
f 994/43/294 993/44/294 989/37/294
f 995/42/294 993/44/294 994/43/294
f 996/46/294 992/36/294 990/51/294
f 996/46/294 997/41/294 992/36/294
f 996/46/294 998/40/294 997/41/294
f 995/42/294 999/39/294 993/44/294
f 1000/38/294 998/40/294 996/46/294
f 1000/38/294 1001/33/294 998/40/294
f 999/39/294 995/42/294 1001/33/294
f 1000/38/294 999/39/294 1001/33/294
f 1002/36/294 999/39/294 1000/38/294
f 1002/36/294 1003/37/294 999/39/294
f 1004/35/294 1003/37/294 1002/36/294
f 1004/35/294 1005/34/294 1003/37/294
f 1005/34/294 1004/35/294 1006/33/294
f 1009/60/297 1008/53/296 1007/53/295
f 1008/53/296 1009/60/297 1010/58/298
f 1013/63/301 1012/57/300 1011/59/299
f 1012/57/300 1013/63/301 1014/56/302
f 1017/53/305 1016/53/304 1015/53/303
f 1016/53/304 1017/53/305 1018/53/306
f 1010/58/298 1019/53/307 1008/53/296
f 1019/53/307 1010/58/298 1020/58/308
f 1011/59/299 1022/57/310 1021/59/309
f 1022/57/310 1011/59/299 1012/57/300
f 1025/57/313 1024/59/312 1023/57/311
f 1024/59/312 1025/57/313 1026/59/314
f 1029/65/317 1028/62/316 1027/62/315
f 1028/62/316 1029/65/317 1030/65/318
f 1033/53/321 1032/53/320 1031/53/319
f 1032/53/320 1033/53/321 1034/53/322
f 1036/53/324 1035/53/323 1016/53/304
f 1035/53/323 1036/53/324 1037/53/325
f 1040/53/328 1039/53/327 1038/53/326
f 1039/53/327 1040/53/328 1041/53/329
f 1042/53/330 1034/53/322 1033/53/321
f 1034/53/322 1042/53/330 1043/53/331
f 1045/64/333 1011/59/299 1044/65/332
f 1011/59/299 1045/64/333 1013/63/301
f 1048/58/336 1047/53/335 1046/53/334
f 1047/53/335 1048/58/336 1049/58/337
f 1049/58/337 1051/61/339 1050/60/338
f 1051/61/339 1049/58/337 1028/62/316
f 1053/53/341 1038/53/326 1052/53/340
f 1038/53/326 1053/53/341 1040/53/328
f 1054/62/342 1020/58/308 1010/58/298
f 1020/58/308 1054/62/342 1055/62/343
f 1056/61/344 1010/58/298 1009/60/297
f 1010/58/298 1056/61/344 1054/62/342
f 1018/53/306 1036/53/324 1016/53/304
f 1036/53/324 1018/53/306 1057/53/345
f 1014/56/302 1058/55/346 1012/57/300
f 1058/55/346 1014/56/302 1059/54/347
f 1047/53/335 1043/53/331 1042/53/330
f 1043/53/331 1047/53/335 1060/53/348
f 1026/59/314 1029/65/317 1024/59/312
f 1029/65/317 1026/59/314 1030/65/318
f 1061/53/349 1041/53/329 1040/53/328
f 1041/53/329 1061/53/349 1062/53/350
f 1031/53/319 1064/53/352 1063/53/351
f 1064/53/352 1031/53/319 1032/53/320
f 1066/53/354 1061/53/349 1065/53/353
f 1061/53/349 1066/53/354 1063/53/351
f 1049/58/337 1060/53/348 1047/53/335
f 1060/53/348 1049/58/337 1050/60/338
f 1027/62/315 1049/58/337 1048/58/336
f 1049/58/337 1027/62/315 1028/62/316
f 1067/53/355 1063/53/351 1066/53/354
f 1063/53/351 1067/53/355 1031/53/319
f 1070/53/358 1069/53/357 1068/53/356
f 1069/53/357 1070/53/358 1052/53/340
f 1037/53/325 1071/53/359 1035/53/323
f 1071/53/359 1037/53/325 1072/53/360
f 1063/53/351 1062/53/350 1061/53/349
f 1062/53/350 1063/53/351 1064/53/352
f 1052/53/340 1073/53/361 1069/53/357
f 1073/53/361 1052/53/340 1038/53/326
f 1012/57/300 1074/55/362 1022/57/310
f 1074/55/362 1012/57/300 1058/55/346
f 1044/65/332 1055/62/343 1054/62/342
f 1055/62/343 1044/65/332 1075/65/363
f 1058/55/346 1023/57/311 1074/55/362
f 1023/57/311 1058/55/346 1025/57/313
f 1077/61/365 1048/58/336 1076/60/364
f 1048/58/336 1077/61/365 1027/62/315
f 1073/53/361 1017/53/305 1015/53/303
f 1017/53/305 1073/53/361 1078/53/366
f 1080/60/16 1072/53/16 1079/53/16
f 1072/53/16 1080/60/16 1071/53/16
f 1071/53/16 1080/60/16 1081/61/16
f 1071/53/16 1081/61/16 1082/64/16
f 1071/53/16 1082/64/16 1083/53/16
f 1083/53/16 1082/64/16 1084/63/16
f 1083/53/16 1084/63/16 1068/53/16
f 1068/53/16 1084/63/16 1085/56/16
f 1068/53/16 1085/56/16 1070/53/16
f 1070/53/16 1085/56/16 1086/54/16
f 1070/53/16 1086/54/16 1087/53/16
f 1087/53/16 1086/54/16 1088/56/16
f 1087/53/16 1088/56/16 1089/53/16
f 1089/53/16 1088/56/16 1090/63/16
f 1089/53/16 1090/63/16 1091/53/16
f 1091/53/16 1090/63/16 1092/64/16
f 1091/53/16 1092/64/16 1093/53/16
f 1093/53/16 1092/64/16 1077/61/16
f 1093/53/16 1077/61/16 1094/53/16
f 1094/53/16 1077/61/16 1076/60/16
f 1094/53/16 1076/60/16 1095/53/16
f 1095/53/16 1076/60/16 1096/53/16
f 1057/53/345 1008/53/296 1036/53/324
f 1008/53/296 1057/53/345 1007/53/295
f 1028/62/316 1097/64/367 1051/61/339
f 1097/64/367 1028/62/316 1030/65/318
f 1098/53/368 1031/53/319 1067/53/355
f 1031/53/319 1098/53/368 1033/53/321
f 1046/53/334 1042/53/330 1099/53/369
f 1042/53/330 1046/53/334 1047/53/335
f 1069/53/357 1015/53/303 1100/53/370
f 1015/53/303 1069/53/357 1073/53/361
f 1101/63/371 1030/65/318 1026/59/314
f 1030/65/318 1101/63/371 1097/64/367
f 1044/65/332 1021/59/309 1075/65/363
f 1021/59/309 1044/65/332 1011/59/299
f 1093/53/372 1098/53/368 1067/53/355
f 1098/53/368 1093/53/372 1094/53/373
f 1091/53/375 1065/53/353 1089/53/374
f 1065/53/353 1091/53/375 1066/53/354
f 1038/53/326 1078/53/366 1073/53/361
f 1078/53/366 1038/53/326 1039/53/327
f 1065/53/353 1040/53/328 1053/53/341
f 1040/53/328 1065/53/353 1061/53/349
f 1059/54/347 1025/57/313 1058/55/346
f 1025/57/313 1059/54/347 1102/56/376
f 1099/53/369 1033/53/321 1098/53/368
f 1033/53/321 1099/53/369 1042/53/330
f 1045/64/333 1054/62/342 1056/61/344
f 1054/62/342 1045/64/333 1044/65/332
f 1016/53/304 1100/53/370 1015/53/303
f 1100/53/370 1016/53/304 1035/53/323
f 1068/53/356 1100/53/370 1083/53/377
f 1100/53/370 1068/53/356 1069/53/357
f 1093/53/372 1066/53/354 1091/53/375
f 1066/53/354 1093/53/372 1067/53/355
f 1008/53/296 1037/53/325 1036/53/324
f 1037/53/325 1008/53/296 1019/53/307
f 1076/60/364 1046/53/334 1096/53/378
f 1046/53/334 1076/60/364 1048/58/336
f 1055/62/343 1082/64/380 1081/61/379
f 1082/64/380 1055/62/343 1075/65/363
f 1089/53/374 1053/53/341 1087/53/381
f 1053/53/341 1089/53/374 1065/53/353
f 1074/55/362 1088/56/383 1086/54/382
f 1088/56/383 1074/55/362 1023/57/311
f 1020/58/308 1081/61/379 1080/60/384
f 1081/61/379 1020/58/308 1055/62/343
f 1035/53/323 1083/53/377 1100/53/370
f 1083/53/377 1035/53/323 1071/53/359
f 1020/58/308 1079/53/385 1019/53/307
f 1079/53/385 1020/58/308 1080/60/384
f 1021/59/309 1085/56/387 1084/63/386
f 1085/56/387 1021/59/309 1022/57/310
f 1075/65/363 1084/63/386 1082/64/380
f 1084/63/386 1075/65/363 1021/59/309
f 1024/59/312 1092/64/389 1090/63/388
f 1092/64/389 1024/59/312 1029/65/317
f 1019/53/307 1072/53/360 1037/53/325
f 1072/53/360 1019/53/307 1079/53/385
f 1087/53/381 1052/53/340 1070/53/358
f 1052/53/340 1087/53/381 1053/53/341
f 1095/53/390 1046/53/334 1099/53/369
f 1046/53/334 1095/53/390 1096/53/378
f 1092/64/389 1027/62/315 1077/61/365
f 1027/62/315 1092/64/389 1029/65/317
f 1094/53/373 1099/53/369 1098/53/368
f 1099/53/369 1094/53/373 1095/53/390
f 1022/57/310 1086/54/382 1085/56/387
f 1086/54/382 1022/57/310 1074/55/362
f 1023/57/311 1090/63/388 1088/56/383
f 1090/63/388 1023/57/311 1024/59/312
f 1102/56/376 1026/59/314 1025/57/313
f 1026/59/314 1102/56/376 1101/63/371
f 1057/53/144 1009/60/144 1007/53/144
f 1009/60/144 1057/53/144 1018/53/144
f 1009/60/144 1018/53/144 1056/61/144
f 1056/61/144 1018/53/144 1017/53/144
f 1056/61/144 1017/53/144 1103/53/144
f 1103/53/144 1045/64/144 1056/61/144
f 1103/53/144 1017/53/144 1104/53/144
f 1045/64/144 1103/53/144 1105/66/144
f 1104/53/144 1017/53/144 1106/53/144
f 1045/64/144 1105/66/144 1107/67/144
f 1106/53/144 1017/53/144 1078/53/144
f 1106/53/144 1078/53/144 1108/53/144
f 1108/53/144 1078/53/144 1109/53/144
f 1109/53/144 1078/53/144 1039/53/144
f 1109/53/144 1039/53/144 1110/53/144
f 1110/53/144 1039/53/144 1041/53/144
f 1110/53/144 1041/53/144 1111/53/144
f 1045/64/144 1107/67/144 1013/63/144
f 1013/63/144 1107/67/144 1112/68/144
f 1013/63/144 1112/68/144 1113/69/144
f 1013/63/144 1113/69/144 1014/56/144
f 1014/56/144 1113/69/144 1114/70/144
f 1111/53/144 1041/53/144 1062/53/144
f 1111/53/144 1062/53/144 1115/53/144
f 1115/53/144 1062/53/144 1116/53/144
f 1116/53/144 1062/53/144 1064/53/144
f 1116/53/144 1064/53/144 1117/53/144
f 1014/56/144 1114/70/144 1059/54/144
f 1059/54/144 1114/70/144 1118/71/144
f 1059/54/144 1118/71/144 1119/70/144
f 1059/54/144 1119/70/144 1102/56/144
f 1102/56/144 1119/70/144 1120/69/144
f 1102/56/144 1120/69/144 1101/63/144
f 1101/63/144 1120/69/144 1121/68/144
f 1117/53/144 1064/53/144 1032/53/144
f 1117/53/144 1032/53/144 1122/53/144
f 1122/53/144 1032/53/144 1123/53/144
f 1101/63/144 1121/68/144 1097/64/144
f 1097/64/144 1121/68/144 1124/67/144
f 1097/64/144 1124/67/144 1125/66/144
f 1123/53/144 1032/53/144 1034/53/144
f 1097/64/144 1125/66/144 1051/61/144
f 1123/53/144 1034/53/144 1126/53/144
f 1051/61/144 1125/66/144 1126/53/144
f 1051/61/144 1126/53/144 1034/53/144
f 1051/61/144 1034/53/144 1043/53/144
f 1051/61/144 1043/53/144 1050/60/144
f 1050/60/144 1043/53/144 1060/53/144
f 1127/9/391 918/13/392 916/11/391
f 918/13/392 1127/9/391 1128/8/392
f 929/1/394 1129/1/393 927/1/393
f 1129/1/393 929/1/394 1130/1/394
f 905/1/396 1131/1/395 904/1/395
f 1131/1/395 905/1/396 1132/1/396
f 1133/1/397 895/1/398 897/1/397
f 895/1/398 1133/1/397 1134/1/398
f 911/1/400 1135/1/399 910/1/399
f 1135/1/399 911/1/400 1136/1/400
f 1133/1/144 1137/2/144 1134/1/144
f 1137/2/144 1133/1/144 1138/1/144
f 1137/2/144 1138/1/144 1139/3/144
f 1139/3/144 1138/1/144 1140/1/144
f 1139/3/144 1140/1/144 1141/6/144
f 1141/6/144 1140/1/144 1131/1/144
f 1141/6/144 1131/1/144 1142/8/144
f 1142/8/144 1131/1/144 1143/9/144
f 1143/9/144 1131/1/144 1132/1/144
f 1143/9/144 1132/1/144 1144/10/144
f 1144/10/144 1132/1/144 1135/1/144
f 1144/10/144 1135/1/144 1136/1/144
f 1144/10/144 1136/1/144 1127/9/144
f 1127/9/144 1136/1/144 1145/1/144
f 1127/9/144 1145/1/144 1128/8/144
f 1128/8/144 1145/1/144 1146/1/144
f 1128/8/144 1146/1/144 1147/6/144
f 1147/6/144 1146/1/144 1148/1/144
f 1147/6/144 1148/1/144 1149/3/144
f 1149/3/144 1148/1/144 1150/2/144
f 1150/2/144 1148/1/144 1129/1/144
f 1150/2/144 1129/1/144 1130/1/144
f 924/5/401 1147/6/402 1149/3/401
f 1147/6/402 924/5/401 923/7/402
f 1137/2/403 895/1/398 1134/1/398
f 895/1/398 1137/2/403 900/4/403
f 1140/1/404 898/1/405 899/1/404
f 898/1/405 1140/1/404 1138/1/405
f 921/1/407 1146/1/406 920/1/406
f 1146/1/406 921/1/407 1148/1/407
f 904/1/395 1140/1/404 899/1/404
f 1140/1/404 904/1/395 1131/1/395
f 1143/9/408 915/12/409 908/11/408
f 915/12/409 1143/9/408 1144/10/409
f 1141/6/411 901/5/410 1139/3/410
f 901/5/410 1141/6/411 902/7/411
f 1139/3/410 900/4/403 1137/2/403
f 900/4/403 1139/3/410 901/5/410
f 928/4/412 1149/3/401 1150/2/412
f 1149/3/401 928/4/412 924/5/401
f 1144/10/409 916/11/391 915/12/409
f 916/11/391 1144/10/409 1127/9/391
f 920/1/406 1145/1/413 913/1/413
f 1145/1/413 920/1/406 1146/1/406
f 1141/6/411 907/13/414 902/7/411
f 907/13/414 1141/6/411 1142/8/414
f 927/1/393 1148/1/407 921/1/407
f 1148/1/407 927/1/393 1129/1/393
f 913/1/413 1136/1/400 911/1/400
f 1136/1/400 913/1/413 1145/1/413
f 1128/8/392 923/7/402 918/13/392
f 923/7/402 1128/8/392 1147/6/402
f 910/1/399 1132/1/396 905/1/396
f 1132/1/396 910/1/399 1135/1/399
f 1142/8/414 908/11/408 907/13/414
f 908/11/408 1142/8/414 1143/9/408
f 1138/1/405 897/1/397 898/1/405
f 897/1/397 1138/1/405 1133/1/397
f 929/1/394 1150/2/412 1130/1/394
f 1150/2/412 929/1/394 928/4/412
g wheel-front-left
v 0.66198 0.36424 0.38688
v 0.57222 0.3405 0.39325
v 0.66198 0.36759 0.41233
v 0.57222 0.34301 0.41233
v 0.57222 0.28836 0.48355
v 0.66198 0.29472 0.50729
v 0.57222 0.30615 0.47618
v 0.66198 0.31844 0.49747
v 0.66198 0.17097 0.41233
v 0.66198 0.17432 0.43777
v 0.57222 0.19555 0.41233
v 0.57222 0.19806 0.43141
v 0.57222 0.30615 0.34847
v 0.57222 0.32142 0.36019
v 0.66198 0.31844 0.32719
v 0.66198 0.3388 0.34281
v 0.66198 0.19976 0.48184
v 0.66198 0.22012 0.49747
v 0.57222 0.21714 0.46447
v 0.57222 0.23241 0.47618
v 0.66198 0.3388 0.48184
v 0.66198 0.35442 0.46148
v 0.57222 0.32142 0.46447
v 0.57222 0.33313 0.4492
v 0.66198 0.17432 0.38688
v 0.57222 0.19806 0.39325
v 0.57222 0.26928 0.48606
v 0.66198 0.26928 0.51064
v 0.66198 0.24384 0.50729
v 0.57222 0.2502 0.48355
v 0.66198 0.19976 0.34281
v 0.66198 0.18414 0.36317
v 0.57222 0.21714 0.36019
v 0.57222 0.20543 0.37546
v 0.66198 0.35442 0.36317
v 0.57222 0.33313 0.37546
v 0.66198 0.36424 0.43777
v 0.57222 0.3405 0.43141
v 0.66198 0.24384 0.31737
v 0.57222 0.2502 0.34111
v 0.66198 0.26928 0.31402
v 0.57222 0.26928 0.3386
v 0.66198 0.22012 0.32719
v 0.57222 0.23241 0.34847
v 0.57222 0.28836 0.34111
v 0.66198 0.29472 0.31737
v 0.57222 0.20543 0.4492
v 0.66198 0.18414 0.46148
v 0.66198 0.26928 0.56033
v 0.66198 0.23098 0.55528
v 0.66198 0.30758 0.55528
v 0.66198 0.34328 0.5405
v 0.66198 0.19528 0.5405
v 0.66198 0.37393 0.51698
v 0.66198 0.16463 0.51698
v 0.66198 0.26928 0.51064
v 0.66198 0.29472 0.50729
v 0.66198 0.24384 0.50729
v 0.66198 0.39745 0.48633
v 0.66198 0.31844 0.49747
v 0.66198 0.3388 0.48184
v 0.66198 0.14111 0.48633
v 0.66198 0.22012 0.49747
v 0.66198 0.19976 0.48184
v 0.66198 0.41223 0.45063
v 0.66198 0.35442 0.46148
v 0.66198 0.36424 0.43777
v 0.66198 0.41728 0.41233
v 0.66198 0.36759 0.41233
v 0.66198 0.12633 0.45063
v 0.66198 0.18414 0.46148
v 0.66198 0.17432 0.43777
v 0.66198 0.41223 0.37402
v 0.66198 0.36424 0.38688
v 0.66198 0.35442 0.36317
v 0.66198 0.12128 0.41233
v 0.66198 0.17097 0.41233
v 0.66198 0.17432 0.38688
v 0.66198 0.12633 0.37402
v 0.66198 0.18414 0.36317
v 0.66198 0.39745 0.33833
v 0.66198 0.3388 0.34281
v 0.66198 0.31844 0.32719
v 0.66198 0.14111 0.33833
v 0.66198 0.19976 0.34281
v 0.66198 0.22012 0.32719
v 0.66198 0.37393 0.30768
v 0.66198 0.16463 0.30768
v 0.66198 0.29472 0.31737
v 0.66198 0.24384 0.31737
v 0.66198 0.26928 0.31402
v 0.66198 0.34328 0.28416
v 0.66198 0.19528 0.28416
v 0.66198 0.30758 0.26938
v 0.66198 0.23098 0.26938
v 0.66198 0.26928 0.26433
v 0.57222 0.0091755 0.34263
v 0.57222 0.036077 0.27769
v 0.51464 0.0091755 0.34263
v 0.51464 0.036077 0.27769
v 0.57222 0.26928 0.68161
v 0.51464 0.26928 0.68161
v 0.57222 0.33897 0.67243
v 0.51464 0.33897 0.67243
v 0.41464 0.26928 0.18479
v 0.41464 0.32817 0.19254
v 0.41464 0.21039 0.19254
v 0.41464 0.15551 0.21527
v 0.41464 0.38305 0.21527
v 0.41464 0.10838 0.25143
v 0.41464 0.43018 0.25143
v 0.41464 0.072223 0.29856
v 0.41464 0.46634 0.29856
v 0.41464 0.049492 0.35344
v 0.41464 0.48907 0.35344
v 0.41464 0.041738 0.41233
v 0.41464 0.49682 0.41233
v 0.41464 0.049492 0.47122
v 0.41464 0.48907 0.47122
v 0.41464 0.072223 0.5261
v 0.41464 0.46634 0.5261
v 0.41464 0.10838 0.57323
v 0.41464 0.43018 0.57323
v 0.41464 0.15551 0.60939
v 0.41464 0.38305 0.60939
v 0.41464 0.21039 0.63212
v 0.41464 0.32817 0.63212
v 0.41464 0.26928 0.63987
v 0.66198 0.040392 0.41233
v 0.66198 0.048191 0.35309
v 0.57222 0 0.41233
v 0.51464 0.53856 0.41233
v 0.51464 0.52938 0.34263
v 0.51464 0.07887 0.60274
v 0.51464 0.13464 0.64553
v 0.51464 0.07887 0.22192
v 0.51464 0.45969 0.60274
v 0.51464 0.50248 0.54697
v 0.51464 0.19959 0.67243
v 0.51464 0.33897 0.15222
v 0.51464 0.40392 0.17913
v 0.66198 0.32852 0.19124
v 0.66198 0.38372 0.21411
v 0.57222 0.33897 0.15222
v 0.57222 0.40392 0.17913
v 0.51464 0.036077 0.54697
v 0.51464 0.0091755 0.48202
v 0.57222 0.07887 0.22192
v 0.51464 0.13464 0.17913
v 0.57222 0.13464 0.17913
v 0.57222 0.13464 0.64553
v 0.57222 0.19959 0.67243
v 0.66198 0.15484 0.61055
v 0.66198 0.21004 0.63342
v 0.51464 0.50248 0.27769
v 0.51464 0.45969 0.22192
v 0.51464 0 0.41233
v 0.51464 0.19959 0.15222
v 0.51464 0.26928 0.14305
v 0.66198 0.49817 0.41233
v 0.57222 0.53856 0.41233
v 0.66198 0.49037 0.35309
v 0.57222 0.52938 0.34263
v 0.66198 0.43113 0.25048
v 0.57222 0.45969 0.22192
v 0.66198 0.15484 0.21411
v 0.57222 0.19959 0.15222
v 0.66198 0.21004 0.19124
v 0.51464 0.52938 0.48202
v 0.51464 0.40392 0.64553
v 0.57222 0.50248 0.27769
v 0.57222 0.26928 0.14305
v 0.66198 0.26928 0.18344
v 0.57222 0.40392 0.64553
v 0.57222 0.45969 0.60274
v 0.66198 0.26928 0.64122
v 0.57222 0.0091755 0.48202
v 0.66198 0.10743 0.57418
v 0.66198 0.071057 0.52677
v 0.57222 0.07887 0.60274
v 0.57222 0.036077 0.54697
v 0.66198 0.048191 0.47157
v 0.66198 0.43113 0.57418
v 0.66198 0.4675 0.52677
v 0.57222 0.50248 0.54697
v 0.66198 0.32852 0.63342
v 0.66198 0.38372 0.61055
v 0.66198 0.4675 0.29789
v 0.66198 0.10743 0.25048
v 0.66198 0.49037 0.47157
v 0.57222 0.52938 0.48202
v 0.66198 0.071057 0.29789
v 0.66198 0.26928 0.26433
v 0.66198 0.30758 0.26938
v 0.66198 0.23098 0.26938
v 0.66198 0.34328 0.28416
v 0.66198 0.37393 0.30768
v 0.66198 0.19528 0.28416
v 0.66198 0.16463 0.30768
v 0.66198 0.39745 0.33833
v 0.66198 0.41223 0.37402
v 0.66198 0.41728 0.41233
v 0.66198 0.14111 0.33833
v 0.66198 0.12633 0.37402
v 0.66198 0.41223 0.45063
v 0.66198 0.39745 0.48633
v 0.66198 0.12128 0.41233
v 0.66198 0.12633 0.45063
v 0.66198 0.14111 0.48633
v 0.66198 0.37393 0.51698
v 0.66198 0.34328 0.5405
v 0.66198 0.16463 0.51698
v 0.66198 0.19528 0.5405
v 0.66198 0.30758 0.55528
v 0.66198 0.23098 0.55528
v 0.66198 0.26928 0.56033
vn 0.26409 -0.93163 0.24963
vn 0.26409 -0.9645 0
vn 0.26409 -0.24963 -0.93163
vn 0.26409 -0.48225 -0.83528
vn 0.26409 0.9645 0
vn 0.26409 0.93163 -0.24963
vn 0.26409 -0.48225 0.83528
vn 0.26409 -0.682 0.682
vn 0.26409 0.682 -0.682
vn 0.26409 0.48225 -0.83528
vn 0.26409 -0.682 -0.682
vn 0.26409 -0.83528 -0.48225
vn 0.26409 0.93163 0.24963
vn 0.26409 0 -0.9645
vn 0.26409 0.24963 -0.93163
vn 0.26409 0.682 0.682
vn 0.26409 0.83528 0.48225
vn 0.26409 -0.83528 0.48225
vn 0.26409 -0.93163 -0.24963
vn 0.26409 0.24963 0.93163
vn 0.26409 0 0.9645
vn 0.26409 0.48225 0.83528
vn 0.26409 -0.24963 0.93163
vn 0.26409 0.83528 -0.48225
vn 1 0 -7.2165e-16
vn 0.20636 -0.84738 -0.48924
vn -0.19334 -0.9477 -0.25394
vn -0.19334 -0.84968 -0.49057
vn 0.20636 0 0.97848
vn -0.19334 0 0.98113
vn 0.20636 0.25325 0.94513
vn -0.19334 0.25394 0.9477
vn 0.41036 -0.88085 -0.23602
vn -0.19334 0.98113 0
vn -0.38518 0.92284 0
vn -0.19334 0.9477 -0.25394
vn -0.38518 0.8914 -0.23885
vn -0.19334 -0.69376 0.69376
vn -0.38518 -0.65255 0.65255
vn -0.19334 -0.49057 0.84968
vn -0.38518 -0.46142 0.7992
vn -0.19334 -0.69376 -0.69376
vn -0.38518 -0.7992 -0.46142
vn -0.38518 -0.65255 -0.65255
vn -0.19334 0.69376 0.69376
vn -0.38518 0.65255 0.65255
vn -0.19334 0.84968 0.49057
vn -0.38518 0.7992 0.46142
vn -0.19334 -0.25394 0.9477
vn -0.38518 -0.23885 0.8914
vn -0.38518 0.23885 -0.8914
vn -0.19334 0.25394 -0.9477
vn -0.38518 0.46142 -0.7992
vn -0.19334 0.49057 -0.84968
vn 0.20636 0.25325 -0.94513
vn 0.20636 0.48924 -0.84738
vn -0.19334 -0.84968 0.49057
vn -0.19334 -0.9477 0.25394
vn -0.38518 -0.7992 0.46142
vn -0.38518 -0.8914 0.23885
vn 0.20636 -0.69189 -0.69189
vn -0.19334 -0.49057 -0.84968
vn 0.20636 -0.48924 -0.84738
vn 0.20636 -0.48924 0.84738
vn 0.20636 -0.25325 0.94513
vn -0.19334 0.84968 -0.49057
vn -0.38518 0.7992 -0.46142
vn -0.19334 0.69376 -0.69376
vn -0.38518 0.65255 -0.65255
vn -0.19334 -0.98113 0
vn -0.38518 -0.92284 0
vn -0.38518 -0.8914 -0.23885
vn -0.19334 -0.25394 -0.9477
vn -0.19334 0 -0.98113
vn -0.38518 -0.23885 -0.8914
vn -0.38518 0 -0.92284
vn -0.38518 -0.46142 -0.7992
vn 0.41036 0.88085 -0.23602
vn -0.38518 0 0.92284
vn -0.38518 0.23885 0.8914
vn 0.20636 0.69189 -0.69189
vn 0.20636 -0.25325 -0.94513
vn -0.19334 0.9477 0.25394
vn -0.38518 0.8914 0.23885
vn -0.38518 0.46142 0.7992
vn -0.19334 0.49057 0.84968
vn 0.20636 0.84738 -0.48924
vn 0.20636 0 -0.97848
vn 0.20636 0.48924 0.84738
vn 0.20636 0.69189 0.69189
vn 0.20636 -0.94513 0.25325
vn 0.20636 -0.69189 0.69189
vn 0.20636 -0.84738 0.48924
vn 0.20636 0.84738 0.48924
vn 0.20636 0.94513 0.25325
vt 0.59375 0.59553
vt 0.59375 0.5779
vt 0.59375 0.59802
vt 0.59375 0.57976
vt 0.59375 0.53917
vt 0.59375 0.5439
vt 0.59375 0.55238
vt 0.59375 0.56151
vt 0.59375 0.56372
vt 0.59375 0.57663
vt 0.59375 0.58823
vt 0.59375 0.57243
vt 0.59375 0.64219
vt 0.59375 0.60781
vt 0.59375 0.7116
vt 0.59375 0.65821
vt 0.59375 0.67197
vt 0.59375 0.59179
vt 0.59375 0.57803
vt 0.59375 0.72159
vt 0.59375 0.68253
vt 0.59375 0.68916
vt 0.59375 0.69143
vt 0.59375 0.56747
vt 0.59375 0.56084
vt 0.59375 0.55857
vt 0.34375 0.31874
vt 0.34375 0.3595
vt 0.34375 0.3945
vt 0.34375 0.42136
vt 0.34375 0.43824
vt 0.34375 0.444
vt 0.34375 0.43921
vt 0.34375 0.42222
vt 0.34375 0.30345
vt 0.34375 0.32996
vt 0.34375 0.35273
vt 0.34375 0.37019
vt 0.34375 0.38117
vt 0.34375 0.38492
usemtl colormap
f 1153/159/416 1152/158/415 1151/157/415
f 1152/158/415 1153/159/416 1154/160/416
f 1157/163/418 1156/162/417 1155/161/417
f 1156/162/417 1157/163/418 1158/164/418
f 1161/14/419 1160/14/420 1159/14/419
f 1160/14/420 1161/14/419 1162/14/420
f 1165/164/421 1164/165/422 1163/163/421
f 1164/165/422 1165/164/421 1166/166/422
f 1169/14/423 1168/14/424 1167/14/423
f 1168/14/424 1169/14/423 1170/14/424
f 1173/165/425 1172/167/426 1171/166/425
f 1172/167/426 1173/165/425 1174/168/426
f 1176/14/427 1159/14/419 1175/14/427
f 1159/14/419 1176/14/427 1161/14/419
f 1155/161/417 1178/14/428 1177/14/428
f 1178/14/428 1155/161/417 1156/162/417
f 1173/165/425 1158/164/418 1157/163/418
f 1158/164/418 1173/165/425 1171/166/425
f 1180/14/429 1178/14/428 1179/14/429
f 1178/14/428 1180/14/429 1177/14/428
f 1183/14/430 1182/14/431 1181/14/430
f 1182/14/431 1183/14/430 1184/14/431
f 1152/158/415 1185/167/432 1151/157/415
f 1185/167/432 1152/158/415 1186/168/432
f 1174/168/426 1187/157/433 1172/167/426
f 1187/157/433 1174/168/426 1188/158/433
f 1188/158/433 1153/159/416 1187/157/433
f 1153/159/416 1188/158/433 1154/160/416
f 1191/14/435 1190/14/434 1189/14/434
f 1190/14/434 1191/14/435 1192/14/435
f 1186/168/432 1166/166/422 1185/167/432
f 1166/166/422 1186/168/432 1164/165/422
f 1193/14/436 1183/14/430 1181/14/430
f 1183/14/430 1193/14/436 1194/14/436
f 1182/14/431 1176/14/427 1175/14/427
f 1176/14/427 1182/14/431 1184/14/431
f 1196/162/437 1163/163/421 1195/161/437
f 1163/163/421 1196/162/437 1165/164/421
f 1189/14/434 1194/14/436 1193/14/436
f 1194/14/436 1189/14/434 1190/14/434
f 1170/14/424 1179/14/429 1168/14/424
f 1179/14/429 1170/14/424 1180/14/429
f 1191/14/435 1195/161/437 1192/14/435
f 1195/161/437 1191/14/435 1196/162/437
f 1195/161/16 1190/14/16 1192/14/16
f 1190/14/16 1195/161/16 1163/163/16
f 1190/14/16 1163/163/16 1194/14/16
f 1194/14/16 1163/163/16 1164/165/16
f 1194/14/16 1164/165/16 1183/14/16
f 1183/14/16 1164/165/16 1186/168/16
f 1183/14/16 1186/168/16 1184/14/16
f 1184/14/16 1186/168/16 1152/158/16
f 1184/14/16 1152/158/16 1176/14/16
f 1176/14/16 1152/158/16 1154/160/16
f 1176/14/16 1154/160/16 1161/14/16
f 1161/14/16 1154/160/16 1188/158/16
f 1161/14/16 1188/158/16 1162/14/16
f 1162/14/16 1188/158/16 1174/168/16
f 1162/14/16 1174/168/16 1197/14/16
f 1197/14/16 1174/168/16 1173/165/16
f 1197/14/16 1173/165/16 1169/14/16
f 1169/14/16 1173/165/16 1157/163/16
f 1169/14/16 1157/163/16 1170/14/16
f 1170/14/16 1157/163/16 1155/161/16
f 1170/14/16 1155/161/16 1180/14/16
f 1180/14/16 1155/161/16 1177/14/16
f 1160/14/420 1197/14/438 1198/14/438
f 1197/14/438 1160/14/420 1162/14/420
f 1197/14/438 1167/14/423 1198/14/438
f 1167/14/423 1197/14/438 1169/14/423
f 1246/33/439 1244/34/439 1245/35/439
f 1245/35/439 1244/34/439 1243/36/439
f 1244/34/439 1242/37/439 1243/36/439
f 1243/36/439 1242/37/439 1238/38/439
f 1242/37/439 1237/39/439 1238/38/439
f 1237/39/439 1241/33/439 1238/38/439
f 1241/33/439 1240/170/439 1238/38/439
f 1241/33/439 1237/39/439 1239/169/439
f 1240/170/439 1236/174/439 1238/38/439
f 1239/169/439 1237/39/439 1233/172/439
f 1238/38/439 1236/174/439 1234/46/439
f 1237/39/439 1231/171/439 1233/172/439
f 1236/174/439 1235/175/439 1234/46/439
f 1235/175/439 1230/180/439 1234/46/439
f 1234/46/439 1230/180/439 1229/51/439
f 1233/172/439 1231/171/439 1232/173/439
f 1232/173/439 1231/171/439 1225/177/439
f 1231/171/439 1223/176/439 1225/177/439
f 1230/180/439 1228/181/439 1229/51/439
f 1229/51/439 1228/181/439 1226/14/439
f 1228/181/439 1227/182/439 1226/14/439
f 1227/182/439 1222/181/439 1226/14/439
f 1226/14/439 1222/181/439 1220/51/439
f 1225/177/439 1223/176/439 1224/178/439
f 1224/178/439 1223/176/439 1219/179/439
f 1223/176/439 1218/50/439 1219/179/439
f 1222/181/439 1221/180/439 1220/51/439
f 1221/180/439 1214/175/439 1220/51/439
f 1220/51/439 1214/175/439 1212/46/439
f 1219/179/439 1218/50/439 1217/178/439
f 1218/50/439 1215/176/439 1217/178/439
f 1217/178/439 1215/176/439 1216/177/439
f 1216/177/439 1215/176/439 1211/173/439
f 1215/176/439 1209/171/439 1211/173/439
f 1214/175/439 1213/174/439 1212/46/439
f 1213/174/439 1208/170/439 1212/46/439
f 1212/46/439 1208/170/439 1205/38/439
f 1211/173/439 1209/171/439 1210/172/439
f 1210/172/439 1209/171/439 1207/169/439
f 1209/171/439 1204/39/439 1207/169/439
f 1208/170/439 1206/33/439 1205/38/439
f 1206/33/439 1207/169/439 1204/39/439
f 1206/33/439 1204/39/439 1205/38/439
f 1205/38/439 1204/39/439 1203/36/439
f 1204/39/439 1202/37/439 1203/36/439
f 1203/36/439 1202/37/439 1200/35/439
f 1202/37/439 1201/34/439 1200/35/439
f 1199/33/439 1200/35/439 1201/34/439
f 1249/53/441 1248/53/440 1247/53/54
f 1248/53/440 1249/53/441 1250/53/442
f 1253/58/445 1252/53/444 1251/53/443
f 1252/53/444 1253/58/445 1254/58/446
f 1257/53/144 1256/183/144 1255/53/144
f 1256/183/144 1257/53/144 1258/53/144
f 1256/183/144 1258/53/144 1259/184/144
f 1259/184/144 1258/53/144 1260/53/144
f 1259/184/144 1260/53/144 1261/185/144
f 1261/185/144 1260/53/144 1262/53/144
f 1261/185/144 1262/53/144 1263/186/144
f 1263/186/144 1262/53/144 1264/53/144
f 1263/186/144 1264/53/144 1265/187/144
f 1265/187/144 1264/53/144 1266/53/144
f 1265/187/144 1266/53/144 1267/188/144
f 1267/188/144 1266/53/144 1268/53/144
f 1267/188/144 1268/53/144 1269/187/144
f 1269/187/144 1268/53/144 1270/53/144
f 1269/187/144 1270/53/144 1271/186/144
f 1271/186/144 1270/53/144 1272/53/144
f 1271/186/144 1272/53/144 1273/185/144
f 1273/185/144 1272/53/144 1274/53/144
f 1273/185/144 1274/53/144 1275/184/144
f 1275/184/144 1274/53/144 1276/53/144
f 1275/184/144 1276/53/144 1277/183/144
f 1277/183/144 1276/53/144 1278/53/144
f 1281/53/53 1280/53/447 1279/53/51
f 1280/53/447 1281/53/53 1247/53/54
f 1283/57/450 1267/188/449 1282/55/448
f 1267/188/449 1283/57/450 1265/187/451
f 1285/53/454 1272/53/453 1284/53/452
f 1272/53/453 1285/53/454 1274/53/455
f 1262/53/457 1286/53/456 1250/53/442
f 1286/53/456 1262/53/457 1260/53/458
f 1288/59/461 1273/185/460 1287/65/459
f 1273/185/460 1288/59/461 1271/186/462
f 1289/53/463 1274/53/455 1285/53/454
f 1274/53/455 1289/53/463 1276/53/464
f 1259/184/467 1290/58/466 1256/183/465
f 1290/58/466 1259/184/467 1291/62/468
f 1294/58/469 1293/61/85 1292/60/84
f 1293/61/85 1294/58/469 1295/62/470
f 1270/53/473 1297/53/472 1296/53/471
f 1297/53/472 1270/53/473 1268/53/474
f 1299/53/476 1298/53/475 1286/53/456
f 1298/53/475 1299/53/476 1300/53/477
f 1303/53/80 1302/53/479 1301/53/478
f 1302/53/479 1303/53/80 1304/53/81
f 1306/65/482 1263/186/481 1305/59/480
f 1263/186/481 1306/65/482 1261/185/483
f 1266/53/485 1249/53/441 1307/53/484
f 1249/53/441 1266/53/485 1264/53/486
f 1268/53/474 1307/53/484 1297/53/472
f 1307/53/484 1268/53/474 1266/53/485
f 1257/53/489 1309/53/488 1308/53/487
f 1309/53/488 1257/53/489 1255/53/490
f 1261/185/483 1291/62/468 1259/184/467
f 1291/62/468 1261/185/483 1306/65/482
f 1258/53/491 1308/53/487 1299/53/476
f 1308/53/487 1258/53/491 1257/53/489
f 1312/189/492 1311/55/56 1310/54/55
f 1311/55/56 1312/189/492 1313/57/58
f 1256/183/465 1309/53/488 1255/53/490
f 1309/53/488 1256/183/465 1290/58/466
f 1254/58/446 1278/53/493 1252/53/444
f 1278/53/493 1254/58/446 1277/183/494
f 1295/62/470 1314/64/145 1293/61/85
f 1314/64/145 1295/62/470 1315/65/495
f 1260/53/458 1299/53/476 1286/53/456
f 1299/53/476 1260/53/458 1258/53/491
f 1317/53/496 1316/53/95 1300/53/477
f 1316/53/95 1317/53/496 1318/53/108
f 1282/55/448 1269/187/498 1319/57/497
f 1269/187/498 1282/55/448 1267/188/449
f 1319/57/497 1271/186/462 1288/59/461
f 1271/186/462 1319/57/497 1269/187/498
f 1320/62/500 1273/185/460 1275/184/499
f 1273/185/460 1320/62/500 1287/65/459
f 1305/59/480 1265/187/451 1283/57/450
f 1265/187/451 1305/59/480 1263/186/481
f 1321/59/501 1283/57/450 1313/57/58
f 1283/57/450 1321/59/501 1305/59/480
f 1322/53/502 1318/53/108 1317/53/496
f 1318/53/108 1322/53/502 1323/53/100
f 1325/65/504 1320/62/500 1324/62/503
f 1320/62/500 1325/65/504 1287/65/459
f 1304/53/81 1251/53/443 1302/53/479
f 1251/53/443 1304/53/81 1326/53/146
f 1297/53/472 1281/53/53 1327/53/505
f 1281/53/53 1297/53/472 1307/53/484
f 1264/53/486 1250/53/442 1249/53/441
f 1250/53/442 1264/53/486 1262/53/457
f 1330/53/506 1329/53/88 1328/53/87
f 1329/53/88 1330/53/506 1331/53/507
f 1309/53/488 1317/53/496 1308/53/487
f 1317/53/496 1309/53/488 1322/53/502
f 1327/53/505 1279/53/51 1332/53/82
f 1279/53/51 1327/53/505 1281/53/53
f 1252/53/444 1276/53/464 1289/53/463
f 1276/53/464 1252/53/444 1278/53/493
f 1324/62/503 1254/58/446 1253/58/445
f 1254/58/446 1324/62/503 1320/62/500
f 1334/190/142 1325/65/504 1333/64/140
f 1325/65/504 1334/190/142 1335/59/508
f 1254/58/446 1275/184/499 1277/183/494
f 1275/184/499 1254/58/446 1320/62/500
f 1315/65/495 1305/59/480 1321/59/501
f 1305/59/480 1315/65/495 1306/65/482
f 1250/53/442 1298/53/475 1248/53/440
f 1298/53/475 1250/53/442 1286/53/456
f 1251/53/443 1289/53/463 1302/53/479
f 1289/53/463 1251/53/443 1252/53/444
f 1337/61/138 1253/58/445 1336/60/147
f 1253/58/445 1337/61/138 1324/62/503
f 1308/53/487 1300/53/477 1299/53/476
f 1300/53/477 1308/53/487 1317/53/496
f 1331/53/507 1332/53/82 1329/53/88
f 1332/53/82 1331/53/507 1327/53/505
f 1338/190/96 1313/57/58 1312/189/492
f 1313/57/58 1338/190/96 1321/59/501
f 1300/53/477 1339/53/93 1298/53/475
f 1339/53/93 1300/53/477 1316/53/95
f 1340/189/143 1335/59/508 1334/190/142
f 1335/59/508 1340/189/143 1341/57/509
f 1333/64/140 1324/62/503 1337/61/138
f 1324/62/503 1333/64/140 1325/65/504
f 1296/53/471 1327/53/505 1331/53/507
f 1327/53/505 1296/53/471 1297/53/472
f 1336/60/147 1251/53/443 1326/53/146
f 1251/53/443 1336/60/147 1253/58/445
f 1302/53/479 1285/53/454 1301/53/478
f 1285/53/454 1302/53/479 1289/53/463
f 1310/54/55 1341/57/509 1340/189/143
f 1341/57/509 1310/54/55 1311/55/56
f 1335/59/508 1287/65/459 1325/65/504
f 1287/65/459 1335/59/508 1288/59/461
f 1294/58/469 1323/53/100 1322/53/502
f 1323/53/100 1294/58/469 1292/60/84
f 1248/53/440 1339/53/93 1342/53/134
f 1339/53/93 1248/53/440 1298/53/475
f 1328/53/87 1301/53/478 1330/53/506
f 1301/53/478 1328/53/87 1303/53/80
f 1284/53/452 1331/53/507 1330/53/506
f 1331/53/507 1284/53/452 1296/53/471
f 1313/57/58 1282/55/448 1311/55/56
f 1282/55/448 1313/57/58 1283/57/450
f 1307/53/484 1247/53/54 1281/53/53
f 1247/53/54 1307/53/484 1249/53/441
f 1292/60/16 1318/53/16 1323/53/16
f 1318/53/16 1292/60/16 1293/61/16
f 1318/53/16 1293/61/16 1316/53/16
f 1316/53/16 1293/61/16 1314/64/16
f 1316/53/16 1314/64/16 1339/53/16
f 1339/53/16 1314/64/16 1343/53/16
f 1343/53/16 1314/64/16 1344/191/16
f 1345/53/16 1339/53/16 1343/53/16
f 1344/191/16 1314/64/16 1338/190/16
f 1344/191/16 1338/190/16 1346/192/16
f 1346/192/16 1338/190/16 1347/193/16
f 1339/53/16 1345/53/16 1342/53/16
f 1342/53/16 1345/53/16 1348/53/16
f 1342/53/16 1348/53/16 1349/53/16
f 1347/193/16 1338/190/16 1312/189/16
f 1347/193/16 1312/189/16 1350/194/16
f 1350/194/16 1312/189/16 1351/195/16
f 1351/195/16 1312/189/16 1310/54/16
f 1351/195/16 1310/54/16 1352/196/16
f 1342/53/16 1349/53/16 1280/53/16
f 1280/53/16 1349/53/16 1353/53/16
f 1280/53/16 1353/53/16 1354/53/16
f 1352/196/16 1310/54/16 1340/189/16
f 1352/196/16 1340/189/16 1355/195/16
f 1355/195/16 1340/189/16 1356/194/16
f 1280/53/16 1354/53/16 1279/53/16
f 1279/53/16 1354/53/16 1357/53/16
f 1279/53/16 1357/53/16 1358/53/16
f 1279/53/16 1358/53/16 1332/53/16
f 1332/53/16 1358/53/16 1359/53/16
f 1356/194/16 1340/189/16 1334/190/16
f 1356/194/16 1334/190/16 1360/193/16
f 1360/193/16 1334/190/16 1361/192/16
f 1332/53/16 1359/53/16 1329/53/16
f 1329/53/16 1359/53/16 1362/53/16
f 1329/53/16 1362/53/16 1363/53/16
f 1361/192/16 1334/190/16 1333/64/16
f 1329/53/16 1363/53/16 1328/53/16
f 1361/192/16 1333/64/16 1364/191/16
f 1328/53/16 1363/53/16 1365/53/16
f 1364/191/16 1333/64/16 1366/53/16
f 1328/53/16 1365/53/16 1366/53/16
f 1328/53/16 1366/53/16 1333/64/16
f 1328/53/16 1333/64/16 1337/61/16
f 1328/53/16 1337/61/16 1303/53/16
f 1303/53/16 1337/61/16 1336/60/16
f 1303/53/16 1336/60/16 1304/53/16
f 1304/53/16 1336/60/16 1326/53/16
f 1247/53/54 1342/53/134 1280/53/447
f 1342/53/134 1247/53/54 1248/53/440
f 1341/57/509 1288/59/461 1335/59/508
f 1288/59/461 1341/57/509 1319/57/497
f 1272/53/453 1296/53/471 1284/53/452
f 1296/53/471 1272/53/453 1270/53/473
f 1306/65/482 1295/62/470 1291/62/468
f 1295/62/470 1306/65/482 1315/65/495
f 1314/64/145 1321/59/501 1338/190/96
f 1321/59/501 1314/64/145 1315/65/495
f 1311/55/56 1319/57/497 1341/57/509
f 1319/57/497 1311/55/56 1282/55/448
f 1301/53/478 1284/53/452 1330/53/506
f 1284/53/452 1301/53/478 1285/53/454
f 1290/58/466 1322/53/502 1309/53/488
f 1322/53/502 1290/58/466 1294/58/469
f 1291/62/468 1294/58/469 1290/58/466
f 1294/58/469 1291/62/468 1295/62/470
g wheel-front-right
v -0.66198 0.22012 0.32719
v -0.66198 0.24384 0.31737
v -0.57222 0.23241 0.34847
v -0.57222 0.2502 0.34111
v -0.57222 0.33313 0.37546
v -0.57222 0.32142 0.36019
v -0.66198 0.35442 0.36317
v -0.66198 0.3388 0.34281
v -0.57222 0.26928 0.3386
v -0.57222 0.28836 0.34111
v -0.57222 0.30615 0.34847
v -0.57222 0.21714 0.36019
v -0.57222 0.20543 0.37546
v -0.57222 0.19806 0.39325
v -0.57222 0.3405 0.39325
v -0.57222 0.19555 0.41233
v -0.57222 0.34301 0.41233
v -0.57222 0.19806 0.43141
v -0.57222 0.3405 0.43141
v -0.57222 0.20543 0.4492
v -0.57222 0.33313 0.4492
v -0.57222 0.21714 0.46447
v -0.57222 0.32142 0.46447
v -0.57222 0.23241 0.47618
v -0.57222 0.30615 0.47618
v -0.57222 0.2502 0.48355
v -0.57222 0.28836 0.48355
v -0.57222 0.26928 0.48606
v -0.66198 0.26928 0.31402
v -0.66198 0.19976 0.34281
v -0.66198 0.22012 0.49747
v -0.66198 0.24384 0.50729
v -0.66198 0.29472 0.31737
v -0.66198 0.26928 0.51064
v -0.66198 0.31844 0.32719
v -0.66198 0.17432 0.43777
v -0.66198 0.18414 0.46148
v -0.66198 0.19976 0.48184
v -0.66198 0.18414 0.36317
v -0.66198 0.17432 0.38688
v -0.66198 0.17097 0.41233
v -0.66198 0.36424 0.38688
v -0.66198 0.35442 0.46148
v -0.66198 0.3388 0.48184
v -0.66198 0.36759 0.41233
v -0.66198 0.29472 0.50729
v -0.66198 0.31844 0.49747
v -0.66198 0.36424 0.43777
v -0.66198 0.26928 0.56033
v -0.66198 0.23098 0.55528
v -0.66198 0.30758 0.55528
v -0.66198 0.34328 0.5405
v -0.66198 0.19528 0.5405
v -0.66198 0.37393 0.51698
v -0.66198 0.16463 0.51698
v -0.66198 0.26928 0.51064
v -0.66198 0.29472 0.50729
v -0.66198 0.24384 0.50729
v -0.66198 0.39745 0.48633
v -0.66198 0.31844 0.49747
v -0.66198 0.3388 0.48184
v -0.66198 0.14111 0.48633
v -0.66198 0.22012 0.49747
v -0.66198 0.19976 0.48184
v -0.66198 0.41223 0.45063
v -0.66198 0.35442 0.46148
v -0.66198 0.36424 0.43777
v -0.66198 0.41728 0.41233
v -0.66198 0.36759 0.41233
v -0.66198 0.12633 0.45063
v -0.66198 0.18414 0.46148
v -0.66198 0.17432 0.43777
v -0.66198 0.41223 0.37402
v -0.66198 0.36424 0.38688
v -0.66198 0.35442 0.36317
v -0.66198 0.12128 0.41233
v -0.66198 0.17097 0.41233
v -0.66198 0.17432 0.38688
v -0.66198 0.12633 0.37402
v -0.66198 0.18414 0.36317
v -0.66198 0.39745 0.33833
v -0.66198 0.3388 0.34281
v -0.66198 0.31844 0.32719
v -0.66198 0.14111 0.33833
v -0.66198 0.19976 0.34281
v -0.66198 0.22012 0.32719
v -0.66198 0.37393 0.30768
v -0.66198 0.16463 0.30768
v -0.66198 0.29472 0.31737
v -0.66198 0.24384 0.31737
v -0.66198 0.26928 0.31402
v -0.66198 0.34328 0.28416
v -0.66198 0.19528 0.28416
v -0.66198 0.30758 0.26938
v -0.66198 0.23098 0.26938
v -0.66198 0.26928 0.26433
v -0.57222 0.33897 0.15222
v -0.51464 0.33897 0.15222
v -0.57222 0.40392 0.17913
v -0.51464 0.40392 0.17913
v -0.57222 0.50248 0.27769
v -0.57222 0.52938 0.34263
v -0.66198 0.4675 0.29789
v -0.66198 0.49037 0.35309
v -0.51464 0.52938 0.48202
v -0.51464 0.50248 0.54697
v -0.57222 0.52938 0.48202
v -0.57222 0.50248 0.54697
v -0.51464 0.45969 0.22192
v -0.51464 0.50248 0.27769
v -0.57222 0.45969 0.22192
v -0.51464 0.07887 0.60274
v -0.57222 0.07887 0.60274
v -0.51464 0.13464 0.64553
v -0.57222 0.13464 0.64553
v -0.66198 0.32852 0.63342
v -0.66198 0.38372 0.61055
v -0.57222 0.33897 0.67243
v -0.57222 0.40392 0.64553
v -0.66198 0.26928 0.18344
v -0.57222 0.26928 0.14305
v -0.66198 0.32852 0.19124
v -0.66198 0.43113 0.57418
v -0.57222 0.45969 0.60274
v -0.57222 0.53856 0.41233
v -0.66198 0.49817 0.41233
v -0.66198 0.49037 0.47157
v -0.51464 0.45969 0.60274
v -0.51464 0.26928 0.14305
v -0.57222 0.036077 0.27769
v -0.66198 0.071057 0.29789
v -0.57222 0.0091755 0.34263
v -0.66198 0.048191 0.35309
v -0.51464 0.19959 0.67243
v -0.57222 0.19959 0.67243
v -0.51464 0.26928 0.68161
v -0.57222 0.26928 0.68161
v -0.51464 0.0091755 0.48202
v -0.57222 0.0091755 0.48202
v -0.51464 0.036077 0.54697
v -0.57222 0.036077 0.54697
v -0.51464 0.0091755 0.34263
v -0.51464 0 0.41233
v -0.57222 0 0.41233
v -0.66198 0.38372 0.21411
v -0.57222 0.19959 0.15222
v -0.66198 0.21004 0.19124
v -0.66198 0.10743 0.57418
v -0.66198 0.15484 0.61055
v -0.51464 0.52938 0.34263
v -0.51464 0.53856 0.41233
v -0.57222 0.07887 0.22192
v -0.66198 0.10743 0.25048
v -0.57222 0.13464 0.17913
v -0.66198 0.15484 0.21411
v -0.66198 0.4675 0.52677
v -0.66198 0.071057 0.52677
v -0.51464 0.33897 0.67243
v -0.51464 0.40392 0.64553
v -0.66198 0.21004 0.63342
v -0.66198 0.26928 0.64122
v -0.51464 0.07887 0.22192
v -0.51464 0.13464 0.17913
v -0.51464 0.19959 0.15222
v -0.66198 0.040392 0.41233
v -0.66198 0.048191 0.47157
v -0.66198 0.43113 0.25048
v -0.66198 0.26928 0.26433
v -0.66198 0.23098 0.26938
v -0.66198 0.30758 0.26938
v -0.66198 0.19528 0.28416
v -0.66198 0.16463 0.30768
v -0.66198 0.34328 0.28416
v -0.66198 0.37393 0.30768
v -0.66198 0.14111 0.33833
v -0.66198 0.12633 0.37402
v -0.66198 0.12128 0.41233
v -0.66198 0.39745 0.33833
v -0.66198 0.41223 0.37402
v -0.66198 0.12633 0.45063
v -0.66198 0.14111 0.48633
v -0.66198 0.41728 0.41233
v -0.66198 0.41223 0.45063
v -0.66198 0.39745 0.48633
v -0.66198 0.16463 0.51698
v -0.66198 0.19528 0.5405
v -0.66198 0.37393 0.51698
v -0.66198 0.34328 0.5405
v -0.66198 0.23098 0.55528
v -0.66198 0.30758 0.55528
v -0.66198 0.26928 0.56033
v -0.51464 0.036077 0.27769
v -0.41464 0.072223 0.5261
v -0.41464 0.10838 0.57323
v -0.41464 0.26928 0.18479
v -0.41464 0.21039 0.19254
v -0.41464 0.32817 0.19254
v -0.41464 0.38305 0.21527
v -0.41464 0.15551 0.21527
v -0.41464 0.43018 0.25143
v -0.41464 0.10838 0.25143
v -0.41464 0.46634 0.29856
v -0.41464 0.072223 0.29856
v -0.41464 0.48907 0.35344
v -0.41464 0.049492 0.35344
v -0.41464 0.49682 0.41233
v -0.41464 0.041738 0.41233
v -0.41464 0.48907 0.47122
v -0.41464 0.049492 0.47122
v -0.41464 0.46634 0.5261
v -0.41464 0.43018 0.57323
v -0.41464 0.38305 0.60939
v -0.41464 0.15551 0.60939
v -0.41464 0.32817 0.63212
v -0.41464 0.21039 0.63212
v -0.41464 0.26928 0.63987
vn -0.26409 0.48225 0.83528
vn -0.26409 0.24963 0.93163
vn -0.26409 -0.83528 0.48225
vn -0.26409 -0.682 0.682
vn -0.26409 0 0.9645
vn -0.26409 0.682 0.682
vn -0.26409 0.48225 -0.83528
vn -0.26409 0.24963 -0.93163
vn -0.26409 -0.24963 0.93163
vn -0.26409 0 -0.9645
vn -0.26409 -0.48225 0.83528
vn -0.26409 0.93163 -0.24963
vn -0.26409 0.83528 -0.48225
vn -0.26409 0.682 -0.682
vn -0.26409 0.83528 0.48225
vn -0.26409 0.93163 0.24963
vn -0.26409 0.9645 0
vn -0.26409 -0.93163 0.24963
vn -0.26409 -0.83528 -0.48225
vn -0.26409 -0.682 -0.682
vn -0.26409 -0.9645 0
vn -0.26409 -0.24963 -0.93163
vn -0.26409 -0.48225 -0.83528
vn -0.26409 -0.93163 -0.24963
vn -1 0 -7.2165e-16
vn -0.20636 0.25325 -0.94513
vn 0.19334 0.25394 -0.9477
vn -0.20636 0.48924 -0.84738
vn 0.19334 0.49057 -0.84968
vn -0.20636 0.84738 -0.48924
vn -0.41036 0.88085 -0.23602
vn 0.19334 0.9477 0.25394
vn 0.19334 0.84968 0.49057
vn -0.20636 0.94513 0.25325
vn -0.20636 0.84738 0.48924
vn 0.19334 0.69376 -0.69376
vn 0.19334 0.84968 -0.49057
vn -0.20636 0.69189 -0.69189
vn 0.19334 -0.69376 0.69376
vn -0.20636 -0.69189 0.69189
vn 0.19334 -0.49057 0.84968
vn -0.20636 -0.48924 0.84738
vn -0.20636 0.25325 0.94513
vn -0.20636 0.48924 0.84738
vn -0.20636 0 -0.97848
vn -0.20636 0.69189 0.69189
vn 0.19334 0.69376 0.69376
vn 0.19334 0 -0.98113
vn -0.20636 -0.84738 -0.48924
vn -0.41036 -0.88085 -0.23602
vn 0.19334 -0.25394 0.9477
vn -0.20636 -0.25325 0.94513
vn 0.19334 0 0.98113
vn -0.20636 0 0.97848
vn 0.19334 -0.9477 0.25394
vn -0.20636 -0.94513 0.25325
vn 0.19334 -0.84968 0.49057
vn -0.20636 -0.84738 0.48924
vn 0.19334 -0.9477 -0.25394
vn 0.19334 -0.98113 0
vn -0.20636 -0.25325 -0.94513
vn 0.19334 0.9477 -0.25394
vn 0.19334 0.98113 0
vn -0.20636 -0.69189 -0.69189
vn -0.20636 -0.48924 -0.84738
vn 0.19334 0.25394 0.9477
vn 0.19334 0.49057 0.84968
vn 0.19334 -0.69376 -0.69376
vn 0.19334 -0.49057 -0.84968
vn 0.19334 -0.25394 -0.9477
vn 0.19334 -0.84968 -0.49057
vn 0.38518 -0.7992 0.46142
vn 0.38518 -0.65255 0.65255
vn 0.38518 0 -0.92284
vn 0.38518 0.23885 -0.8914
vn 0.38518 -0.65255 -0.65255
vn 0.38518 -0.46142 -0.7992
vn 0.38518 0.65255 -0.65255
vn 0.38518 0.7992 -0.46142
vn 0.38518 -0.23885 0.8914
vn 0.38518 0 0.92284
vn 0.38518 0.8914 -0.23885
vn 0.38518 0.92284 0
vn 0.38518 0.23885 0.8914
vn 0.38518 -0.92284 0
vn 0.38518 -0.8914 0.23885
vn 0.38518 0.46142 -0.7992
vn 0.38518 -0.7992 -0.46142
vn 0.38518 -0.8914 -0.23885
vn 0.38518 -0.46142 0.7992
vn 0.38518 0.46142 0.7992
vn 0.38518 0.65255 0.65255
vn 0.38518 -0.23885 -0.8914
vn 0.38518 0.8914 0.23885
vn 0.38518 0.7992 0.46142
usemtl colormap
f 1369/14/510 1368/14/511 1367/14/510
f 1368/14/511 1369/14/510 1370/14/511
f 1373/167/512 1372/165/513 1371/168/512
f 1372/165/513 1373/167/512 1374/166/513
f 1370/14/144 1376/161/144 1375/14/144
f 1376/161/144 1370/14/144 1369/14/144
f 1376/161/144 1369/14/144 1377/163/144
f 1377/163/144 1369/14/144 1378/14/144
f 1377/163/144 1378/14/144 1372/165/144
f 1372/165/144 1378/14/144 1379/14/144
f 1372/165/144 1379/14/144 1371/168/144
f 1371/168/144 1379/14/144 1380/14/144
f 1371/168/144 1380/14/144 1381/158/144
f 1381/158/144 1380/14/144 1382/14/144
f 1381/158/144 1382/14/144 1383/160/144
f 1383/160/144 1382/14/144 1384/14/144
f 1383/160/144 1384/14/144 1385/158/144
f 1385/158/144 1384/14/144 1386/14/144
f 1385/158/144 1386/14/144 1387/168/144
f 1387/168/144 1386/14/144 1388/14/144
f 1387/168/144 1388/14/144 1389/165/144
f 1389/165/144 1388/14/144 1390/14/144
f 1389/165/144 1390/14/144 1391/163/144
f 1391/163/144 1390/14/144 1392/14/144
f 1391/163/144 1392/14/144 1393/161/144
f 1393/161/144 1392/14/144 1394/14/144
f 1370/14/511 1395/14/514 1368/14/511
f 1395/14/514 1370/14/511 1375/14/514
f 1378/14/515 1367/14/510 1396/14/515
f 1367/14/510 1378/14/515 1369/14/510
f 1398/14/517 1390/14/516 1397/14/516
f 1390/14/516 1398/14/517 1392/14/517
f 1376/161/518 1395/14/514 1375/14/514
f 1395/14/514 1376/161/518 1399/162/518
f 1400/14/519 1392/14/517 1398/14/517
f 1392/14/517 1400/14/519 1394/14/519
f 1377/163/520 1399/162/518 1376/161/518
f 1399/162/518 1377/163/520 1401/164/520
f 1402/14/521 1386/14/522 1384/14/521
f 1386/14/522 1402/14/521 1403/14/522
f 1403/14/522 1388/14/523 1386/14/522
f 1388/14/523 1403/14/522 1404/14/523
f 1405/14/524 1380/14/525 1379/14/524
f 1380/14/525 1405/14/524 1406/14/525
f 1397/14/516 1388/14/523 1404/14/523
f 1388/14/523 1397/14/516 1390/14/516
f 1407/14/526 1384/14/521 1382/14/526
f 1384/14/521 1407/14/526 1402/14/521
f 1381/158/527 1373/167/512 1371/168/512
f 1373/167/512 1381/158/527 1408/157/527
f 1406/14/525 1382/14/526 1380/14/525
f 1382/14/526 1406/14/525 1407/14/526
f 1389/165/529 1409/167/528 1387/168/528
f 1409/167/528 1389/165/529 1410/166/529
f 1411/159/530 1381/158/527 1383/160/530
f 1381/158/527 1411/159/530 1408/157/527
f 1412/162/531 1391/163/532 1393/161/531
f 1391/163/532 1412/162/531 1413/164/532
f 1409/167/528 1385/158/533 1387/168/528
f 1385/158/533 1409/167/528 1414/157/533
f 1413/164/532 1389/165/529 1391/163/532
f 1389/165/529 1413/164/532 1410/166/529
f 1396/14/515 1379/14/524 1378/14/515
f 1379/14/524 1396/14/515 1405/14/524
f 1372/165/513 1401/164/520 1377/163/520
f 1401/164/520 1372/165/513 1374/166/513
f 1400/14/519 1393/161/531 1394/14/519
f 1393/161/531 1400/14/519 1412/162/531
f 1414/157/533 1383/160/530 1385/158/533
f 1383/160/530 1414/157/533 1411/159/530
f 1417/34/534 1416/35/534 1415/33/534
f 1416/35/534 1417/34/534 1418/37/534
f 1416/35/534 1418/37/534 1419/36/534
f 1419/36/534 1418/37/534 1420/39/534
f 1419/36/534 1420/39/534 1421/38/534
f 1421/38/534 1420/39/534 1422/33/534
f 1420/39/534 1423/169/534 1422/33/534
f 1421/38/534 1422/33/534 1424/170/534
f 1423/169/534 1420/39/534 1425/171/534
f 1423/169/534 1425/171/534 1426/172/534
f 1426/172/534 1425/171/534 1427/173/534
f 1421/38/534 1424/170/534 1428/46/534
f 1428/46/534 1424/170/534 1429/174/534
f 1428/46/534 1429/174/534 1430/175/534
f 1427/173/534 1425/171/534 1431/176/534
f 1427/173/534 1431/176/534 1432/177/534
f 1432/177/534 1431/176/534 1433/178/534
f 1433/178/534 1431/176/534 1434/50/534
f 1433/178/534 1434/50/534 1435/179/534
f 1428/46/534 1430/175/534 1436/51/534
f 1436/51/534 1430/175/534 1437/180/534
f 1436/51/534 1437/180/534 1438/181/534
f 1435/179/534 1434/50/534 1439/176/534
f 1435/179/534 1439/176/534 1440/178/534
f 1440/178/534 1439/176/534 1441/177/534
f 1436/51/534 1438/181/534 1442/14/534
f 1442/14/534 1438/181/534 1443/182/534
f 1442/14/534 1443/182/534 1444/181/534
f 1442/14/534 1444/181/534 1445/51/534
f 1445/51/534 1444/181/534 1446/180/534
f 1441/177/534 1439/176/534 1447/171/534
f 1441/177/534 1447/171/534 1448/173/534
f 1448/173/534 1447/171/534 1449/172/534
f 1445/51/534 1446/180/534 1450/46/534
f 1450/46/534 1446/180/534 1451/175/534
f 1450/46/534 1451/175/534 1452/174/534
f 1449/172/534 1447/171/534 1453/39/534
f 1450/46/534 1452/174/534 1454/38/534
f 1449/172/534 1453/39/534 1455/169/534
f 1454/38/534 1452/174/534 1456/170/534
f 1455/169/534 1453/39/534 1457/33/534
f 1454/38/534 1456/170/534 1457/33/534
f 1454/38/534 1457/33/534 1453/39/534
f 1454/38/534 1453/39/534 1458/37/534
f 1454/38/534 1458/37/534 1459/36/534
f 1459/36/534 1458/37/534 1460/34/534
f 1459/36/534 1460/34/534 1461/35/534
f 1461/35/534 1460/34/534 1462/33/534
f 1465/62/537 1464/58/536 1463/58/535
f 1464/58/536 1465/62/537 1466/62/538
f 1469/190/301 1468/57/300 1467/59/539
f 1468/57/300 1469/190/301 1470/189/540
f 1473/57/543 1472/59/542 1471/57/541
f 1472/59/542 1473/57/543 1474/59/544
f 1477/65/547 1476/59/546 1475/65/545
f 1476/59/546 1477/65/547 1467/59/539
f 1480/53/550 1479/53/549 1478/53/548
f 1479/53/549 1480/53/550 1481/53/551
f 1484/58/552 1483/61/339 1482/60/338
f 1483/61/339 1484/58/552 1485/62/553
f 1488/60/297 1487/53/554 1486/53/295
f 1487/53/554 1488/60/297 1463/58/535
f 1485/62/553 1489/64/367 1483/61/339
f 1489/64/367 1485/62/553 1490/65/555
f 1492/54/347 1473/57/543 1491/55/346
f 1473/57/543 1492/54/347 1493/189/376
f 1474/59/544 1494/65/556 1472/59/542
f 1494/65/556 1474/59/544 1490/65/555
f 1463/58/535 1495/53/557 1487/53/554
f 1495/53/557 1463/58/535 1464/58/536
f 1498/53/326 1497/53/366 1496/53/558
f 1497/53/366 1498/53/326 1499/53/559
f 1502/53/562 1501/53/561 1500/53/560
f 1501/53/561 1502/53/562 1503/53/563
f 1506/53/566 1505/53/565 1504/53/564
f 1505/53/565 1506/53/566 1507/53/567
f 1509/53/569 1498/53/326 1508/53/568
f 1498/53/326 1509/53/569 1510/53/328
f 1511/61/344 1463/58/535 1488/60/297
f 1463/58/535 1511/61/344 1465/62/537
f 1513/53/345 1487/53/554 1512/53/570
f 1487/53/554 1513/53/345 1486/53/295
f 1481/53/551 1514/53/320 1479/53/549
f 1514/53/320 1481/53/551 1515/53/322
f 1468/57/300 1517/55/572 1516/57/571
f 1517/55/572 1468/57/300 1491/55/346
f 1496/53/558 1519/53/305 1518/53/573
f 1519/53/305 1496/53/558 1497/53/366
f 1521/53/306 1512/53/570 1520/53/574
f 1512/53/570 1521/53/306 1513/53/345
f 1522/190/371 1490/65/555 1474/59/544
f 1490/65/555 1522/190/371 1489/64/367
f 1467/59/539 1516/57/571 1476/59/546
f 1516/57/571 1467/59/539 1468/57/300
f 1500/53/560 1481/53/551 1480/53/550
f 1481/53/551 1500/53/560 1501/53/561
f 1479/53/549 1523/53/352 1507/53/567
f 1523/53/352 1479/53/549 1514/53/320
f 1525/62/576 1484/58/552 1524/58/575
f 1484/58/552 1525/62/576 1485/62/553
f 1503/53/563 1526/53/331 1501/53/561
f 1526/53/331 1503/53/563 1527/53/348
f 1520/53/574 1528/53/577 1518/53/573
f 1528/53/577 1520/53/574 1529/53/578
f 1487/53/554 1530/53/579 1512/53/570
f 1530/53/579 1487/53/554 1495/53/557
f 1494/65/556 1485/62/553 1525/62/576
f 1485/62/553 1494/65/556 1490/65/555
f 1505/53/565 1531/53/329 1510/53/328
f 1531/53/329 1505/53/565 1532/53/350
f 1501/53/561 1515/53/322 1481/53/551
f 1515/53/322 1501/53/561 1526/53/331
f 1512/53/570 1529/53/578 1520/53/574
f 1529/53/578 1512/53/570 1530/53/579
f 1533/64/333 1467/59/539 1477/65/547
f 1467/59/539 1533/64/333 1469/190/301
f 1507/53/567 1532/53/350 1505/53/565
f 1532/53/350 1507/53/567 1523/53/352
f 1478/53/548 1507/53/567 1506/53/566
f 1507/53/567 1478/53/548 1479/53/549
f 1484/58/552 1527/53/348 1503/53/563
f 1527/53/348 1484/58/552 1482/60/338
f 1513/53/144 1488/60/144 1486/53/144
f 1488/60/144 1513/53/144 1521/53/144
f 1488/60/144 1521/53/144 1511/61/144
f 1511/61/144 1521/53/144 1519/53/144
f 1511/61/144 1519/53/144 1533/64/144
f 1533/64/144 1519/53/144 1534/53/144
f 1534/53/144 1519/53/144 1535/53/144
f 1536/191/144 1533/64/144 1534/53/144
f 1535/53/144 1519/53/144 1497/53/144
f 1535/53/144 1497/53/144 1537/53/144
f 1537/53/144 1497/53/144 1538/53/144
f 1533/64/144 1536/191/144 1469/190/144
f 1469/190/144 1536/191/144 1539/192/144
f 1469/190/144 1539/192/144 1540/193/144
f 1538/53/144 1497/53/144 1499/53/144
f 1538/53/144 1499/53/144 1541/53/144
f 1541/53/144 1499/53/144 1542/53/144
f 1542/53/144 1499/53/144 1531/53/144
f 1542/53/144 1531/53/144 1543/53/144
f 1469/190/144 1540/193/144 1470/189/144
f 1470/189/144 1540/193/144 1544/194/144
f 1470/189/144 1544/194/144 1545/195/144
f 1543/53/144 1531/53/144 1532/53/144
f 1543/53/144 1532/53/144 1546/53/144
f 1546/53/144 1532/53/144 1547/53/144
f 1470/189/144 1545/195/144 1492/54/144
f 1492/54/144 1545/195/144 1548/196/144
f 1492/54/144 1548/196/144 1549/195/144
f 1492/54/144 1549/195/144 1493/189/144
f 1493/189/144 1549/195/144 1550/194/144
f 1547/53/144 1532/53/144 1523/53/144
f 1547/53/144 1523/53/144 1551/53/144
f 1551/53/144 1523/53/144 1552/53/144
f 1493/189/144 1550/194/144 1522/190/144
f 1522/190/144 1550/194/144 1553/193/144
f 1522/190/144 1553/193/144 1554/192/144
f 1552/53/144 1523/53/144 1514/53/144
f 1522/190/144 1554/192/144 1489/64/144
f 1552/53/144 1514/53/144 1555/53/144
f 1489/64/144 1554/192/144 1556/191/144
f 1555/53/144 1514/53/144 1557/53/144
f 1489/64/144 1556/191/144 1557/53/144
f 1489/64/144 1557/53/144 1514/53/144
f 1489/64/144 1514/53/144 1515/53/144
f 1489/64/144 1515/53/144 1483/61/144
f 1483/61/144 1515/53/144 1526/53/144
f 1483/61/144 1526/53/144 1482/60/144
f 1482/60/144 1526/53/144 1527/53/144
f 1491/55/346 1471/57/541 1517/55/572
f 1471/57/541 1491/55/346 1473/57/543
f 1477/65/547 1466/62/538 1465/62/537
f 1466/62/538 1477/65/547 1475/65/545
f 1519/53/305 1520/53/574 1518/53/573
f 1520/53/574 1519/53/305 1521/53/306
f 1558/53/580 1518/53/573 1528/53/577
f 1518/53/573 1558/53/580 1496/53/558
f 1493/189/376 1474/59/544 1473/57/543
f 1474/59/544 1493/189/376 1522/190/371
f 1560/53/582 1506/53/566 1559/53/581
f 1506/53/566 1560/53/582 1478/53/548
f 1504/53/564 1510/53/328 1509/53/569
f 1510/53/328 1504/53/564 1505/53/565
f 1470/189/540 1491/55/346 1468/57/300
f 1491/55/346 1470/189/540 1492/54/347
f 1524/58/575 1503/53/563 1502/53/562
f 1503/53/563 1524/58/575 1484/58/552
f 1533/64/333 1465/62/537 1511/61/344
f 1465/62/537 1533/64/333 1477/65/547
f 1563/183/16 1562/53/16 1561/53/16
f 1562/53/16 1563/183/16 1564/184/16
f 1562/53/16 1564/184/16 1565/53/16
f 1565/53/16 1564/184/16 1566/185/16
f 1565/53/16 1566/185/16 1567/53/16
f 1567/53/16 1566/185/16 1568/186/16
f 1567/53/16 1568/186/16 1569/53/16
f 1569/53/16 1568/186/16 1570/187/16
f 1569/53/16 1570/187/16 1571/53/16
f 1571/53/16 1570/187/16 1572/188/16
f 1571/53/16 1572/188/16 1573/53/16
f 1573/53/16 1572/188/16 1574/187/16
f 1573/53/16 1574/187/16 1575/53/16
f 1575/53/16 1574/187/16 1576/186/16
f 1575/53/16 1576/186/16 1559/53/16
f 1559/53/16 1576/186/16 1577/185/16
f 1559/53/16 1577/185/16 1560/53/16
f 1560/53/16 1577/185/16 1578/184/16
f 1560/53/16 1578/184/16 1579/53/16
f 1579/53/16 1578/184/16 1580/183/16
f 1579/53/16 1580/183/16 1581/53/16
f 1581/53/16 1580/183/16 1582/53/16
f 1464/58/536 1561/53/583 1495/53/557
f 1561/53/583 1464/58/536 1563/183/584
f 1529/53/578 1567/53/585 1528/53/577
f 1567/53/585 1529/53/578 1565/53/586
f 1475/65/545 1568/186/588 1566/185/587
f 1568/186/588 1475/65/545 1476/59/546
f 1581/53/589 1502/53/562 1500/53/560
f 1502/53/562 1581/53/589 1582/53/590
f 1516/57/571 1572/188/592 1570/187/591
f 1572/188/592 1516/57/571 1517/55/572
f 1580/183/593 1502/53/562 1582/53/590
f 1502/53/562 1580/183/593 1524/58/575
f 1508/53/568 1496/53/558 1558/53/580
f 1496/53/558 1508/53/568 1498/53/326
f 1510/53/328 1499/53/559 1498/53/326
f 1499/53/559 1510/53/328 1531/53/329
f 1575/53/595 1509/53/569 1573/53/594
f 1509/53/569 1575/53/595 1504/53/564
f 1466/62/538 1566/185/587 1564/184/596
f 1566/185/587 1466/62/538 1475/65/545
f 1569/53/597 1528/53/577 1567/53/585
f 1528/53/577 1569/53/597 1558/53/580
f 1571/53/598 1558/53/580 1569/53/597
f 1558/53/580 1571/53/598 1508/53/568
f 1560/53/582 1480/53/550 1478/53/548
f 1480/53/550 1560/53/582 1579/53/599
f 1464/58/536 1564/184/596 1563/183/584
f 1564/184/596 1464/58/536 1466/62/538
f 1573/53/594 1508/53/568 1571/53/598
f 1508/53/568 1573/53/594 1509/53/569
f 1577/185/601 1525/62/576 1578/184/600
f 1525/62/576 1577/185/601 1494/65/556
f 1578/184/600 1524/58/575 1580/183/593
f 1524/58/575 1578/184/600 1525/62/576
f 1579/53/599 1500/53/560 1480/53/550
f 1500/53/560 1579/53/599 1581/53/589
f 1530/53/579 1565/53/586 1529/53/578
f 1565/53/586 1530/53/579 1562/53/602
f 1495/53/557 1562/53/602 1530/53/579
f 1562/53/602 1495/53/557 1561/53/583
f 1517/55/572 1574/187/603 1572/188/592
f 1574/187/603 1517/55/572 1471/57/541
f 1559/53/581 1504/53/564 1575/53/595
f 1504/53/564 1559/53/581 1506/53/566
f 1472/59/542 1577/185/601 1576/186/604
f 1577/185/601 1472/59/542 1494/65/556
f 1471/57/541 1576/186/604 1574/187/603
f 1576/186/604 1471/57/541 1472/59/542
f 1476/59/546 1570/187/591 1568/186/588
f 1570/187/591 1476/59/546 1516/57/571
